Disease,Genes,id,did,Summary
2-hydroxyglutaric aciduria,"['SLC25A1', 'L2HGDH']",MESH:C535306,DOID:0050573,An amino acid metabolic disorder that is an autosomal recessive neurometabolic disorder characterized by the significant elevation of urinary levels of hydroxyglutaric acid causing progressive brain damage.
3-M syndrome,"['CCDC8', 'OBSL1', 'CUL7']",MESH:C535314,DOID:0060241,"A syndrome characterized by dwarfism, facial dysmorphia and skeletal abnormalities."
3-Methylcrotonyl-CoA carboxylase 1 deficiency,['MCCC1'],MESH:C535308,DOID:0080579,A 3-Methylcrotonyl-CoA carboxylase deficiency that has_material_basis_in homozygous or compound heterozygous mutation in the gene encoding the alpha subunit of 3-methylcrotonyl-CoA carboxylase on chromosome 3q27.
3-Methylcrotonyl-CoA carboxylase 2 deficiency,['MCCC2'],MESH:C535309,DOID:0080580,A 3-Methylcrotonyl-CoA carboxylase deficiency that has_material_basis_in homozygous or compound heterozygous mutation in the gene encoding the beta subunit of 3-methylcrotonyl-CoA carboxylase on chromosome 5q13.
3-methylglutaconic aciduria type 1,['AUH'],MESH:C562801,DOID:0110002,A 3-methylglutaconic aciduria that has_material_basis_in homozygous or compound heterozygous mutation in the AUH gene on chromosome 9q22.
46 XX gonadal dysgenesis,"['SPIDR', 'ZSWIM7', 'FSHR']",MESH:D023961,DOID:14450,"A gonadal dysgenesis that is characterized by the lack of functional ovaries to induce puberty in an otherwise 46,XX female."
"46,XY sex reversal","['SRY', 'DHH']",MESH:D006061,DOID:14448,"A gonadal dysgenesis that is characterized by a normal 46,XY karyotype along with a progressive loss of germ cells on the developing gonads of an embryo."
"46,XY sex reversal 5",['CBX2'],MESH:C567766,DOID:0111776,"A 46 XY sex reversal characterized by an XY karyotype, phenotypically female genitalia and failure to develop secondary sexual characteristics at puberty including menstruation that has_material_basis_in homozygous or compound heterozygous mutation in the CBX2 gene on chromosome 17q25.3."
ABCD syndrome,['EDNRB'],MESH:C535334,DOID:0050600,"A syndrome that is characterized by albinism, black lock, cell migration disorder of the neurocytes of the gut and sensorineural deafness and has_material_basis_in a mutation in the endothelin B receptor gene (EDNRB)."
ACTH-secreting pituitary adenoma,['USP8'],MESH:D049913,DOID:7004,A functioning pituitary adenoma that characterized by excess cortisol a primary cause of Cushing's syndrome.
Abruzzo-Erickson syndrome,['TBX22'],MESH:C535559,DOID:0111826,"A syndrome characterized by cleft palate, coloboma, hypospadias, deafness, short stature, and radial synostosis that has_material_basis_in hemizygous mutation in the TBX22 gene on chromosome Xq21.1."
Addison's disease,"['HLA-DRB1', 'CIITA', 'PTPN22', 'CLEC16A']",MESH:D000224,DOID:13774,An adrenal cortical hypofunction that is characterized by insufficient steroid hormone production by the adrenal glands.
Alagille syndrome,"['JAG1', 'NOTCH2']",MESH:D016738,DOID:9245,A liver disease that is characterized by an accumulation of bile in the liver resulting from a reducted number of liver small bile ducts.
Aland Island eye disease,['CACNA1F'],MESH:C562664,DOID:0050630,"An eye disease characterized by fundus hypopigmentation, decreased visual acuity, nystagmus, astigmatism, myopia and defective darkness adaptation and has_material_basis_in mutation in the CACNA1F gene."
Albright's hereditary osteodystrophy,[],MESH:C537045,DOID:0080053,"An pseudohypoparathyroidism that has_material_basis_in lack of responsiveness to parathyroid hormone which results in shortening and widening of long bones of the located in hand or located in foot along with short stature, obesity, and rounded face."
Alexander disease,[],MESH:D038261,DOID:4252,A leukodystrophy that is characterized by the destruction of white matter and the formation of Rosenthal fibers consisting of abnormal clumps of protein that accumulate in astrocytes.
Allan-Herndon-Dudley syndrome,['SLC16A2'],MESH:C537047,DOID:0050631,A syndrome that has_material_basis_in mutation at is in the gene encoding the monocarboxylate transporter-8 which alters the structure and function of the SLC16A2 protein which is then unable to transport the thyroid triiodothyronine (T3) hormone into nerve cells of the developing brain affecting normal brain development resulting in intellectual disability and problems with movement.
Alpers-Huttenlocher syndrome,[],MESH:D002549,DOID:0080122,"A mitochondrial DNA depletion syndrome that is characterized by a clinical triad of psychomotor retardation, intractable epilepsy, and liver failure in infants and young children, and has_material_basis_in autosomal recessive inheritance of homozygous or compound heterozygous mutation in the nuclear gene encoding mitochondrial DNA polymerase gamma on chromosome 15q26."
Alport syndrome,"['COL4A5', 'HLA-DRB1', 'COL4A3']",MESH:D009394,DOID:10983,"A syndrome disease that is characterized by glomerulonephritis, endstage kidney disease, and hearing loss."
Alstrom syndrome,['ALMS1'],MESH:D056769,DOID:0050473,"A syndrome that is characterized by multiorgan dysfunction. The key features are childhood obesity, blindness due to congenital retinal dystrophy, and sensorineural hearing loss with autosomal recessive inheritance and has_material_basis_in mutations in the ALMS1 gene."
Alzheimer's disease,"['PCK1', 'KLK6', 'C2', 'GSTM3', 'PARP1', 'BCHE', 'KLC1', 'VEGFA', 'HLA-DRB1', 'SOD2', 'GSS', 'ACHE', 'APOC1', 'TPH1', 'MAOA', 'KCNMA1', 'CTSD', 'GSK3B', 'NECTIN2', 'ESR2', 'GLUL', 'ADAM17', 'AGTR1', 'IL4', 'ICAM1', 'PSEN1', 'ALDH2', 'CYP19A1', 'ABCA1', 'IL6R', 'TFAM', 'TLR4', 'GRN', 'PPARA', 'LDLR', 'NGFR', 'IGF1', 'MBL2', 'CDK5', 'APOA1', 'GSTP1', 'IL2', 'IGFBP3', 'ABAT', 'AGER', 'IL1B', 'PON1', 'CYP46A1', 'GAPDHS', 'A2M', 'MME', 'MT3', 'PLAU', 'PIK3R1', 'HTR6', 'NCF2', 'GRIN2B', 'BDNF', 'PSEN2', 'STAT3', 'EIF2AK2', 'LIPC', 'PON3', 'IL10', 'UCHL1', 'IREB2', 'LRP8', 'PNMT', 'HSPA1B', 'ENO1', 'LRP1', 'NOS3', 'NCSTN', 'GAPDH', 'GCG', 'XRN1', 'APBB2', 'NTRK2', 'WT1', 'FAS', 'NFE2L2', 'GSTT1', 'LPL', 'NTF3', 'S100B', 'GSTO1', 'EIF2S1', 'EPO', 'C3', 'SORL1', 'PPP3R1', 'NOS1', 'CLOCK', 'CDK5R1', 'BACE2', 'MCM2', 'FYN', 'ADRA1A', 'LRPAP1', 'DLST', 'CHAT', 'SERPINE2', 'IL1A', 'ADRB3', 'VLDLR', 'RCAN1', 'BACE1', 'TAP2', 'PPP2R2B', 'HSPA1A', 'ESR1', 'APOA4', 'PPARG', 'CASP7', 'PON2', 'APBB1', 'HMGCR', 'MAOB', 'UQCRC1', 'NEFM', 'NTRK1']",MESH:D000544,DOID:10652,"A tauopathy that is characterized by memory lapses, confusion, emotional instability and progressive loss of mental ability and results in progressive memory loss, impaired thinking, disorientation, and changes in personality and mood starting and leads in advanced cases to a profound decline in cognitive and physical functioning and is marked histologically by the degeneration of brain neurons especially in the cerebral cortex and by the presence of neurofibrillary tangles and plaques containing beta-amyloid."
Andersen-Tawil syndrome,['KCNJ2'],MESH:D050030,DOID:0050434,"A long QT syndrome that has_material_basis_in autosomal dominant inheritance of a mutation in the KCNJ2 gene which disrupts the rhythm of the heart's lower chambers (ventricular arrhythmia) and results_in an unusually small lower jaw (micrognathia), low-set ears, and an abnormal curvature of the fingers called clinodactyly."
Angelman syndrome,['UBE3A'],MESH:D017204,DOID:1932,"A syndrome that is characterized by delayed development, intellectual disability, severe speech impairment, and problems with movement and balance."
Arts syndrome,"['PITX2', 'PRPS1']",MESH:C535388,DOID:0050647,"An X-linked disease that is characterized by profound congenital sensorineural hearing impairment, early-onset hypotonia, delayed motor development, mild to moderate intellectual disability, ataxia, and increased risk of infection and has_material_basis_in mutations of the PRPS1 gene."
Asperger syndrome,"['SLC25A12', 'DISC1']",MESH:D020817,DOID:0050432,"An autism spectrum disorder that is characterized by significant difficulties in social interaction, along with restricted and repetitive patterns of behavior and interests. It differs from other autism spectrum disorders by its relative preservation of linguistic and cognitive development."
Axenfeld-Rieger syndrome,"['PITX2', 'FOXC1']",MESH:C535679,DOID:14686,"An eye disease characterized by abnormalities of the front part of the eye, the anterior segment."
Ayme-Gripp syndrome,['MAF'],MESH:C563390,DOID:0111688,"A syndrome characterized by congenital cataracts, sensorineural hearing loss, intellectual disability, seizures, brachycephaly, a distinctive flat facial appearance, and reduced growth that has_material_basis_in heterozygous mutation in MAF on chromosome 16q23.2."
B-cell lymphoma,"['BRD2', 'BCL6', 'CD40', 'BTK', 'EZH2', 'ABCG2']",MESH:D016393,DOID:707,A non-Hodgkin lymphoma that has_material_basis_in B cells.
BASAN syndrome,['SMARCAD1'],MESH:C537659,DOID:0080725,An ectodermal dysplasia that is characterized by neonatal blisters and milia and congenital absence of dermatoglyphics on the hands and feet.
BH4-deficient hyperphenylalaninemia A,['PTS'],MESH:C535325,DOID:0090106,"A tetrahydrobiopterin (BH4)-deficient hyperphenylalaninemia that is characterized by hyperphenylalaninemia, depletion of the neurotransmitters dopamine and serotonin, and progressive cognitive and motor deficits that has_material_basis_in autosomal recessive inheritance of mutation in the gene encoding 6-pyruvoyl-tetrahydropterin synthase (PTS) on chromosome 11q23.1."
Baller-Gerold syndrome,['RECQL4'],MESH:C536788,DOID:0050654,"A synostosis characterized by coronal craniosynostosis, short stature, and aplasia or hypoplasia of the radial bone."
Bannayan-Riley-Ruvalcaba syndrome,[],MESH:D006223,DOID:0050657,"A Cowden syndrome that is characterized by macrocephaly, multiple noncancerous tumors and hamartomas, and dark freckles on the penis, and has_material_basis_in heterozygous germline mutation in the PTEN gene on chromosome 10q23."
Barber-Say syndrome,[],MESH:C537908,DOID:0060549,"A syndrome characterized by d by the association of excessive hair growth (hypertrichosis), papery thin and fragile (atrophic) skin, outward turned eyelids (ectropion) and a large mouth (macrostomia). It is that has_material_basis_in heterozygous mutation in the TWIST2 gene on chromosome 2q37."
Bardet-Biedl syndrome,"['BBS7', 'TTC8', 'BBS1', 'MKKS', 'BBS10', 'TRIM32', 'TMEM67', 'CCDC28B', 'MKS1', 'BBS2', 'BBS5', 'BBS9', 'NPHP1']",MESH:D020788,DOID:1935,"A syndrome that results from mutations in multiple BBS genes affecting cellular cilia structure or function (ciliopathy) resulting in variable presentation and characterized principally by obesity, retinitis pigmentosa,vision loss, polydactyly, mental retardation, hypogonadism, and renal failure in some cases."
Bardet-Biedl syndrome 1,"['CCDC28B', 'BBS1']",MESH:C537909,DOID:0110123,A Bardet-Biedl syndrome that has_material_basis_in homozygous mutation in the BBS1 gene on chromosome 11q13.
Bardet-Biedl syndrome 10,['BBS10'],MESH:C565919,DOID:0110132,A Bardet-Biedl syndrome that has_material_basis_in homozygous or compound heterozygous mutation in the BBS10 gene on chromosome 12q21.
Bardet-Biedl syndrome 11,['TRIM32'],MESH:C565920,DOID:0110133,A Bardet-Biedl syndrome that has_material_basis_in mutation in the TRIM32 gene on chromosome 9q33.
Bardet-Biedl syndrome 12,['BBS12'],MESH:C565921,DOID:0110134,A Bardet-Biedl syndrome that has_material_basis_in homozygous or compound heterozygous mutation in the BBS12 gene on chromosome 4q27.
Bardet-Biedl syndrome 13,['MKS1'],MESH:C567140,DOID:0110135,A Bardet-Biedl syndrome that has_material_basis_in compound heterozygous mutation in the MKS1 gene on chromosome 17q22.
Bardet-Biedl syndrome 14,"['TMEM67', 'CEP290']",MESH:C567141,DOID:0110136,A Bardet-Biedl syndrome that has_material_basis_in homozygous mutation in the CEP290 gene on chromosome 12q21.
Bardet-Biedl syndrome 2,['BBS2'],MESH:C537910,DOID:0110124,A Bardet-Biedl syndrome that has_material_basis_in homozygous or compound heterozygous mutations in the BBS2 gene on chromosome 16q13.
Bardet-Biedl syndrome 3,[],MESH:C537911,DOID:0110125,A Bardet-Biedl syndrome that has_material_basis_in homozygous mutation in the ARL6 gene on chromosome 3q11.
Bardet-Biedl syndrome 4,['BBS4'],MESH:C537912,DOID:0110126,A Bardet-Biedl syndrome that has_material_basis_in homozygous mutation in the BBS4 gene on chromosome 15q24.
Bardet-Biedl syndrome 6,['MKKS'],MESH:C565738,DOID:0110128,A Bardet-Biedl syndrome that has_material_basis_in homozygous or compound heterozygous mutation in the MKKS gene on chromosome 20p12.
Bardet-Biedl syndrome 7,['BBS7'],MESH:C565916,DOID:0110129,A Bardet-Biedl syndrome that has_material_basis_in homozygous mutation in the BBS7 gene on chromosome 4q27.
Bardet-Biedl syndrome 8,['TTC8'],MESH:C565917,DOID:0110130,A Bardet-Biedl syndrome that has_material_basis_in homozygous mutation in the TTC8 gene on chromosome 14q31.
Bardet-Biedl syndrome 9,['BBS9'],MESH:C565918,DOID:0110131,A Bardet-Biedl syndrome that has_material_basis_in homozygosity or compound heterozygosity for mutations in the PTHB1 gene on chromosome 7p14.
Barrett's esophagus,"['CTHRC1', 'ASCC1', 'ZNF793', 'GPX7', 'MMP1', 'FOXP1', 'VDR', 'GPX3', 'MMP12', 'MSR1']",MESH:D001471,DOID:9206,An esophageal disease characterized by a change of normal esophageal squamous epithelium to a columnar and intestinal-type epithelium.
Barth syndrome,['TAFAZZIN'],MESH:D056889,DOID:0050476,A 3-methylglutaconic aciduria that has_material_basis_in X-linked inheritance of the tafazzin gene and is characterized by decreased production of an enzyme required to produce cardiolipin.
Beckwith-Wiedemann syndrome,['CDKN1C'],MESH:D001506,DOID:5572,"A syndrome characterized by overgrowth (macrosomia), an increased risk of childhood cancer and congenital malformations."
Behcet's disease,"['CCR5', 'ICAM1', 'NAT2', 'NOD2', 'TLR4', 'IL10', 'HLA-B', 'VDR', 'ACE', 'TLR2', 'ITGA2', 'SLC11A1', 'CTLA4', 'TGFB1', 'MBL2', 'HLA-DRB1', 'IL2', 'PTPN22', 'IRF8', 'CCL2', 'NOS3', 'IL18', 'IKBKG', 'DHCR7', 'CYP1A1', 'IL23R', 'VIM', 'FCGR3A', 'STAT4', 'ABCB1', 'PROZ', 'STAT3', 'IL4']",MESH:D001528,DOID:13241,"A vasculitis that is characterized by an autoimmune mediated inflammation of the blood vessels throughout the body leading to ulcerations on the mouth and sometimes the genitals, notorious for causing hypopyon uveitis."
Behr syndrome,['OPA1'],MESH:C537669,DOID:0111580,"A nervous system disease characterized by early-onset optic atrophy, ataxia, pyramidal signs, spasticity, and intellectual disability that has_material_basis_in homozygous or compound heterozygous mutation in the OPA1 gene on chromosome 3q29."
Bernard-Soulier syndrome,"['GP9', 'GP1BB', 'GP1BA']",MESH:D001606,DOID:2217,"A blood coagulation disease characterized by autosomal recessive inheritance of mucosal bleeding, purpuric skin bleeding, epistaxis, and menorrhagia with prolonged bleeding times, enlarged platelets and absence of platelet aggregation in response to von Willebrand factor that has_material_basis_in mutation in the GP1BA gene, the GP1BB gene, or the GP9 gene which are subunits of the platelet membrane von Willebrand factor receptor complex, glycoprotein Ib."
Bethlem myopathy,"['COL6A1', 'COL12A1', 'COL6A3']",MESH:C535436,DOID:0050663,"A congenital muscular dystrophy that is characterized by myopathy and joint contractures that progresses slowly, has_material_basis_in autosomal dominant inheritance of heterozygous mutation in the COL6A1 gene, the COL6A2 gene, or the COL6A3 gene."
Beukes hip dysplasia,[],MESH:C564185,DOID:0111367,An osteoarthritis characterized by bilateral dysmorphism of the proximal femur resulting in severe progressive degenerative osteoarthritis of the hip joint in early adulthood that has_material_basis_in heterozygous mutation in UFSP2 on chromosome 4q35.1.
Birk-Barel syndrome,['KCNK9'],MESH:C567357,DOID:0050675,"A syndrome that is characterized by intellectual disability, hypotonia, hyperactivity and facies, has_material_basis_in heterozygous mutation in the KCNK9 gene on chromosome 8q24."
Birt-Hogg-Dube syndrome,['FLCN'],MESH:D058249,DOID:0050676,"A skin disease that is characterized by hair follicle hamartomas, kidney tumors, and spontaneous pneumothorax, has_material_basis_in heterozygous mutation in the gene encoding folliculin (FLCN) on chromosome 17p11."
Bjornstad syndrome,['BCS1L'],MESH:C537633,DOID:0050677,"A syndrome that is characterized by early onset of hearing loss and hair loss due to pili torti, has_material_basis_in homozygous or compound heterozygous mutation in the BCS1L gene on chromosome 2q35."
Blau syndrome,['NOD2'],MESH:C538157,DOID:0050678,"A syndrome characterized by familial granulomatous arthritis, uveitis and skin granulomas. It has_material_basis_in heterozygous mutations in the NOD2 gene."
Bloom syndrome,['BLM'],MESH:D001816,DOID:2717,"A syndrome characterized by sun sensitivity, short stature, predisposition to the development of cancer and genomic instability."
Boomerang dysplasia,['FLNB'],MESH:C536573,DOID:0050680,"An osteochondrodysplasia that is characterized by severe dwarfism, dislocated joints, club feet, distinctive facies and dysplastic tubular bones with boomerang-like bowing, has_material_basis_in heterozygous mutation in the FLNB gene on chromosome 3p14."
Borjeson-Forssman-Lehmann syndrome,['PHF6'],MESH:C536575,DOID:0050681,"An X-linked disease that is characterized by intellectual disability, truncal obesity, seizures, hypogonadism, developmental delay, distinctive facial features, tapered fingers and short toes and has_material_basis_in X-linked recessive inheritance of mutations in the PHF6 gene."
Bothnia retinal dystrophy,['RLBP1'],MESH:C564392,DOID:0050683,"A fundus dystrophy that is characterized by early onset of night blindness and decreased visual acuity that progresses to blindness in early adulthood, has_material_basis_in mutation in RLBP1 gene."
Boucher-Neuhauser syndrome,['PNPLA6'],MESH:C565850,DOID:0111265,"A syndrome characterized by spinocerebellar ataxia, hypogonadotropic hypogonadism, and chorioretinal dystrophy that has_material_basis_in homozygous or compound heterozygous mutation in PNPLA6 on 19p13.2."
Bowen-Conradi syndrome,['EMG1'],MESH:C537081,DOID:0050684,"A syndrome that is characterized by growth delays, failure to thrive and malformations of the head and face that results in infantile death, has_material_basis_in homozygous mutation in the EMG1 gene on chromosome 12p13."
Brody myopathy,['ATP2A1'],MESH:C536607,DOID:0050692,A neuromuscular disease is characterized by difficulty relaxing muscles and muscle stiffness following exercise or other strenuous activity and is located in skeletal muscles.
Brugada syndrome 2,['GPD1L'],MESH:C567087,DOID:0110219,A Brugada syndrome that has_material_basis_in heterozygous mutation in the GPD1L gene on chromosome 3p22.
Brugada syndrome 3,['CACNA1C'],MESH:C567509,DOID:0110220,A Brugada syndrome that has_material_basis_in heterozygous mutation in the gene encoding the alpha-1C subunit of the L-type voltage-dependent calcium channel (CACNA1C) on chromosome 12p13.
Brugada syndrome 4,[],MESH:C567508,DOID:0110221,A Brugada syndrome that has_material_basis_in heterozygous mutation in the gene encoding the beta-2 subunit of the voltage-dependent L-type calcium channel (CACNB2) on chromosome 10p12.
Brugada syndrome 5,['SCN1B'],MESH:C567556,DOID:0110222,A Brugada syndrome that has_material_basis_in heterozygous mutation in the SCN1B gene on chromosome 19q13.
Brugada syndrome 6,['KCNE3'],MESH:C567735,DOID:0110223,A Brugada syndrome that has_material_basis_in heterozygous mutation in the KCNE3 gene on chromosome 11q13.
Brugada syndrome 7,['SCN3B'],MESH:C567734,DOID:0110224,A Brugada syndrome that has_material_basis_in heterozygous mutation in the SCN3B gene on chromosome 11q24.
Brugada syndrome 8,[],MESH:C567732,DOID:0110225,A Brugada syndrome that has_material_basis_in heterozygous mutation in the HCN4 gene on chromosome 15q24.
Brunner Syndrome,['MAOA'],MESH:C563156,DOID:0060693,"An amino acid metabolic disorder characterized by recessive X-linked inhetiance, impaired monoamine metabolism, impulsive aggressiveness and mild mental retardation that has_material_basis_in mutation in the MAOA gene on chromosome Xp11."
Budd-Chiari syndrome,"['F5', 'MTHFR', 'JAK2']",MESH:D006502,DOID:11512,"A hepatic vascular disease that is characterized by a spectrum of disease states, including anatomic abnormalities and hypercoagulable disorders, resulting in hepatic venous outflow occlusion."
Burkitt lymphoma,"['CALR', 'CD40', 'BTK', 'CD79B']",MESH:D002051,DOID:8584,A mature B-cell neoplasm of B-cells found in the germinal center.
Burn-McKeown syndrome,['TXNL4A'],MESH:C537411,DOID:0080695,"A syndrome that is characterized by bilateral choanal atresia, cranio-facial dysmorphism, \nhearing loss, heart abnormalities, and short stature."
Buruli ulcer disease,['SLC11A1'],MESH:D054312,DOID:0050456,"A primary bacterial infectious disease that results_in infection located_in skin or located_in subcutaneous tissue, has_material_basis_in Mycobacterium ulcerans, which could be transmitted_by insects. The bacterium produces a toxin, named mycolactone, which causes subcutaneous fat necrosis and inhibits an immune response. The infection has_symptom nodule, which is a painless, mobile swelling in the skin."
Buschke-Ollendorff syndrome,['LEMD3'],MESH:C537415,DOID:0111536,A syndrome characterized by multiple subcutaneous nevi or nodules and osteopoikilosis that has_material_basis_in heterozygous mutation in the LEMD3 gene on chromosome 12q14.3.
C syndrome,[],MESH:C537418,DOID:0111581,"A syndrome characterized by trigonocephaly, psychomotor retardation, hypotonia, variable cardiac defects, redundant skin, and dysmorphic facial features that has_material_basis_in heterozygous mutation in the CD96 gene on chromosome 3q13.1-q13.2."
CADASIL,['HTRA1'],MESH:D046589,DOID:13945,A leukodystrophy characterized by recurrent subcortical ischemic stroke and cognitive impairment.
CAKUT,"['HSPA1B', 'BMP4', 'NRIP1']",MESH:C566906,DOID:0080205,A urinary system disease characterized by structural malformations in the kidney and/or urinary tract containing vesicoureteral reflux.
CEDNIK syndrome,['SNAP29'],MESH:C537943,DOID:0060337,"A syndrome that has_material_basis_in homozygous mutation in the SNAP29 gene and characterized by a unique constellation of clinical manifestations including microcephaly, severe neurologic impairment, psychomotor retardation, failure to thrive, facial dysmoprhism, palmoplantar keratoderma and late-onset ichthyosis."
CHARGE syndrome,['CHD7'],MESH:D058747,DOID:0050834,"A syndrome that is characterized by a pattern of congenital anomalies including choanal atresia and malformations of the heart, inner ear, and retina."
CHILD syndrome,['NSDHL'],MESH:C562515,DOID:0111822,"A syndrome characterized by congenital hemidysplasia, ichythyosiform erythrodema, and limb defects that has_material_basis_in heterozygous mutation in the NSDHL gene on chromosome Xq28."
CHIME syndrome,['PIGL'],MESH:C536729,DOID:0112152,"A syndrome characterized by colobomas, congenital heart defects, migratory ichthyosiform dermatosis, intellectual disability, and ear anomalies that has_material_basis_in homozygous or compound heterozygous mutation in the PIGL gene on chromosome 17p11.2."
COACH syndrome,['TMEM67'],MESH:C536430,DOID:0111589,"A syndrome characterized by autosomal recessive inheritance of cerebellar vermis hypo/aplasia, oligophrenia, ataxia, ocular coloboma, and hepatic fibrosis that has_material_basis_in homozygous or compound heterozygous mutation in one of 3 genes (TMEM67, CC2D2A, RPGRIP1L)."
CODAS syndrome,['LONP1'],MESH:C536434,DOID:0111274,"A syndrome characterized by developmental delay, and cerebral, ocular, dental, auricular, and skeletal anomalies that has_material_basis_in homozygous or compound heterozygous mutation in LONP1 on 19p13.3."
COVID-19,"['SERPING1', 'F3', 'PLG', 'HLA-B', 'ACE', 'IFNB1', 'TLR7', 'IFNL1', 'C4BPA', 'ABO', 'A2M', 'KIR3DS1', 'ACE2', 'GSTT1', 'HLA-C', 'C4BPB', 'AGTR1', 'IFITM3', 'SERPINF2', 'C3']",MESH:D000086382,DOID:0080600,"A Coronavirus infectious disease that is characterized by fever, cough and shortness of breath and that has_material_basis_in SARS-CoV-2."
CREST syndrome,"['CENPC', 'FBN1']",MESH:D017675,DOID:0060218,"A syndrome characterized by calcinosis, Raynaud's phenomeno, esophageal dysmotility, sclerodactyly and telangiectasia."
Caffey disease,['COL1A1'],MESH:D006958,DOID:4257,"A bone inflammation disease that causes bone changes, soft tissue swelling and irritability in infants. The disease has been associated with COL1A1 gene. It has symptom soft-tissue swelling, has symptom bone lesions, and has symptom irritability."
Camurati-Engelmann disease,['TGFB1'],MESH:D003966,DOID:4997,An osteosclerosis that has_material_basis_in mutations in the TGFB1 gene which results_in increased bone density located_in long bone.
Canavan disease,['ASPA'],MESH:D017825,DOID:3613,"A leukodystrophy characterized by onset in early infancy, atonia of neck muscles, hypotonia, hyperextension of legs and flexion of arms, blindness, severe mental defect, megalocephaly, and death by 18 months on the average that has_material_basis_in homozygous or compound heterozygous mutation in ASPA gene encoding aspartoacylase on chromosome 17p13."
Carney complex,['PRKAR1A'],MESH:D056733,DOID:0050471,"A syndrome characterized by myxomas, spotty pigmentation of the skin and endocrine overactivity."
Carney-Stratakis syndrome,"['SDHB', 'SDHD', 'SDHC']",MESH:C564650,DOID:0080533,A syndrome that is characterized by the presence of multicentric paragangliomas and multifocal gastrointestinal stromal sarcoma tumors.
Caroli disease,['WDR19'],MESH:D016767,DOID:0050876,A bile duct disease that is characterized by abnormal dilatation of the intrahepatic bile ducts.
Carpenter syndrome,['RAB23'],MESH:C563187,DOID:0060234,"An acrocephalosyndactylia characterized by craniosynostosis, acrocephaly, obesity, syndactyly and polydactyly."
Carvajal syndrome,['DSP'],MESH:C535581,DOID:0090128,"A Naxos disease that is characterized by dilated cardiomyopathy, woolly hair, and keratoderma that has_material_basis_in homozygous mutation in the desmoplakin gene on chromosome 6p24."
Catel Manzke syndrome,['TGDS'],MESH:C535347,DOID:0081122,"A bone disease that is characterized by the Pierre Robin anomaly, which comprises cleft palate, glossoptosis, and micrognathia, and a unique form of bilateral hyperphalangy in which there is an accessory bone inserted between the second metacarpal and its corresponding proximal phalanx, resulting in radial deviation of the index finger and that has_material_basis_in homozygous or compound heterozygous mutation in the TGDS gene on chromosome 13q32."
Cayman type cerebellar ataxia,['ATCAY'],MESH:C563363,DOID:0060694,"An autosomal recessive cerebellar ataxia characterized by marked autosomal recessive inheritance, psychomotor retardation, cerebellar dysfunction including nystagmus, intention tremor, dysarthria, and wide-based ataxic gait, hypotonia and the absence of retinal abnormalities that has_material_basis_in mutation in the ATCAY gene on chromosome 19p13.3."
Chagas disease,"['HLA-DRB1', 'CHRM2', 'SOAT1', 'HSPA4']",MESH:D014355,DOID:12140,"A trypanosomiasis that is a tropical parasitic disease caused by the flagellate protozoan Trypanosoma cruzi, which is transmitted to humans and other mammals by an insect vector, the blood-sucking assassin bugs of the subfamily Triatominae (family Reduviidae), most commonly species belonging to the Triatoma, Rhodnius, and Panstrongylus genera. The symptoms include fever, fatigue, body aches, headache, rash, loss of appetite, diarrhea, vomiting, swelling of the eyelids and myocarditis."
Char syndrome,['TFAP2B'],MESH:C566815,DOID:0060563,A patent ductus arteriosus with facial dysmorphism and abnormal fifth digits.
Charcot-Marie-Tooth disease,"['POLR3B', 'FBLN5', 'NRG1', 'NEFL', 'PMP22', 'ITPR3', 'SLC12A6', 'GDAP1', 'JAG1', 'MFN2', 'CADM3']",MESH:D002607,DOID:10595,"A neuromuscular disease that is characterized by a slowly progressive degeneration of the muscles of the foot, lower leg, hand and forearm."
Charcot-Marie-Tooth disease dominant intermediate A,['GBF1'],MESH:C564702,DOID:0110202,A Charcot-Marie-Tooth disease intermediate type that has_material_basis_in variation in the region 10q24.1-q25.1.
Charcot-Marie-Tooth disease dominant intermediate B,['DNM2'],MESH:C564703,DOID:0110197,A Charcot-Marie-Tooth disease intermediate type that has_material_basis_in mutation in the gene encoding dynamin-2 (DNM2).
Charcot-Marie-Tooth disease dominant intermediate C,['YARS1'],MESH:C564257,DOID:0110199,A Charcot-Marie-Tooth disease intermediate type that has_material_basis_in heterozygous mutation in the YARS gene on chromosome 1p35.
Charcot-Marie-Tooth disease dominant intermediate D,[],MESH:C564333,DOID:0110200,A Charcot-Marie-Tooth disease intermediate type that has_material_basis_in heterozygous mutation in the myelin protein-zero gene (MPZ) on chromosome 1q23.
Charcot-Marie-Tooth disease recessive intermediate A,['GDAP1'],MESH:C564256,DOID:0110201,A Charcot-Marie-Tooth disease intermediate type that has_material_basis_in homozygous mutation in the GDAP1 gene on chromosome 8q21.
Charcot-Marie-Tooth disease type 1C,['LITAF'],MESH:C537984,DOID:0110151,A Charcot-Marie-Tooth disease type 1 that has_material_basis_in heterozygous mutation in the LITAF gene on chromosome 16p13.
Charcot-Marie-Tooth disease type 1D,['EGR2'],MESH:C537985,DOID:0110150,A Charcot-Marie-Tooth disease type 1 that has_material_basis_in mutation in the early growth response gene-2 (EGR2).
Charcot-Marie-Tooth disease type 2B,['RAB7A'],MESH:C537989,DOID:0110159,A Charcot-Marie-Tooth disease type 2 that has_material_basis_in heterozygous mutation in the RAB7 gene on chromosome 3q21.
Charcot-Marie-Tooth disease type 2B1,['LMNA'],MESH:C537990,DOID:0110156,A Charcot-Marie-Tooth disease type 2 that has_material_basis_in homozygous mutation in the lamin A/C gene (LMNA) on chromosome 1q22.
Charcot-Marie-Tooth disease type 2B2,['PNKP'],MESH:C537991,DOID:0110179,A Charcot-Marie-Tooth disease type 2 that has_material_basis_in homozygous mutation in the MED25 gene.
Charcot-Marie-Tooth disease type 2I,[],MESH:C535416,DOID:0110158,A Charcot-Marie-Tooth disease type 2 that has_material_basis_in heterozygous mutation in the myelin protein-zero gene (MPZ) on chromosome 1q23.
Charcot-Marie-Tooth disease type 4A,['GDAP1'],MESH:C535419,DOID:0110185,A Charcot-Marie-Tooth disease type 4 that has_material_basis_in mutation in the gene encoding ganglioside-induced differentiation-associated protein-1 (GDAP1) on chromosome 8q21.
Charcot-Marie-Tooth disease type 4B1,['MTMR2'],MESH:C535420,DOID:0110191,A Charcot-Marie-Tooth disease type 4 that has_material_basis_in mutation in the gene encoding the myotubularin-related protein-2 (MTMR2).
Charcot-Marie-Tooth disease type 4B2,['SBF2'],MESH:C535421,DOID:0110190,A Charcot-Marie-Tooth disease type 4 that has_material_basis_in mutation in the SBF2 gene.
Charlevoix-Saguenay spastic ataxia,['SACS'],MESH:C536787,DOID:0050946,"An autosomal recessive cerebellar ataxia that is characterized by early onset of cerebellar ataxia, pyramidal tract signs and peripheral neuropathy, has_material_basis_in homozygous or compound heterozygous mutation in the gene encoding the sacsin protein on chromosome 13q12."
Chediak-Higashi syndrome,['LYST'],MESH:D002609,DOID:2935,"A syndrome characterized by oculocutaneous albinism, immune deficiency, coagulation deficiency and neuropathy and that has_material_basis_in homozygous or compound heterozygous mutation in the lysosomal trafficking regulator gene (LYST) on chromosome 1q42."
Chilblain lupus,"['TREX1', 'SAMHD1']",MESH:C535924,DOID:0060386,"A cutaneous form of systemic lupus erythermatosus that is characterized by painful nodular skin lesions precipitated by variation in temperatures, has_material_basis_in autosomal dominant inheritance of mutation in the TREX1 gene."
Christianson syndrome,['SLC9A6'],MESH:C537450,DOID:0060825,"A syndromic X-linked intellectual disability characterized by severe developmental delay, intellectual disability, microcephaly, impaired speech, ataxia, hypotonia and early-onset seizures that has_material_basis_in mutation in the SLC9A6 gene on chromosome Xq26."
Churg-Strauss syndrome,['VTN'],MESH:D015267,DOID:3049,"A vasculitits that is systemic vasculitis realized as blood vessel inflammation and has_symptom asthma along with hay fever, rash and gastrointestinal bleeding."
Clark-Baraitser syndrome,['TRIP12'],MESH:C536208,DOID:0080234,An autosomal dominant intellectual developmental disorder that has_material_basis_in heterozygous mutation in the TRIP12 gene on chromosome 2q36.
Clouston syndrome,['GJB6'],MESH:D004476,DOID:14693,"An ectodermal dysplasia that is characterized by abnormalities of the hair, nails, and skin, with the teeth and sweat glands being unaffected and that has_material_basis_in heterozygous mutation in the GJB6 gene, which encodes connexin-30, on chromosome 13q12."
Cockayne syndrome,"['ERCC8', 'ERCC6']",MESH:D003057,DOID:2962,"A syndrome that is characterized by an abnormally small head size (microcephaly), a failure to gain weight and grow at the expected rate (failure to thrive) leading to very short stature, and delayed development."
Coffin-Lowry syndrome,['RPS6KA3'],MESH:D038921,DOID:3783,"A syndrome that is characterized by skeletal malformations, growth retardation, hearing deficit, paroxysmal movement disorders, and cognitive impairment in affected males and some carrier females, and has_material_basis_in mutation in the RSK2 gene on chromosome Xp22."
Coffin-Siris syndrome,['ARID1B'],MESH:C536436,DOID:1925,"An autosomal dominant intellectual developmental disorder that is characterized by mental retardation associated with coarse facial features, hypertrichosis, sparse scalp hair, and hypoplastic or absent fifth fingernails or toenails."
Cohen syndrome,['VPS13B'],MESH:C536438,DOID:0111590,"A syndrome characterized by facial dysmorphism, microcephaly, truncal obesity, impaired intellectual development, progressive retinopathy, and intermittent congenital neutropenia that has_material_basis_in homozygous or compound heterozygous mutation in the VPS13B gene on chromosome 8q22.2."
Cole-Carpenter syndrome,"['P4HB', 'SEC24D']",MESH:C535963,DOID:0060438,"An osteogenesis imperfecta characterized by craniosynostosis, communicating hydrocephalus, ocular proptosis, marked postnatal growth failure, and distinctive facial appearance."
Cor pulmonale,['CX3CL1'],MESH:D011660,DOID:8515,A congestive heart failure that involves a failure of the right side of the heart and is characterized by an enlargement of the right ventricle of the heart as a response to increased resistance or high blood pressure in the lungs.
Cornelia de Lange syndrome,"['NIPBL', 'BRD4']",MESH:D003635,DOID:11725,"A syndrome that is characterized by slow growth before and after birth, intellectual disability that is usually severe to profound, skeletal abnormalities involving the arms and hands, and distinctive facial features."
Costello syndrome,[],MESH:D056685,DOID:0050469,"A RASopathy characterized by craniofacial dysmorphology, cardiac defects, mild mental retardation, and high birth weight followed by a failure to thrive and developmental delays."
Crigler-Najjar syndrome,['UGT1A1'],MESH:D003414,DOID:3803,A bilirubin metabolic disorder that involves a build up of bilirubin as bilirubin is not being broken down as a result of a lack or deficiency of the enzyme uridine diphosphate glycosyltransferase (UGT).
Crimean-Congo hemorrhagic fever,"['IFNA17', 'IFNA1']",MESH:D006479,DOID:12287,"A viral infectious disease that is a hemorrhagic fever, has_material_basis_in Orthonairovirus haemorrhagiae, which is transmitted_by Hyalomma ticks. The infection has_symptom headache, has_symptom high fever, has_symptom back pain, has_symptom joint pain, has_symptom stomach pain, has_symptom vomiting, has_symptom red eyes, has_symptom flushed face, has_symptom red throat, has_symptom petechiae (red spots) on the palate, has_symptom jaundice, has_symptom nosebleeds, and has_symptom blood in the feces and urine."
Crohn's disease,"['IL6', 'ICAM1', 'PRF1', 'NOD2', 'IL10', 'UGT1A1', 'CLDN1', 'SLC11A1', 'MBL2', 'SLC22A5', 'BPI', 'PTPN22', 'MKI67', 'GSTM1', 'CD40', 'LRRK2', 'JAK2', 'OCLN', 'HLA-DPA1', 'FCGR2A', 'IL23R', 'GC', 'FCGR3A', 'GSTT1', 'ABCB1', 'STAT3']",MESH:D003424,DOID:8778,An intestinal disease that involves inflammation located_in intestine.
Crouzon syndrome,['FGFR2'],MESH:D003394,DOID:2339,A craniosynostosis that involves premature fusion of certain skull bones. This early fusion prevents the skull from growing normally and affects the shape of the head and face. The disease is associated with mutations in the FGFR2 gene.
Cryptococcal meningitis,['MBL2'],MESH:D016919,DOID:0080159,A fungal meningitis that has_material_basis_in Crypococcus fungal infection.
Currarino syndrome,['MNX1'],MESH:C536221,DOID:0111546,"A syndrome characterized by anorectal malformations, a presacral mass, and partial sacral agenesis with intact first sacral vertebra that has_material_basis_in heterozygous mutation in HLXB9 on chromosome 7q36.3."
Cytomegalovirus retinitis,['HLA-B'],MESH:D017726,DOID:0080160,A retinitis that has_material_basis_in Cytomegalovirus.
D-glyceric aciduria,[],MESH:C535767,DOID:0111626,An inherited metabolic disorder characterized by impaired serine and fructose metabolism resulting in elevated excretion of D-glyceric acid that has_material_basis_in homozygous or compound heterozygous mutation in the GLYCTK gene on chromosome 3p21.2.
DOORS syndrome,['TBC1D24'],MESH:C538204,DOID:0111627,"A syndrome characterized by sensorineural deafness, onychodystrophy, osteodystrophy, seizures, and intellectual disability that has_material_basis_in homozygous or compound heterozygous mutation in the TBC1D24 gene on chromosome 16p13.3."
Dandy-Walker syndrome,['ZIC1'],MESH:D003616,DOID:2785,A cerebellar disease that is characterized by hypoplasia and upward rotation of the cerebellar vermis and cystic dilation of the fourth ventricle.
Danon disease,['LAMP2'],MESH:D052120,DOID:0050437,"A lysosomal storage disease that is characterized by cardiomyopathy, skeletal myopathy and intellectual disability and has_material_basis_in mutations in the LAMP2 gene."
De Sanctis-Cacchione syndrome,['ERCC6'],MESH:C535992,DOID:0112158,"A xeroderma pigmentosum characterized by xeroderma pigmentosum, short stature, intellectual disabilities, and progressive neurologic degeneration."
Dent disease,"['OCRL', 'CLCN5']",MESH:C538212,DOID:0050699,"A renal tubular transport disease that is characterized by tubular proteinuria, hypercalciuria, calcium nephrolithiasis, nephrocalcinosis and chronic kidney failure and has_material_basis_in X-linked recessive inheritance of mutations in the CLCN5 gene or OCRL1 gene."
Denys-Drash syndrome,['WT1'],MESH:D030321,DOID:3764,"A syndrome that is characterized by the association of diffuse mesangial sclerosis (DMS), male pseudohermaphroditism with a 46,XY karyotype, and nephroblastoma that derives_from an abnormality in the WT1 gene (Wilms' tumor suppressor gene)."
Desbuquois dysplasia,"['XYLT1', 'CANT1']",MESH:C535943,DOID:0060462,"An osteochondrodysplasia characterized by short stature, joint laxity, scoliosis, and advanced carpal ossification with a delta phalanx."
DiGeorge syndrome,"['DVL1', 'ARVCF', 'TBX1', 'UFD1']",MESH:D004062,DOID:11198,A syndrome that has_material_basis_in a large deletion of the chromosome 22q11.2 region which includes the DGS gene needed for development of the thymus and related glands with subsequent lack of T-cell production.
Diamond-Blackfan anemia,"['RPS19', 'HEATR3', 'GH1']",MESH:D029503,DOID:1339,A congenital hypoplastic anemia that is characterized by anemia (low red blood cell counts) with decreased erythroid progenitors in the bone marrow and has_material_basis_insufficient levels of red blood cells due to bone marrow dysfunction.
Diamond-Blackfan anemia 1,['RPS19'],MESH:C567302,DOID:0111895,A Diamond-Blackfan anemia that has_material_basis_in heterozygous mutation in the RPS19 gene on chromosome 19q13.2.
Diamond-Blackfan anemia 10,['RPS26'],MESH:C567649,DOID:0111888,A Diamond-Blackfan anemia that has_material_basis_in heterozygous mutation in the RPS26 gene on chromosome 12q13.2.
Diamond-Blackfan anemia 4,['RPS17'],MESH:C567281,DOID:0111890,A Diamond-Blackfan anemia that has_material_basis_in heterozygous mutation in the RPS17 gene on chromosome 15q25.2.
Diamond-Blackfan anemia 5,['RPL35A'],MESH:C567280,DOID:0111883,A Diamond-Blackfan anemia that has_material_basis_in heterozygous mutation in the RPL35A gene on chromosome 3q29.
Diamond-Blackfan anemia 6,['RPL5'],MESH:C538442,DOID:0111879,A Diamond-Blackfan anemia that has_material_basis_in heterozygous mutation in the RPL5 gene on chromosome 1p22.1.
Diamond-Blackfan anemia 7,['RPL11'],MESH:C567254,DOID:0111878,A Diamond-Blackfan anemia that has_material_basis_in heterozygous mutation in the RPL11 gene on chromosome 1p36.11.
Diamond-Blackfan anemia 8,['RPS7'],MESH:C567253,DOID:0111881,A Diamond-Blackfan anemia that has_material_basis_in heterozygous mutation in the RPS7 gene on chromosome 2p25.3.
Diamond-Blackfan anemia 9,['RPS10'],MESH:C567650,DOID:0111884,A Diamond-Blackfan anemia that has_material_basis_in heterozygous mutation in the RPS10 gene on chromosome 6p21.31.
Diamond-blackfan anemia 3,['RPS24'],MESH:C536355,DOID:0111887,A Diamond-Blackfan anemia that has_material_basis_in heterozygous mutation in the RPS24 gene on chromosome 10q22.3.
Donnai-Barrow syndrome,[],MESH:C536390,DOID:0090144,"A syndrome that is characterized by facial and ocular abnormalities, sensorineural hearing loss, agenesis of the corpus callosum, variable intellectual disability, and proteinuria that has_material_basis_in homozygous or compound heterozygous mutation in the LDL receptor related protein 2 gene (LRP2) on chromosome 2q31."
Donohue syndrome,['INSR'],MESH:D056731,DOID:0050470,"A syndrome that is characterized by protuberant and low-set ears, flaring nostrils, thick lips, enlarged secondary sex organs and overwhelming insulin resistance and has_material_basis_in mutation within the INSR gene causing abnormalities in the insulin receptor."
Dowling-Degos disease,"['POFUT1', 'KRT5', 'POGLUT1']",MESH:C562924,DOID:0060256,"A pigmentation disease characterized by a reticulate pattern of abnormally dark skin coloring, particularly in the body's folds and creases."
Down syndrome,"['MMP9', 'MTHFD1', 'SNAP25', 'SOD1', 'MTHFR']",MESH:D004314,DOID:14250,A chromosomal disease that is characterized by flat-looking facial features and weak muscle tone (hypotonia) in infancy and is caused by trisomy of all or a critical portion of chromosome 21 and is associated with intellectual disability.
Doyne honeycomb retinal dystrophy,['EFEMP1'],MESH:C535602,DOID:0060745,A retinal drusen characterized by yellow-white deposits (drusen) that accumulate beneath the retinal pigment epithelium in the posterior pole of the eye in a honeycomb pattern and that has_material_basis_in mutations in the EFEMP1 gene on chromosome 2p16.
Dubin-Johnson syndrome,['ABCC2'],MESH:D007566,DOID:12308,A bilirubin metabolic disorder that involves elevated levels of unconjugated bilirubin without elevation of liver alanine transaminase and aspartate transaminase enzymes as a result of the deficient ability of hepatocytes to secrete conjugated bilirubin into the bile.
Duchenne muscular dystrophy,"['ITGA7', 'DAG1', 'DMD']",MESH:D020388,DOID:11723,A muscular dystrophy that has_material_basis_in X-linked mutations in the DMD gene found on the X chromosome. It is characterized by rapidly progressing muscle weakness and muscle atrophy initially involving the lower extremities and eventually affecting the whole body. It affects males whereas females can be carriers. The symptoms start before the age of six and may appear at infancy.
EAST syndrome,['KCNJ10'],MESH:C557674,DOID:0060484,"A syndrome characterized by seizures, sensorineural deafness, ataxia, mental retardation, and electrolyte imbalance and has_material_basis_in homozygous or compound heterozygous mutation in the KCNJ10 gene on chromosome 1q23."
EEC syndrome,['TP63'],MESH:C536189,DOID:0060782,"A syndrome characterized by ectrodactyly, ectodermal dysplasia, and orofacial clefts (cleft lip-palate)."
Ehlers-Danlos syndrome,"['LOX', 'COL3A1', 'COL5A1', 'SLC39A13', 'COL5A2', 'ADAMTS2', 'B4GALT7', 'TNXB']",MESH:D004535,DOID:13359,"A collagen disease that is characterized by extremely flexible joints, elastic skin, and excessive bruising caused by a heritable defect in collagen synthesis, which leads to marked healing difficulties. EDS has five cardinal signs, which may be present to some degree in all of the subtypes. These five cardinal signs are skin fragility, blood vessel fragility, skin hyperelasticity, joint hypermobility, and characteristic subcutaneous nodules."
Ehlers-Danlos syndrome classic type 1,['COL5A1'],MESH:C536194,DOID:14720,"An Ehlers-Danlos syndrome that is characterized by loose-jointedness and fragile, bruisable skin that heals with peculiar 'cigarette-paper' scars and that has_material_basis_in heterozygous mutation in the collagen alpha-1(V) gene (COL5A1) on chromosome 9q34."
Ehlers-Danlos syndrome hypermobility type,['COL3A1'],MESH:C536196,DOID:14757,An Ehlers-Danlos syndrome that is characterized by joint hyperextensibility without skeletal deformity.
Eiken syndrome,['PTH1R'],MESH:C564010,DOID:0111732,"A bone development disease characterized by severely delayed ossification primarily of the epiphyses, pelvis, hands, and feet and abnormal bone modeling of the hands and feet that has_material_basis_in homozygous or compound heterozygous mutation in the PTHR1 gene on chromosome 3p21.31."
Ellis-Van Creveld syndrome,"['EVC2', 'WDR35']",MESH:D004613,DOID:12714,"A syndrome characterized by short limbs, short ribs, postaxial polydactyly, dysplastic nails and teeth, and in many patients congenital cardiac defects that has_material_basis_in homozygous or compound heterozygous mutation in either the EVC or EVC2 gene on chromosome 4p16.2."
Emery-Dreifuss muscular dystrophy,"['EMD', 'LMNA']",MESH:D020389,DOID:11726,A muscular dystrophy that chiefly affects muscles used for movement (skeletal) and heart (cardiac) muscle.
Epstein-Barr virus infectious disease,"['HLA-DPB1', 'TP73']",MESH:D020031,DOID:2938,A viral infectious disease that has_material_basis_in Human gammaherpesvirus 4.
Ewing sarcoma,['EWSR1'],MESH:C563168,DOID:3369,"A connective tissue cancer that has_material_basis_in neural crest cells derives_from undeveloped, undifferentiated neuroectoderm."
FG syndrome,"['CASK', 'MED12']",MESH:C537923,DOID:14711,"A syndrome characterized by retardation, hyperactivity, hypotonia, broad thumbs, big first toes and a characteristic facial appearance including macrocephaly and has an X-linked recessive inheritance pattern."
Fabry disease,"['AGT', 'IL1A', 'GLA', 'VDR', 'ACE']",MESH:D000795,DOID:14499,"A sphingolipidosis that is characterized by the buildup of globotriaosylceramide in the body's cells and has_material_basis_in X-linked inherited mutations in the GLA gene, encoding alpha-galactosidase A, on chromosome Xq22."
Fanconi anemia,"['RFWD3', 'GSTT1', 'BRCA1', 'FANCA', 'FANCG', 'FANCC', 'FANCI', 'GSTM1', 'FANCD2', 'BRCA2']",MESH:D005199,DOID:13636,"A congenital hypoplastic anemia characterized by progressive pancytopenia with bone marrow failure, variable congenital malformations and predisposition to develop hematological or solid tumors. It is a result of a genetic defect in a cluster of proteins responsible for DNA repair."
Fanconi syndrome,"['SLC2A2', 'SLC34A1']",MESH:D005198,DOID:1062,"A renal tubular transport disease of the proximal renal tubes characterized by glucosuria, phosphaturia, generalized aminoaciduria and HCO3 wasting."
Farber lipogranulomatosis,['ASAH1'],MESH:D055577,DOID:0050464,"A lipid storage disease that is characterized by abnormalities in swallowing, cognition, joint function, and central nervous system due to a deficiency in the enzyme ceramidase that results in sphingolipids deposition."
Feingold syndrome,['MYCN'],MESH:C537734,DOID:0060464,"A syndrome characterized by variable combinations of microcephaly, limb malformations, esophageal and duodenal atresias, and learning disability/mental retardation."
Filippi syndrome,['CKAP2L'],MESH:C538152,DOID:0112194,"A syndrome characterized by short stature, microcephaly, syndactyly, intellectual disability, pre- and postnatal growth failure, and facial dysmorphism that has_material_basis_in homozygous or compound heterozygous mutation in the CKAP2L gene on chromosome 2q14.1."
Fleck corneal dystrophy,['PIKFYVE'],MESH:C563256,DOID:0060448,"A stromal dystrophy that is characterized by numerous tiny, dot-like white flecks scattered in all layers of the corneal stroma and that has_material_basis_in heterozygous mutation in the PIKFYVE gene on chromosome 2q34."
Floating-Harbor syndrome,['SRCAP'],MESH:C537062,DOID:0111358,"A syndrome characterized by growth retardation, proportionate short stature, delayed bone age, delayed speech development and facial features including triangular shape, deep-set eyes, long eyelashes, bulbous nose, wide columella, short philtrum, and thin lips that has_material_basis_in heterozygous mutation in the SRCAP gene on chromosome 16p11.2."
Frank-Ter Haar syndrome,['SH3PXD2B'],MESH:C537274,DOID:0111789,"An otopalatodigital syndrome spectrum disorder characterized by megalocornea, multiple skeletal anomalies, characteristic facial dysmorphism (wide fontanels, prominent forehead, hypertelorism, prominent eyes, full cheeks, and micrognathia) and developmental delay that has_material_basis_in homozygous or compound heterozygous mutation in the SH3PXD2B gene on chromosome 5q35.1."
Frasier syndrome,['WT1'],MESH:D052159,DOID:0050438,"A syndrome that is characterized by gonadal dysgenesis, streak gonads, progressive focal segmental glomerulonephropathy and the development of urogenital cancers that is the result of mutation in the WT1 gene."
French Canadian Leigh disease,['LRPPRC'],MESH:C537004,DOID:0111180,"A cytochrome-c oxidase deficiency disease characterized by metabolic and/or neurological crises, chronic hyperlactataemia, hypotonia, ataxia, mild facial dysmorphism, delayed development and development of lesions in the brainstem and basal ganglia that has_material_basis_in homozygous or compound heterozygous mutations in LRPPRC on 2p21."
Friedreich ataxia 1,['FXN'],MESH:C565561,DOID:0111218,A Friedreich ataxia that has_material_basis_in homozygous or compound heterozygous mutation in FXN on 9q21.1.
Fuchs' endothelial dystrophy,"['COL8A2', 'SLC4A11', 'LOXHD1', 'AGBL1', 'ZEB1', 'TCF4']",MESH:D005642,DOID:11555,"A corneal dystrophy characterized by accumulation of focal outgrowths (guttae) and thickening of Descemet's membrane, leading to corneal edema and loss of vision."
Fuhrmann syndrome,[],MESH:C538189,DOID:0090067,"A bone development disease that is characterized by bowing of the femora, aplasia or hypoplasia of the fibulae and poly-, oligo-, and syndactyly that has_material_basis_in autosomal recessive inheritance of homozygous mutation in the Wnt family member 7A (WNT7A) gene on chromosome 3p25."
GM1 gangliosidosis,['GLB1'],MESH:D016537,DOID:3322,A gangliosidosis that is characterized by progressive destruction of nerve cells in the brain and spinal cord and that has_material_basis_in mutations in the gene encoding beta-galactosidase-1 (GLB1) resulting in build up of GM1 ganglioside.
GM2 gangliosidosis,['GM2A'],MESH:D020143,DOID:3321,A gangliosidosis that is characterized by excessive accumulation of ganglioside GM2 and related glycolipids in the lysosomes.
"GM2 gangliosidosis, AB variant",['GM2A'],MESH:D049290,DOID:4795,A GM2 gangliosidosis that is characterized by normal hexosaminidase A (HEXA) and hexosaminidase B (HEXB) but the inability to form a functional GM2 activator complex.
GNE myopathy,['GNE'],MESH:C536816,DOID:0080718,"A myopathy that is characterized by progressive skeletal muscle atrophy, distal muscle weakness and bilateral foot drop caused by weakness of the anterior tibialis muscles with onset in early adulthood, and that has_material_basis_in mutations in the GNE gene which encodes the rate-limiting enzyme of sialic acid biosynthesis."
GRACILE syndrome,['BCS1L'],MESH:C537934,DOID:0111455,"A mitochondrial disorder characterized by fetal growth restriction, aminoaciduria, cholestasis, iron overload, lactocidosis, and early death that has_material_basis_in homozygous or compound heterozygous mutation in the BCS1L gene on chromosome 2q35."
Galloway-Mowat syndrome,"['NUP107', 'GON7', 'NUP133', 'WDR4', 'YRDC']",MESH:C537548,DOID:0080694,"A syndrome that is characterized by developmental delay, progressive microcephaly, cerebral and cerebellar atrophy with extrapyramidal involvement, and optic atrophy."
Gaucher's disease,"['GBA1', 'PKLR']",MESH:D005776,DOID:1926,"A sphingolipidosis characterized by deficiency of the enzyme glucocerebrosidase which results in the accumulation of harmful quantities of the glycolipid glucocerebroside throughout the body, especially within the bone marrow, spleen and liver."
Gerstmann-Straussler-Scheinker syndrome,[],MESH:D016098,DOID:4249,"A prion disease characterized by adult onset of memory loss, dementia, ataxia, and pathologic deposition of amyloid-like plaques in the brain."
Gilbert syndrome,['UGT1A1'],MESH:D005878,DOID:2739,A bilirubin metabolic disorder that involves elevated levels of unconjugated bilirubin as bilirubin is not being conjugated as a result of reduced glucuronyltransferase activity.
Gilles de la Tourette syndrome,"['TDO2', 'HDC', 'BAIAP2', 'SLITRK1', 'DRD4']",MESH:D005879,DOID:11119,A tic disorder that is characterized by multiple physical (motor) tics and at least one vocal (phonic) tic present for more than a year.
Gillespie syndrome,['ITPR1'],MESH:C536370,DOID:0111578,"A syndrome characterized by iris hypoplasia, congenital hypotonia, cerebellar hypoplasia, variably cognitive impairment, and ataxia that has_material_basis_in heterozygous, homozygous, or compound heterozygous mutation in the ITPR1 gene on chromosome 3p26.1."
Gitelman syndrome,"['CLCNKB', 'SLC12A3']",MESH:D053579,DOID:0050450,"A renal tubular transport disease that is has_material_basis_in mutations in genes that produce proteins involved in the kidneys' reabsorption of salt (sodium chloride or NaCl) from urine back into the bloodstream, thus impairing the kidneys' ability to reabsorb salt, leading to the loss of excess salt in the urine (salt wasting)."
Glanzmann's thrombasthenia,"['ITGA2', 'ITGB3', 'ITGA2B']",MESH:D013915,DOID:2219,A blood coagulation disease characterized by autosomal recessive inheritance of failure of platelet aggregation and absent or diminished clot retraction that has_material_basis_in mutation in the ITGA2B or ITGB3 genes on chromosome 17q21.32.
Goldberg-Shprintzen syndrome,['KIFBP'],MESH:C537279,DOID:0060481,"A syndrome characterized by intellectual disability, specific facial gestalt and Hirschsprung's disease and that has_material_basis_in homozygous mutation in the KIAA1279 gene on chromosome 10q21.1."
Goldenhar syndrome,['SF3B2'],MESH:D006053,DOID:2907,"A syndrome that is characterized by incomplete development of the ear, nose, soft palate, lip, and mandible. It is associated with anomalous development of the first branchial arch and second branchial arch."
Gordon Holmes syndrome,['RNF216'],MESH:C565870,DOID:0111587,"An inherited metabolic disorder characterized by progressive cognitive decline, dementia, hypogonadotropic hypogonadism, and variable movement disorders resulting from disordered ubiquitination that has_material_basis_in homozygous or compound heterozygous mutation in the RNF216 gene on chromosome 7p22.1."
Graves ophthalmopathy,"['IL23R', 'ICAM1', 'TSHR', 'IL2', 'PTPN22', 'IL1RN', 'IL10', 'IL3', 'CTLA4']",MESH:D049970,DOID:0081120,"An autoimmune disease of eyes, ear, nose and throat that is characterized by upper eyelid retraction, lid lag, swelling, redness, conjunctivitis, and bulging eyes."
Graves' disease,"['IL6', 'ICAM1', 'SERPINE1', 'BTNL2', 'IL10', 'HLA-B', 'VDR', 'CTLA4', 'VEGFA', 'FKBP1B', 'TP53', 'HLA-DRB1', 'TSHR', 'GSTP1', 'PTPN22', 'IL2', 'CD40', 'DNMT1', 'IL17A', 'IFNG', 'HLA-DRB3', 'C4B', 'IL1B', 'IL13', 'C4A', 'TG', 'CD40LG', 'CYP1A1', 'IL3', 'IL23R', 'HLA-DQA1', 'GC', 'ESR2', 'ADRB2', 'LTA', 'OGG1', 'MTHFR']",MESH:D006111,DOID:12361,"An autoimmune disease of endocrine system that involves production of excessive amount of thyroid hormones, located_in thyroid gland."
Greenberg dysplasia,['LBR'],MESH:C535858,DOID:0111588,"An inherited metabolic disorder characterized by a defect in cholesterol biosynthesis resulting in fetal hydrops, severe shortening of all long bones with a moth-eaten radiographic appearance, platyspondyly, disorganization of chondroosseous calcification, and ectopic ossification centers that has_material_basis_in homozygous or compound heterozygous mutation in LBR on chromosome 1q42.12."
Greig cephalopolysyndactyly syndrome,['GLI3'],MESH:C537300,DOID:14761,"An acrocephalosyndactylia that has_material_basis_in mutation in the GLI3 gene which results_in abnormal development located_in limb, located_in head, located_in face."
Griscelli syndrome type 1,['MYO5A'],MESH:C537301,DOID:0060832,"A Griscelli syndrome characterized by silvery gray sheen of the hair, hypopigmentation of the skin and neurological impairment without immunodeficiency that has_material_basis_in mutations in the MYO5A gene on chromosome 15q21.2."
Griscelli syndrome type 2,['RAB27A'],MESH:C537302,DOID:0060833,"A Griscelli syndrome characterized by silvery gray sheen of the hair, hypopigmentation of the skin and immunodeficiency with or without neurologic impairment that has_material_basis_in mutation in the RAB27A gene on chromosome 15q21.3."
Griscelli syndrome type 3,['MLPH'],MESH:C537303,DOID:0060834,A Griscelli syndrome characterized by isolated silvery gray sheen of the hair and hypopigmentation of the skin that has_material_basis_in mutation in the MLPH or MYO5A genes.
Guillain-Barre syndrome,['PMP22'],MESH:D020275,DOID:12842,An autoimmune disease of peripheral nervous system that causes body's immune system to attack part of the peripheral nervous system.
Guttmacher syndrome,['HOXA13'],MESH:C538278,DOID:0111544,"A syndrome characterized by preaxial deficiencies of the hands and feet, postaxial polydactyly of the hands, and hypospadias that has_material_basis_in heterozygous mutation in the HOXA13 gene on chromosome 7p15.2."
HELLP syndrome,"['FASLG', 'FAS']",MESH:D017359,DOID:13133,"A severe pre-eclampsia characterized by hemolysis, elevated liver enzyme and low platelet count."
Hailey-Hailey disease,['ATP2C1'],MESH:D016506,DOID:0050429,A pemphigus that is characterized by recurring blistering most commonly occurring in the folds of the skin and has_material_basis_in mutations in the ATP2C1 gene that result in loss of adhesion within the skin.
Hajdu-Cheney syndrome,['NOTCH2'],MESH:D030981,DOID:2736,"A bone disease characterized by short stature, coarse and dysmorphic facies, bowing of the long bones, and vertebral anomalies that has_material_basis_in heterozygous mutation in the NOTCH2 gene on chromosome 1p12."
Hantavirus hemorrhagic fever with renal syndrome,"['HLA-DRB1', 'HLA-DRB5']",MESH:D006480,DOID:11266,"A viral infectious disease that is a hemorrhagic fever, located in kidney, has_material_basis_in Orthohantavirus dobravaense, has_material_basis_in Orthohantavirus hantanense, has_material_basis_in Orthohantavirus puumalaense, has_material_basis_in Orthohantavirus seoulense, which are carried and transmitted by rodents. The infection has symptom headache, has symptom fever, has symptom muscle pains, has symptom facial flush, has symptom petechiae, has symptom proteinuria, and has symptom renal failure."
Hartnup disease,['SLC6A19'],MESH:D006250,DOID:1060,"An amino acid metabolic disorder that is caused by abnormalities of the renal tubules and is characterized especially by aminoaciduria involving only monocarboxylic monoamines, a dry red scaly rash, and episodic muscular incoordination due to the effects of the disease on the cerebellum."
Hennekam syndrome,"['CCBE1', 'ADAMTS3', 'FAT4']",MESH:C537255,DOID:0060366,"A lymphatic system disease characterized by he presence of intestinal lymphangiectasia, mental retardation, and characteristic facial anomalies. It is inherited in an autosomal recessive pattern. Most individuals with Hennekam syndrome have characteristic facial abnormalities, such as a flat face with accompanying puffy eyelids and hypertelorism; the nasal bridge is typically flat and the ears are typically small. Congenital extremity and genital lymphedema is present in most patients."
Henoch-Schoenlein purpura,"['HLA-DQA1', 'PON1', 'AGT', 'CD86', 'IL1RN', 'MEFV', 'CCL2', 'ACE']",MESH:D011695,DOID:11123,"A hypersensitivity vasculitis that is characterized by purpura (purplish plaques), arthralgia, gastrointestinal upset, and/or glomerulonephritis, and may be related to increased immune response following an infection."
Hermansky-Pudlak syndrome,"['BLOC1S5', 'AP3D1', 'HPS5', 'HPS3', 'AP3B1', 'HPS4', 'HPS6']",MESH:D022861,DOID:3753,"A syndrome characterized by oculocutaneous albinism, bleeding problems due to platelet storage pool defect, visual impairment and lysosomal accumulation of ceroid lipofuscin."
Hermansky-Pudlak syndrome 2,['AP3B1'],MESH:C537709,DOID:0060540,A Hermansky-Pudlak syndrome that has_material_basis_in homozygous or compound heterozygous mutation in the gene encoding the beta-3A subunit of the AP3 complex (AP3B1) on chromosome 5q14.1.
Hirschsprung's disease,"['NRTN', 'RET', 'GSTT1', 'WNT8B', 'EDN3', 'ZEB2', 'STX1A', 'GDNF', 'EDNRB', 'GSTM1', 'SHH']",MESH:D006627,DOID:10487,A megacolon that is characterized by a blockage of the large intestine due to improper muscle movement in the bowel.
Hodgkin's lymphoma,"['IL6', 'GSTT1', 'NFKBIA', 'KLHDC8B', 'GSTM1']",MESH:D006689,DOID:8567,A lymphoma that is marked by the presence of a type of cell called the Reed-Sternberg cell.
Holt-Oram syndrome,"['TBX5', 'SALL4']",MESH:C535326,DOID:0060468,A syndrome characterized by congenital anomalies located_in heart and located_in upper limb.
Human papillomavirus infectious disease,"['FOXP3', 'FGFR3', 'HLA-DRB1', 'ADAR', 'HLA-DPB1', 'GSTM1']",MESH:D030361,DOID:11166,"A viral infectious disease that has_material_basis_in human papillomaviruses, which establish productive infections only in the stratified epithelium of the skin or mucous membranes. These viruses cause warts and sometimes tumors. They are transmitted_by sexual contact."
Huntington's disease,"['IL6', 'IL6R', 'TFAM', 'GRIN2A', 'HSF1', 'IGF1', 'PRKAA1', 'MAP3K5', 'GRIK2', 'ABAT', 'CNTF', 'HAP1', 'PPARGC1A', 'GRIN2B', 'BDNF', 'GLUL', 'NPY', 'NOG', 'NRF1', 'SIRT1', 'NPY2R', 'EIF2AK2']",MESH:D006816,DOID:12858,"A neurodegenerative disease that has_material_basis_in autosomal dominant inheritance and is characterized by unwanted choreatic movements, behavioral and psychiatric disturbances and dementia and has_material_basis_in expansion of CAG triplet repeats (glutamine) resulting in neuron degeneration affecting muscle coordination, cognitive abilities."
IVIC syndrome,['SALL4'],MESH:C535544,DOID:0111381,"A syndrome characterized by radial ray defect of variable severity, mixed congenital hearing loss, mild thrombocytopenia, and external ophthalmoplegia that has_material_basis_in heterozygous mutation in the SALL4 gene on chromosome 20q13.2."
IgA glomerulonephritis,"['ADD1', 'MTR', 'AGTR2', 'MUC20', 'ACSM3', 'CHGA', 'ACE', 'SELE', 'NGF', 'ADD2', 'TNFRSF1A', 'IL1RN', 'IGF1R', 'CD14', 'PDE5A', 'IL1B', 'FCAR', 'SPRY2', 'TLR1', 'PLA2G7', 'SCGB1A1', 'TNFRSF1B', 'FCGR3A', 'TLR9', 'STAT4', 'SERPINB7', 'CFB', 'CXCR2']",MESH:D005922,DOID:2986,A glomerulonephritis characterized by build up of IgA antibody in the glomerulus.
Jackson-Weiss syndrome,"['FGFR2', 'FGFR1']",MESH:C537559,DOID:0111337,"A syndrome characterized by craniosynostosis, midfacial hypoplasia, and foot malformations that has_material_basis_in heterozygous mutation in the FGFR2 gene on chromosome 10q26.13."
Jalili syndrome,['CNNM4'],MESH:C000596385,DOID:0111404,A syndrome characterized by amelogenesis imperfecta and cone-rod retinal dystrophy that has_material_basis_in homozygous or compound heterozygous mutation in CNNM4 on chromosome 2q11.2.
Johanson-Blizzard syndrome,['UBR1'],MESH:C535880,DOID:14694,"A syndrome that involves abnormal development of the pancreas, nose and scalp, with mental retardation, hearing loss and growth failure. It is inherited in an autosomal recessive manner."
Joubert syndrome 10,['OFD1'],MESH:C567582,DOID:0110981,A Joubert syndrome that has_material_basis_in X-linked recessive inheritance of mutation in the OFD1 gene on chromosome Xp22.2.
Joubert syndrome 2,['TMEM216'],MESH:C536294,DOID:0110988,"A Joubert syndrome characterized by molar tooth sign on brain MRI, hypotonia, developmental delay, oculomotor apraxia, and breathing abnormalities that has_material_basis_in mutation in the TMEM216 gene on chromosome 11q12.2."
Joubert syndrome 3,['AHI1'],MESH:C536295,DOID:0110998,A Joubert syndrome that has_material_basis_in homozygous mutation in the AHI1 gene on chromosome 6q23.3.
Joubert syndrome 4,"['AHI1', 'NPHP4', 'NPHP1']",MESH:C536296,DOID:0110999,A Joubert syndrome that has_material_basis_in deletions of the NPHP1 gene on chromosome 2q13.
Joubert syndrome 5,['CEP290'],MESH:C537688,DOID:0111000,A Joubert syndrome that has_material_basis_in mutation in the CEP290 gene on chromosome 12q21.
Joubert syndrome 6,['TMEM67'],MESH:C537689,DOID:0111001,A Joubert syndrome that has_material_basis_in homozygous or compound heterozygous mutation in the TMEM67 gene on chromosome 8q22.
Joubert syndrome 7,['RPGRIP1L'],MESH:C566916,DOID:0111002,A Joubert syndrome that has_material_basis_in mutation in the RPGRIP1L gene on chromosome 16q12.2.
Joubert syndrome 8,['ARL13B'],MESH:C567358,DOID:0111003,A Joubert syndrome that has_material_basis_in mutation in the ARL13B gene on chromosome 3q11.1-q11.2.
Joubert syndrome 9,['CC2D2A'],MESH:C567364,DOID:0111004,A Joubert syndrome that has_material_basis_in homozygous or compound heterozygous mutation in the CC2D2A gene on chromosome 4p15.
Joubert syndrome with orofaciodigital defect,['CPLANE1'],MESH:C536531,DOID:0060376,A Joubert syndrome that is characterized by orofaciodigital defect.
KBG syndrome,['ANKRD11'],MESH:C537015,DOID:14780,"A syndrome that is characterized by short stature, moderate to severe degrees of mental retardation, developmental abnormalities of the limbs, bones of the spine (vertebrae), extremities, and/or underdevelopment of the bones of the skeleton."
Kabuki syndrome,"['KDM6A', 'KMT2D']",MESH:C537705,DOID:0060473,"A syndrome characterized by multiple congenital anomalies and mental retardation. Other characteristics include a peculiar facial gestalt, short stature, skeletal and visceral abnormalities, cardiac anomalies, and immunological defects."
Kahrizi syndrome,['SRD5A3'],MESH:C567196,DOID:0050807,"A syndrome that is characterized by mental retardation, cataracts, coloboma, kyphosis, and coarse facial features and has_material_basis_in mutation in the SRD5A3 gene."
Kallmann syndrome,['SOX10'],MESH:D017436,DOID:3614,A hypogonadotropic hypogonadism with a defective sense of smell (anosmia or hyposmia).
Kaposi's sarcoma,['IL6'],MESH:D012514,DOID:8632,"A connective tissue cancer that derives_from lymphatic endothelium, and derives_from spindle cells, results_in_formation_of vascular channels that fill with blood cells, has_material_basis_in Human herpesvirus 8 (HHV8)."
Kartagener syndrome,"['DNAH5', 'MBL2', 'DNAH11']",MESH:D007619,DOID:0050144,"A primary ciliary dyskinesia that is characterized by sinusitis, bronchiectasis and situs inversus with dextrocardia resulting from dysfunction of the cilia during embryologic development."
Kaufman oculocerebrofacial syndrome,['UBE3B'],MESH:C537013,DOID:0111456,"A syndromic intellectual disability characterized by developmental delay, growth retardation with a small head circumference, facial dysmorphisms, and low cholesterol levels that has_material_basis_in homozygous or compund heterozygous mutation in the UBE3B gene on chromosome 12q24.11."
Kawasaki disease,"['CCR5', 'CCR2', 'VEGFA', 'MBL2', 'BTNL2', 'IL18', 'CD40', 'HSPA1A', 'CD40LG', 'HSPA1L']",MESH:D009080,DOID:13378,"A lymphadenitis characterized by swelling of cervical lymph nodes in infants and young children and inflammation of medium-sized blood vessels located_in body, has_symptom fever, has_symptom congestion of ocular conjunctivae, has_symptom reddening of lips, has_symptom reddening of oral cavity, has_symptom protuberance of tongue papillae and has_symptom edema of extremities."
Keipert syndrome,[],MESH:C538337,DOID:0111842,"A syndrome characterized by craniofacial and digital abnormalities, mild to severe congenital sensorineural hearing loss, and variable learning difficulties that has_material_basis_in hemizygous mutation in the GPC4 gene on chromosome Xq26.2."
Kennedy's disease,['AR'],MESH:D055534,DOID:0060161,A spinal muscular dystrophy that has_material_basis_in an X-linked recessive expansion of CAG triplet repeats (glutamine) in exon 1 of AR gene encoding the androgen receptor.
Keshan disease,['GPX1'],MESH:C536166,DOID:0050083,A nutritional deficiency that is disease characterized by a cardiomyopathy secondary to selenium deficiency.
Kindler syndrome,['FERMT1'],MESH:C536321,DOID:0060472,"A skin disease characterized by congenital blistering, skin atrophy, photosensitivity, skin fragility, and scaling."
Klatskin's tumor,"['KMT2C', 'ARID1A', 'GATA6', 'PREX2']",MESH:D018285,DOID:4927,An intrahepatic cholangiocarcinoma arising near or at the confluence of the right and left hepatic ducts.
Kleefstra syndrome 1,['EHMT1'],MESH:C563043,DOID:0060352,"A Kleefstra syndrome that is characterized by severe mental retardation, hypotonia, microcephaly, epileptic seizures, flat face with hypertelorism, synophrys, anteverted nares, everted lower lip, carp mouth with macroglossia, and heart defects and that has_material_basis_in a microdeletion in the chromosome region 9q34.3 or by a point mutation in the EHMT1 gene located in that region."
Kniest dysplasia,['COL2A1'],MESH:C537207,DOID:0080045,"An osteochondrodysplasia that has_material_basis_in a mutation in the COL2A1 gene which results_in dwarfism with a short trunk and limbs as well as vision and hearing problems. The disease has_symptom large joints, has_symptom wide set eyes, has_symptom round flat face."
Kohlschutter-Tonz syndrome,[],MESH:C537213,DOID:0111668,"A syndrome characterized by severe global developmental delay, early-onset intractable seizures, spasticity, and amelogenesis imperfecta that has_material_basis_in homozygous or compound heterozygous mutation in ROGDI on chromosome 16p13.3."
Kufor-Rakeb syndrome,['ATP13A2'],MESH:C537177,DOID:0060556,"An early-onset Parkinson's disease that is characterized by supranuclear gaze palsy, spasticity, and dementia and has_material_basis_in homozygous or compound heterozygous mutation in a lysosomal type 5 ATPase encoding gene on chromosome 1p36."
Lafora disease,"['NHLRC1', 'EPM2A']",MESH:D020192,DOID:3534,"A progressive myoclonus epilepsy characterized by myoclonus and/or generalized seizures, visual hallucinations, and progressive neurological decline with onset between 8 and 18 years of age that has_material_basis_in homozygous or compound heterozygous mutation in either NHLRC1 on chromosome 6p22.3 or EPM2A on chromosome 6q24.3."
Lambert-Eaton myasthenic syndrome,"['CACNA1B', 'CHRM1']",MESH:D015624,DOID:0050214,A neuromuscular junction disease that is characterized by an abnormality of acetylcholine (ACh) release at the neuromuscular junction which results from an autoimmune attack against voltage-gated calcium channels (VGCC) on the presynaptic motor nerve terminal.
Laron syndrome,['GHR'],MESH:D046150,DOID:9521,A syndrome characterized by marked short stature with normal or high serum growth hormone and low serum insulin-like growth factor-1 levels that has_material_basis_in homozygous or compound heterozygous mutation in GHR on chromosome 5p13-p12.
Larsen syndrome,['FLNB'],MESH:C580241,DOID:14764,A syndrome that is characterized by autosomal dominant inheritance of large-joint dislocations and characteristic craniofacial abnormalities.
Laurence-Moon syndrome,['PNPLA6'],MESH:D007849,DOID:1930,"A syndrome characterized by pituitary dysfunction, childhood onset ataxia, peripheral neuropathy, spastic paraplegia, and chorioretinopathy that has_material_basis_in homozygous or compound heterozygous mutation in the PNPLA6 gene on chromosome 19p13.2."
Laurin-Sandrow syndrome,['LMBR1'],MESH:C535689,DOID:0111350,"A dysostosis characterized by polysyndactyly of hands and/or feet, mirror image duplication of the feet, nasal defects, and loss of identity between fibula and tibia that has_material_basis_in heterozygous inheritance of small (less than 80kb) duplications in a SHH regulatory element located in intron 5 of the LMBR1 gene on chromosome 7q36.3."
Leber congenital amaurosis,"['AIPL1', 'RD3', 'IQCB1', 'PRPH2', 'CRB1', 'MYO7A']",MESH:D057130,DOID:14791,"A retinal disease that is characterized by nystagmus, sluggish or no pupillary responses, and severe vision loss or blindness."
Leber congenital amaurosis 10,['CEP290'],MESH:C565720,DOID:0110291,A Leber congenital amaurosis that is characterized by severe infantile-onset cone-rod dystrophy with high hyperopia and severe ERG abnormalities and has_material_basis_in mutation in the CEP290 gene on chromosome 12q21.32.
Leber congenital amaurosis 11,['IMPDH1'],MESH:C564140,DOID:0110216,A Leber congenital amaurosis that has_material_basis_in mutation n the IMPDH1 gene on chromosome 7q31.3-q32.
Leber congenital amaurosis 12,['RD3'],MESH:C565697,DOID:0110080,A Leber congenital amaurosis that has_material_basis_in mutation in the RD3 gene on chromosome 1q32.
Leber congenital amaurosis 13,['RDH12'],MESH:C567197,DOID:0110330,"A Leber congenital amaurosis thatis characterized by mild or absent hyperopia, transient improvement of visual acuity, and eventual macular atrophy with severe disease progression and has_material_basis_in mutation in the RDH12 gene on chromosome 14q23.3."
Leber congenital amaurosis 14,['LRAT'],MESH:C567636,DOID:0110188,A Leber congenital amaurosis that has_material_basis_in mutation in the LRAT gene on chromosome 4q31.
Leber congenital amaurosis 3,['SPATA7'],MESH:C565814,DOID:0110331,A Leber congenital amaurosis that has_material_basis_in mutation in the SPATA7 gene on chromosome 14q31.
Leber congenital amaurosis 4,['AIPL1'],MESH:C565778,DOID:0110332,"A Leber congenital amaurosis that is characterized by a relatively severe phenotype, with maculopathy and marked bone-spicule pigmentary retinopathy in most and keratoconus and cataract in a large subset and that has_material_basis_in mutation in the AIPL1 gene on chromosome 17p13."
Leber congenital amaurosis 6,['RPGRIP1'],MESH:C565327,DOID:0110329,"A Leber congenital amaurosis that is characterized by early photophobia, hypermetropia less than +7 diopters, and visual acuity in the range of 20/400 to count fingers and has_material_basis_in mutation in the RPGRIP1 gene on chromosome 14q11."
Legg-Calve-Perthes disease,['COL2A1'],MESH:D007873,DOID:14415,An osteochondrosis that results_in death and fracture located_in hip joint.
Legionnaires' disease,['TLR5'],MESH:D007877,DOID:10457,"A legionellosis that is characterized by severe form of infection producing pneumonia. Symptoms include fever, chills, and cough."
Legius syndrome,['SPRED1'],MESH:C548032,DOID:0070484,"A RASopathy characterized by multiple cafe-au-lait macules and possible skin fold freckling without neurofibromas, optic gliomas, or Lisch nodules that has_material_basis_in heterozygous mutation in the SPRED1 gene on chromosome 15q14."
Leigh disease,"['COX15', 'NDUFS2', 'SDHA', 'NDUFS4', 'SURF1', 'LRPPRC']",MESH:D007888,DOID:3652,"A cytochrome-c oxidase deficiency disease characterized by progressive loss of mental and movement abilities. Symptoms usually begin between ages of three months and two years and include loss of appetite, vomiting, irritability and seizure activity."
Lenz-Majewski hyperostotic dwarfism,['PTDSS1'],MESH:C537115,DOID:0111507,"A syndrome characterized by intellectual disability, sclerosing bone dysplasia, distinct craniofacial, dental, cutaneous and distal-limb anomalies that has_material_basis_in heterozygous mutation in the PTDSS1 gene on chromosome 8q22.1."
Leri-Weill dyschondrosteosis,['SHOX'],MESH:C537119,DOID:0060847,"An osteochondrodysplasia characterized by abnormal shortening of the forearms and lower legs, abnormal misalignment of the wrist (Madelung deformity of the wrist), and associated short stature and has_material_basis_in heterozygous defects in the pseudoautosomal genes SHOX or SHOXY or by deletion of the SHOX downstream regulatory domain."
Lesch-Nyhan syndrome,"['HPRT1', 'XDH']",MESH:D007926,DOID:1919,"A purine-pyrimidine metabolic disorder characterized by mental retardation, spastic cerebral palsy, choreoathetosis, uric acid urinary stones, and self-destructive biting of fingers and lips that has_material_basis_in mutation in the hypoxanthine guanine phosphoribosyltransferase (HPRT) gene on chromosome Xq26."
Lewy body dementia,"['SNCG', 'KLK6', 'SNCB', 'GBA1', 'IGF1R', 'NOS2']",MESH:D020961,DOID:12217,"A dementia that is characterized by the development of abnormal proteinaceous (alpha-synuclein) cytoplasmic inclusions, called Lewy bodies, throughout the brain that results in progressive decline in mental abilities."
Leydig cell hypoplasia,['LHCGR'],MESH:C562567,DOID:0112259,A pseudohermaphroditism that has_material_basis_in homozygous or compound heterozygous mutation in the LHCGR gene on chromosome 2p16.3.
Leydig cell tumor,['LHCGR'],MESH:D007984,DOID:2696,A sex cord-gonadal stromal tumor that secretes testosterone characterized by excessive proliferation of Leydig cells located_in ovary or testicle.
Li-Fraumeni syndrome,['TP53'],MESH:D016864,DOID:3012,"A syndrome characterized by autosomal dominant inheritance of increased risk of developing several types of cancer, including breast cancer, osteosarcomata and soft tissue sarcomata."
Li-Fraumeni syndrome 2,['CHEK2'],MESH:C563755,DOID:0111504,A Li-Fraumeni syndrome that has_material_basis_in heterozygous mutation in the CHEK2 gene on chromosome 22q12.1.
Liddle syndrome,"['SCNN1B', 'SCNN1G', 'SCNN1A']",MESH:D056929,DOID:0050477,A renal tubular transport disease that is characterized by hypertension and hypokalemia caused by dysregulation of epithelial sodium channels causing over expression of the channel.
Loeys-Dietz syndrome,['SMAD2'],MESH:D055947,DOID:0050466,"A syndrome that is characterized by increased risk of aortic aneurysm and dissection, elongated limbs, hypertelorism, bifid uvula and easy skin bruising due to mutations in TGFB3 that results in connective tissue defects."
Lynch syndrome,"['SMAD4', 'MARCKS', 'RNASEL', 'TGFBR1', 'SMAD3', 'TCF4', 'TGFBR2', 'PMS2', 'MLH3', 'MSH2', 'MRE11', 'MSH6', 'TAF1B', 'GSTM1', 'RNASET2', 'E2F4', 'SMAD2', 'SLC22A9', 'MLH1', 'GSTT1', 'ACVR2A', 'PMS1']",MESH:D003123,DOID:3883,"A syndrome that is characterized by an increased risk for colon cancer and cancers of the endometrium, ovary, stomach, small intestine, hepatobiliary tract, urinary tract, brain, and skin and has_material_basis_in mutation of mismatch repair genes that increases the risk of many types of cancers."
MASA syndrome,['L1CAM'],MESH:C536029,DOID:0060246,"A hereditary spastic paraplegia that is characterized by hydrocephalus, spasticity of the lower limbs, adducted thumbs, aphasia, seizures, agenesis of the corpus callosum and intellectual disability in the mild to moderate range."
MEHMO syndrome,['EIF2S3'],MESH:C537451,DOID:0060801,"A syndromic X-linked intellectual disability characterized by severe intellectual deficit, epilepsy, microcephaly, hypogenitalism and obesity with variable occurrence of growth delay and diabetes that has_material_basis_in variation in the chromosome region Xp22.13-p21.1."
MELAS syndrome,[],MESH:D017241,DOID:3687,"A mitochondrial encephalomyopathy that is characterized by mitochondrial myopathy, encephalopathy, lactic acidosis, and stroke-like episodes, has_symptom myalgia, motor weakness, headaches, seizures, and stroke-like episodes with acute hemiparesis and severe headaches, and develops_from mutation in mitochondrial genes including MT-TL1, which encodes tRNA proteins."
MHC class II deficiency,"['CIITA', 'RFXANK', 'RFXAP', 'RFX5']",MESH:D016511,DOID:5812,"A severe combined immunodeficiency that is characterized by deficiency of MHC class II molecules that causes lack of immune protection against bacteria, viruses, and fungi and thus causes early death in childhood, and has_material_basis_in autosomal recessive inheritance of mutation in the CIITA, RFX5, RFXANK, and RFXAP genes."
Machado-Joseph disease,"['ATXN3', 'BECN1']",MESH:D017827,DOID:1440,An autosomal dominant cerebellar ataxia that is characterized by slow degeneration of the hindbrain and has_material_basis_in expansion of CAG triplet repeats (glutamine) in the ATXN3 gene.
Marfan syndrome,"['FBN1', 'TGFBR2']",MESH:D008382,DOID:14323,"A connective tissue disease that is characterized by tall stature, elongated extremities, mitral valve prolapse, aortic dilatation, aortic dissection, and subluxation of the lens."
Marshall syndrome,['COL11A1'],MESH:C536025,DOID:0111510,"An ectodermal dysplasia characterized by hypoplasia of the maxilla, nasal bones, and frontal sinuses, as well as calvarial thickening, myopia, early-onset cataracts, and sensorineural hearing loss that has_material_basis_in heterozygous or homozygous mutation (most frequently affecting splice sites) in the COL11A1 gene on chromosome 1p21.1. Mutations, typically null, in the COL11A1 gene may also cause Stickler syndrome."
Marshall-Smith syndrome,['NFIX'],MESH:C536026,DOID:0050858,"A syndrome that is characterized by advanced bone age, failure to thrive, respiratory problems, dysmorphic facial features, and variable mental retardation."
Martsolf syndrome,['RAB3GAP2'],MESH:C536028,DOID:0111586,"A syndrome characterized by intellectual deficit, congenital cataract, and hypogonadotropic hypogonadism that has_material_basis_in homozygous or compound heterozygous mutation in the RAB3GAP2 gene on chromosome 1q41."
Mast syndrome,['SPG21'],MESH:C565409,DOID:0060245,A hereditary spastic paraplegia associated with dementia.
McKusick-Kaufman syndrome,['MKKS'],MESH:C538159,DOID:0111255,"A syndrome characterized by neonatal onset of genitourinary malformations, especially hydrometrocolpos, polydactyly, and, more rarely, heart or gastrointestinal malformations that has_material_basis_in homozygous or compound heterozygous mutation in MKKS on 20p12.2."
McLeod syndrome,['XK'],MESH:C564038,DOID:0112107,"A neuroacanthocytosis characterized by absence of red blood cell Kx antigen, weak expression of Kell red blood cell antigens, acanthocytosis, compensated hemolysis, and involuntary movements that has_material_basis_in mutation in XK on chromosome Xp21.1."
Meckel syndrome 7,['NPHP3'],MESH:C537756,DOID:0070121,A Meckel syndrome that has_material_basis_in an autosomal recessive mutation of the NPHP3 gene on chromosome 3q22.1.
Melnick-Needles syndrome,['FLNA'],MESH:D010009,DOID:0111788,"An otopalatodigital syndrome spectrum disorder characterized by short stature, facial dysmorphism, osseous abnormalities involving the majority of the axial and appendicular skeleton resulting in impaired speech and masticatory problems that has_material_basis_in heterozygous or hemizygous mutation in the FLNA gene on chromosome Xq28."
Meniere's disease,"['AQP4', 'HLA-DRB1', 'PTPN22', 'HLA-B', 'HSPA1A', 'MTHFR']",MESH:D008575,DOID:9849,"A vestibular disease characterized by vertigo, low-pitched tinnitus and hearing loss."
Miyoshi muscular dystrophy 3,['ANO5'],MESH:C567645,DOID:0070201,A Miyoshi muscular dystrophy that has_material_basis_in mutation in the ANO5 gene on chromosome 11p14.
Mowat-Wilson syndrome,['ZEB2'],MESH:C536990,DOID:0060485,"A syndrome characterized by distinctive facial features, intellectual disability, delayed development, Hirschsprung disease and has_material_basis_in de novo heterozygous mutation in the ZEB2 gene on chromosome 2q22."
Moyamoya disease,"['RNF213', 'HLA-A', 'PHACTR1', 'ACTA2', 'GUCY1A1', 'TIMP2']",MESH:D009072,DOID:13099,A cerebral arterial disease characterized by constriction of certain arteries at the base of the brain. Blood flow is blocked by the constriction and also by blood clots.
Muckle-Wells syndrome,"['IL1RN', 'NLRP3']",MESH:D056587,DOID:0050854,"A syndrome characterized by episodic skin rash, arthralgias, and fever associated with late-onset sensorineural deafness and renal amyloidosis that has_material_basis_in heterozygous mutation in the NLRP3 gene on chromosome 1q44."
Muenke Syndrome,['FGFR3'],MESH:C537369,DOID:0060703,"A craniosyntosis characterized by autosomal dominant inheritance, uni- or bicoronal synostosis, macrocephaly, midfacial hypoplasia, and developmental delay that has_material_basis_in a pro250 to agr (P250R) heterozygous mutation in the FGFR3 gene on chromosome 4p16.3."
Muir-Torre syndrome,"['MLH1', 'MSH2']",MESH:D055653,DOID:0050465,"A Lynch syndrome that is characterized by a propensity to develop cancers of the gastrointestinal tract, genitourinary tract, and skin that has_material_basis_in mutations in DNA mismatch repair genes."
Mullerian aplasia and hyperandrogenism,['WNT4'],MESH:C567186,DOID:0111526,"A disorder of sexual development characterized by primary amenorrhea, an underdeveloped or absent uterus, and clinical hyperandrogenism that has_material_basis_in heterozygous mutation in the WNT4 gene on chromosome 1p36.12."
Mycobacterium avium complex disease,['IL17A'],MESH:D015270,DOID:2755,"A primary bacterial infectious disease that results_in infection, has_material_basis_in Mycobacterium avium complex (MAC), which is transmitted_by inhalation or transmitted_by ingestion of via the respiratory or gastrointestinal tract respectively. The bacteria cause disseminated infection in HIV infected people, while pulmonary disease in immunocompetent persons."
NARP syndrome,[],MESH:C537396,DOID:0111273,"A mitochondrial metabolism disease characterized by developmental delay, retinitis pigmentosa, dementia, seizures, ataxia, proximal neurogenic muscle weakness, and sensory neuropathy that has_material_basis_in heteroplasmic mutation in the mitochondrial gene MTATP6."
NFIA-related disorder,['NFIA'],MESH:C535594,DOID:0060409,"A syndrome that has_material_basis_in heterozygous mutation in the NFIA gene on chromosome 1p31 and that is characterized by macrocephaly, seizures, developmental delay, dysmorphic features, ventriculomegaly, and hypotonia."
NGLY1-deficiency,['NGLY1'],MESH:C000626124,DOID:0060728,"A carbohydrate metabolic disorder that is characterized by global developmental delay, hypotonia, abnormal involuntary movements, and alacrima or poor tear production and that has_material_basis_in homozygous or compound heterozygous mutation in the NGLY1 gene on chromosome 1p24."
Naegeli-Franceschetti-Jadassohn syndrome,['KRT14'],MESH:C538331,DOID:0111528,"A ectodermal dysplasia characterized by reticulate hyperpigmentation that made fade with age, palmoplantar keratoderma, absence of dermatoglyphics, abnormal sweat function and dental anomalies that has_material_basis_in heterozygous mutation in the KRT14 gene on chromosome 17q21.2."
Nance-Horan syndrome,['NHS'],MESH:C538336,DOID:0060599,"A syndrome that has_material_basis_in mutation in the NHS gene on chromosome Xp22 and is characterized by congenital cataract leading to profound vision loss, characteristic dysmorphic features and dental anomalies."
Nasu-Hakola disease,['TYROBP'],MESH:C536329,DOID:0090112,A syndrome that is characterized by progressive presenile dementia and recurrent bone fractures due to polycystic osseous lesions of the lower and upper extremities that has_material_basis_in homozygous mutation in the TYRO protein tyrosine kinase binding protein (TYROBP) gene on chromosome 19q13 or homozygous mutation in the triggering receptor expressed on myeloid cells 2 (TREM2) gene on chromosome 6p21.
Native American myopathy,['STAC3'],MESH:C538343,DOID:0060346,"A congenital myopathy that is characterized by congenital weakness, arthrogryposis, cleft palate, ptosis, myopathic facies, short stature, kykphoscoliosis, talipes deformities and susceptibility to malignant hyperthermia provoked by anesthesia and that has_material_basis_in homozygous mutation in the STAC3 gene on chromosome 12q13."
Naxos disease,['JUP'],MESH:C538346,DOID:0080551,"A nonepidermolytic palmoplantar keratoderma that is characterized by palmoplantar keratoderma, woolly hair and arrhythmogenic right ventricular cardiomyopathy and that has_material_basis_in homozygous mutation in the plakoglobin gene on chromosome 17q21."
Niemann-Pick disease,"['NPC2', 'SMPD1']",MESH:D009542,DOID:14504,A sphingoliidosis characterized by the accumulation of the lipid sphingomyelin in lysosomes in cells.
Nijmegen breakage syndrome,['NBN'],MESH:D049932,DOID:7400,"A syndrome characterized by chromosomal instability, microcephaly, growth retardation, immunodeficiency, cellular hypersensitivity to X-rays, and predisposition to cancer that has_material_basis_in homozygous or compound heterozygous mutation in NBN on chromosome 8q21.3."
Noonan syndrome,"['RAF1', 'SPRED2', 'PTPN11', 'RIT1', 'LZTR1']",MESH:D009634,DOID:3490,"A RASopathy that is characterized by mildly unusual facial features, short stature, heart defects, bleeding problems, skeletal malformations, and many other signs and symptoms."
Noonan syndrome 2,['LZTR1'],MESH:C548081,DOID:0060580,A Noonan syndrome characterized by hypertrophic obstructive cardiomyopathy and that has_material_basis_in an autosomal recessive inheritance.
Noonan syndrome 3,[],MESH:C537847,DOID:0060581,A Noonan syndrome that has_material_basis_in heterozygous mutation in the KRAS gene.
Noonan syndrome 4,[],MESH:C548082,DOID:0060582,A Noonan syndrome that has_material_basis_in heterozygous mutation in the SOS1 gene on chromosome 2p22.
Noonan syndrome 5,['RAF1'],MESH:C548083,DOID:0060583,A Noonan syndrome that has_material_basis_in mutation in the RAF1 gene.
Noonan syndrome 6,['NRAS'],MESH:C548084,DOID:0060584,A Noonan syndrome that has_material_basis_in heterozygous mutation in the NRAS gene on chromosome 1p13.
Noonan syndrome with multiple lentigines 2,['RAF1'],MESH:C537117,DOID:0080549,A Noonan syndrome with multiple lentigines that has_material_basis_in heterozygous mutation in the RAF1 gene on chromosome 3p25.
Norman-Roberts syndrome,['RELN'],MESH:C537848,DOID:0060902,A lissencephaly that has_material_basis_in homozygous mutation in the gene encoding reelin (RELN) on chromosome 7q22.
Norrie disease,['NDP'],MESH:C537849,DOID:0060844,"A syndrome characterized by degenerative and proliferative changes of the neuroretina resulting in congenital blindness along with progressive mental disorders in about 50% of patients and sensorineural deafness in about 33% of patients, and that has_material_basis_in mutation in the NDP gene on chromosome Xp11."
Oliver-McFarlane syndrome,['PNPLA6'],MESH:C536554,DOID:0111271,"A syndrome characterized by trichomegaly, severe chorioretinal atrophy and multiple pituitary hormone deficiencies that has_material_basis_in homozygous or compound heterozygous mutation in PNPLA6 on 19p13.2."
PEHO syndrome,['ZNHIT3'],MESH:C536317,DOID:0080539,A brain disease that is characterized by extreme cerebellar atrophy due to almost total granule neuron loss.
PHGDH deficiency,['PHGDH'],MESH:C566618,DOID:0050722,A serine deficiency that has_material_basis_in deficiency of phosphoglycerate dehydrogenase which results in a disruption of L-serine biosynthesis.
Paget's disease of bone,"['TNFRSF11A', 'TNFRSF11B', 'SQSTM1', 'OPTN']",MESH:D010001,DOID:5408,"A bone formation disease that has_material_basis_in hyperactive osteoclast which results_in abnormal osteoblast bone formation located_in skull, located_in pelvis, located_in vertebral column, located_in set of limbs."
Pallister-Hall syndrome,['GLI3'],MESH:D054975,DOID:9248,"A syndrome that is characterized by hypothalamic hamartoma, pituitary dysfunction, central polydactyly, and visceral malformations and has_material_basis_in autosomal dominant heterozygous mutation in the GLI3 gene on chromosome 7p14."
Papillon-Lefevre disease,['CTSC'],MESH:D010214,DOID:3389,An ectodermal dysplasia that is characterized by palmoplantar keratoderma associated with early-onset periodontitis and has_material_basis_in homozygous or compound heterozygous mutation in the cathepsin C gene on chromosome 11q14.
Parkinson's disease,"['NAT2', 'DNAJC6', 'NOS1', 'GDF5', 'SEPTIN14', 'KLK6', 'TFAM', 'PARP1', 'FBXO7', 'VDR', 'MTRR', 'UCHL1', 'DBH', 'CASP9', 'GIGYF2', 'AKT1', 'HLA-DRA', 'HLA-DRB1', 'PLA2G6', 'NR4A2', 'GSTP1', 'DNAJC13', 'GSTM1', 'HTRA2', 'EPO', 'SLC11A2', 'LRRK2', 'IL1B', 'TCN2', 'GBA1', 'GRK6', 'A2M', 'VPS35', 'HSPA9', 'TH', 'CYP1A1', 'ANG', 'SLC18A2', 'SYNJ1', 'PPARGC1A', 'ESR2', 'GSTT1', 'SNCB', 'ATP13A2', 'PINK1', 'SOD1', 'EN1', 'HNMT', 'EPHX1', 'HMGCR', 'PARK7', 'CASP3', 'CAST', 'S100B', 'GSTO1', 'MAOB', 'EIF2AK2', 'NQO2']",MESH:D010300,DOID:14330,"A synucleinopathy that has_material_basis_in degeneration of the central nervous system that often impairs motor skills, speech, and other functions."
Parkinson's disease 14,['PLA2G6'],MESH:C567844,DOID:0060900,A late-onset Parkinson disease that has_material_basis_in homozygous mutation in the PLA2G6 gene on chromosome 22q13.
Partington syndrome,['ARX'],MESH:C562446,DOID:14744,"A syndrome characterized by intellectual disability, focal dystonia of the hands and dysarthria."
Pelger-Huet anomaly,['LBR'],MESH:D010381,DOID:9631,A hematopoietic system disease characterized by white blood cells with unusually shaped nuclei that has_material_basis_in heterozygous mutation in LBR on chromosome 1q42.12.
Pelizaeus-Merzbacher disease,['PLP1'],MESH:D020371,DOID:3210,"A hypomyelinating leukodystrophy characterized by impaired myelin formation, nystagmus, spastic quadriplegia, ataxia, and developmental delay that has_material_basis_in mutation in the PLP1 gene on chromosome Xq22."
Pendred Syndrome,['SLC26A4'],MESH:C536648,DOID:0060744,A syndrome characterized by bilateral prelingual sensorineural hearing loss and euthyroid goiter and that has_material_basis_in homozygous or compound heterozygous mutation in the SLC26A4 gene on chromosome 7q.
Perlman syndrome,['DIS3L2'],MESH:C536399,DOID:0060476,"A syndrome characterized by polyhydramnios with neonatal macrosomia, nephromegaly, distinctive facial appearance, renal dysplasia, nephroblastomatosis, and predisposition to Wilms tumor. It shows similarities to Beckwith-Wiedemann syndrome."
Perry syndrome,[],MESH:C566822,DOID:0060486,"A syndrome characterized by parkinsonism, hypoventilation, depression, and weight loss and that has_material_basis_in heterozygous mutation in the DCTN1 gene on chromosome 2p13."
Peters anomaly,['CYP1B1'],MESH:C537884,DOID:0060673,"A corneal disease characterized by a central corneal leukoma and absence of the posterior corneal stroma and Descemet membrane that has_material_basis_in mutation in the PAX6 gene on chromosome 11p13, the PITX2 gene on chromosome 4q25, the CYP1B1 gene on chromosome 2p22.2, or the FOXC1 gene on chromosome 6p25.3."
Peutz-Jeghers syndrome,['STK11'],MESH:D010580,DOID:3852,"An intestinal disease characterized by melanocytic macules of the lips, buccal mucosa, and digits; multiple gastrointestinal hamartomatous polyps; and an increased risk of various neoplasms that has_material_basis_in heterozygous mutation in the serine/threonine kinase STK11 gene on chromosome 19p13."
Pfeiffer syndrome,"['FGFR2', 'FGFR1']",MESH:D000168,DOID:14705,An acrocephalosyndactylia that has_material_basis_in mutations in the FGFR1 and FGFR2 gene which results_in premature fusion located_in skull.
Pick's disease,"['PSEN1', 'MAP2K6']",MESH:D020774,DOID:11870,A frontotemporal dementia that is characterized by a spectrum of neuropsychiatric symptoms ranging from those that affect the patient's personality to those that cause a decline in cognitive function.
Pierson syndrome,['LAMB2'],MESH:C537185,DOID:0060852,"A syndrome characterized by nephrotic syndrome with diffuse mesangial sclerosis, proteinuria, microcoria, absence of the pupillary dilator muscle in the iris, ciliary muscle atrophy, and abnormal eye development with lens-shape, retinal and corneal anomalies that has_material_basis_in homozygous or compound heterozygous mutation in the LAMB2 gene on chromosome 3p21."
Pitt-Hopkins syndrome,"['TCF4', 'CNTNAP2']",MESH:C537403,DOID:0060488,"A syndrome characterized by intellectual disability and developmental delay, breathing problems, recurrent seizures, and distinctive facial features and that has_material_basis_in heterozygous de novo mutations in the TCF4 gene in chromosome 18q21."
Plasmodium falciparum malaria,"['CYP2C19', 'MBL2', 'HP', 'GSTP1', 'G6PD', 'ABO', 'FCGR2A']",MESH:D016778,DOID:14067,"A malaria described as a severe form of the disease caused by a parasite Plasmodium falciparum, which is marked by irrregular recurrence of paroxysms and prolonged or continuous fever."
Plasmodium vivax malaria,['ACKR1'],MESH:D016780,DOID:12978,"A malaria that is caused by the protozoan parasite Plasmodium vivax, which induces paroxysms at 48-hour intervals."
Prader-Willi syndrome,"['NDN', 'SNRPN']",MESH:D011218,DOID:11983,"A chromosomal disease that is characterized by weak muscle tone, feeding difficulties, poor growth, and delayed development. Beginning in childhood, affected individuals develop an insatiable appetite, which leads to chronic overeating and obesity."
Proteus syndrome,['AKT1'],MESH:D016715,DOID:13482,"A PTEN hamartoma tumor syndrome that is characterized by overgrowth of the bones, skin, and other tissues."
Quebec platelet disorder,['PLAU'],MESH:C536260,DOID:0111050,"A blood platelet disease characterized by autosomal dominant inheritance of delayed onset bleeding after challenge, moderate to severe bleeding tendencies, frequent ecchymoses, mucocutaneous bleeding, muscle and joint bleeds and platelet alpha-granule degredation that has_material_basis_in heterozygous tandem duplication of the PLAU gene on chromosome 10q22."
RIDDLE syndrome,['RNF168'],MESH:C567453,DOID:0090113,"A syndrome that is characterized by increased radiosensitivity, immunodeficiency, mild motor control and learning difficulties, facial dysmorphism, and short stature, and that has_material_basis_in homozygous or compound heterozygous mutation in the ring finger protein 168 (RNF168) gene on chromosome 3q29."
Rapp-Hodgkin syndrome,['TP63'],MESH:C535289,DOID:0060330,"An ectodermal dysplasia characterized by abnormal development of ectodermal tissues including the skin, hair, nails, teeth and sweat glands and anhidrotic ectodermal dysplasia with cleft lip/palate."
Raynaud disease,['HNRNPK'],MESH:D011928,DOID:10300,"A peripheral vascular disease that is characterized by bilateral Raynaud phenomenon, the abrupt onset of digital paleness or cyanosis in response to cold exposure or stress."
Refsum disease,['PHYH'],MESH:D012035,DOID:10582,"A lipid metabolic disorder that is characterized by a tetrad of clinical abnormalities: retinitis pigmentosa, peripheral neuropathy, cerebellar ataxia, and accumulation of an unusual branched-chain fatty acid, phytanic acid, in blood and tissues."
Reis-Bucklers corneal dystrophy,['TGFBI'],MESH:C535476,DOID:0060453,"An epithelial-stromal TGFBI dystrophy that is characterized by recurrent erosions and irregular geographic opacification located_in the cornea, proteinaceous deposits in the anterior stroma and subepithelium, and progressive early vision loss, and has_material_basis_in heterozygous mutation of transforming growth factor beta-induced gene located in chromosome 5q31.1, which encodes keratoepithelin. Abnormalities lead to increased protein deposition and disruption especially of Bowman's membrane of the cornea."
Rett syndrome,"['CDKL5', 'MECP2']",MESH:D015518,DOID:1206,"A pervasive developmental disease that is characterized by normal early growth and development followed by a slowing of development, loss of purposeful use of the hands, distinctive hand movements, slowed brain and head growth, problems with walking, seizures, and intellectual disability."
Rh deficiency syndrome,['RHAG'],MESH:C562717,DOID:0050641,"A hemolytic anemia that is characterized by deficiency of Rh antigens, has_material_basis_in homozygous or compound heterozygous mutation in the RHAG gene on chromosome 6p12."
Riley-Day syndrome,['ELP1'],MESH:D004402,DOID:11589,"A hereditary sensory neuropathy that is characterized by gastrointestinal dysfunction, gastroesophageal reflux, vomiting crises, recurrent pneumonia, seizures, gait abnormalities with loss of ambulation, kyphoscoliosis, postural hypotension, hypertension crises, absence of fungiform papillae on the tongue, decreased deep tendon reflexes, defective lacrimation, and impaired pain and temperature perception and has_material_basis_in homozygous or compound heterozygous mutation in the IKBKAP gene (ELP1) on chromosome 9q31."
Ritscher-Schinzel syndrome,"['DPYSL5', 'VPS35L']",MESH:C535313,DOID:0060565,"A syndrome characterized by craniofacial (prominent occiputal and forehead, hypertelorism, ocular coloboma, cleft palate), cerebellar (Dandy-Walker malformation, cerebellar vermis hypoplasia) and cardiac (tetralogy of Fallot, atrial and ventricular septal defects) anomalies."
Roberts syndrome,['ESCO2'],MESH:C535687,DOID:5325,"A syndrome characterized by tetraphocomelia, craniofacial anomalies, growth retardation, intellectual disability, and cardiac and renal abnormalities that has_material_basis_in homozygous or compound heterozygous mutation in the ESCO2 gene on chromosome 8p21.1."
Robinow syndrome,['NXN'],MESH:C562492,DOID:0060254,"A syndrome characterized by mild to moderate short stature due to growth delays after birth, distinctive craniofacial abnormalities, skeletal malformations and genital abnormalities."
Rothmund-Thomson syndrome,"['ANAPC1', 'RECQL4']",MESH:D011038,DOID:2732,"A skin disease characterized by poikiloderma, congenital bone defects, and an increased risk of osteosarcoma in childhood and skin cancer later in life that has_material_basis_in homozygous or compound heterozygous mutation in the DNA helicase gene RECQL4 on chromosome 8q24."
Rubinstein-Taybi syndrome,['EP300'],MESH:D012415,DOID:1933,"A syndrome characterized by short stature, moderate to sever intellectual disability, distinctive facial features and broad thumbs and first toes."
SADDAN,['FGFR3'],MESH:D000130,DOID:0111158,"A syndrome characterized by severe achondroplasia, developmental delay and acanthosis nigricans that has_material_basis_in heterozygous mutation in the FGFR3 gene on chromosome 4p16."
SATB2-associated syndrome,['SATB2'],MESH:C567350,DOID:0060428,"A syndrome that has_material_basis_in genetic changes that affect the SATB2 gene and that is characterized by mild to severe intellectual disability, a delayed or absent ability to speak, severe speech anomalies, abnormalities of the palate, teeth anomalies, behavioral issues with or without bone or brain anomalies, and onset before age 2."
SHORT syndrome,['PIK3R1'],MESH:C537327,DOID:0111454,"A syndrome of multiple anomalies whose name stands for short stature, hyperextensibility of joints, ocular depression, Rieger anomaly and teething delay which, along with mild intrauterine growth restriction, partial lipodystrophy, delayed bone age, hernias and progeroid appearance, that has_material_basis_in heterozygous mutation in the PIK3R1 gene on chromosome 5q13."
SPOAN syndrome,['KLC2'],MESH:C563702,DOID:0060491,"A neurodegenerative disease characterized by spastic paraplegia, axonal neuropathy, dysarthria, acoustic startle, and congenital optical atrophy and that has_material_basis_in homozygous mutation in the KLC2 gene on chromosome 11q13.2."
Saethre-Chotzen syndrome,"['FGFR2', 'TWIST1']",MESH:D000168,DOID:14768,An acrocephalosyndactylia that has_material_basis_in a genetic mutation in the TWIST1 gene which results_in premature fusion located_in skull.
Sandhoff disease,['HEXB'],MESH:D012497,DOID:3323,"A GM2 gangliosidosis that is characterized by an accumulation of GM2 gangliosides, particularly in neurons, and that has_material_basis_in mutation in the beta subunit of hexosaminidase (HEXB) on chromosome 5q13."
Schimke immuno-osseous dysplasia,['SMARCAL1'],MESH:C536629,DOID:0060490,"A spondyloepiphyseal dysplasia characterized by short stature with hyperpigmented macules, unusual facies, proteinuria with progressive renal failure, lymphopenia with recurrent infections, and cerebral ischaemia. It has_material_basis_in mutations in the SMARCAL1 gene."
Schinzel Giedion syndrome,[],MESH:C536632,DOID:0070509,"An ectodermal dysplasia characterized by distinctive facial features, hydronephrosis, severe developmental delay, typical skeletal malformations, genital and cardiac anomalies, and increased tumor prevalence that has_material_basis_in heterozygous mutation in the SETBP1 gene on chromosome 18q12.3."
Schnitzler syndrome,"['IL1A', 'IL1RN']",MESH:D019873,DOID:4371,"A hypersensitivity reaction type IV disease that is characterized by chronic urticarial rash and monoclonal IgM gammopathy, has_symptom rash, intermittent fever, arthralgia, and lymphadenopathy."
Schnyder corneal dystrophy,['UBIAD1'],MESH:C535475,DOID:0060456,A stromal dystrophy that is characterized by abnormal deposition of cholesterol and phospholipids in the cornea and that has_material_basis_in heterozygous mutation in the UBAID1 gene on chromosome 1p36.
Schopf-Schulz-Passarge syndrome,['WNT10A'],MESH:C565607,DOID:0111647,"An ectodermal dysplasia characterized by multiple eyelid apocrine hidrocystomas, palmoplantar keratoderma, hypotrichosis, hypodontia and nail dystrophy that has_material_basis_in homozygous or compound heterozygous mutation in the WNT10A gene on chromosome 2q35."
Scott syndrome,['ANO6'],MESH:C563120,DOID:0111052,A blood coagulation disease characterized by autosomal recessive inheritance of hemorrhagic episodes due to impaired platelet coagulant activity that has_material_basis_in homozygous mutation in the TMEM16F gene on chromosome 12q12.
Seckel syndrome 1,['ATR'],MESH:C537533,DOID:0070007,A Seckel syndrome that has_material_basis_in homozygous or compound heterozygous mutation in the ATR gene on chromosome 3q23.
Seckel syndrome 2,['RBBP8'],MESH:C537534,DOID:0070013,A Seckel syndrome that has_material_basis_in homozygous mutation in the RBBP8 gene on chromosome 18q11.
Sengers syndrome,['AGK'],MESH:C538280,DOID:0080132,"A mitochondrial DNA depletion syndrome that is characterized by congenital cataracts, hypertrophic cardiomyopathy, skeletal myopathy, exercise intolerance, and lactic acidosis, but normal mental development, and has_material_basis_in autosomal recessive inheritance of homozygous or compound heterozygous mutation in the acylglycerol kinase gene on chromosome 7q34."
Senior-Loken syndrome,"['WDR19', 'IQCB1', 'SDCCAG8', 'NPHP4', 'CEP290', 'TRAF3IP1', 'NPHP1']",MESH:C537580,DOID:0050576,"A syndrome characterized by progressive wasting of the filtering unit of the kidney (nephronophthisis), with or without medullary cystic renal disease, and progressive eye disease."
Shwachman-Diamond syndrome,"['EFL1', 'SBDS']",MESH:C537330,DOID:0060479,"A syndrome characterized by exocrine pancreatic insufficiency, bone marrow failure and skeletal abnormalities."
Silver-Russell syndrome,"['IGF2', 'HMGA2', 'PLAG1']",MESH:D056730,DOID:14681,"A physical disorder that is characterized by severe intrauterine growth retardation, poor postnatal growth, craniofacial features such as a triangular shaped face and a broad forehead, body asymmetry, and a variety of minor malformations."
Simpson-Golabi-Behmel syndrome type 1,['GPC3'],MESH:C537340,DOID:0060248,"A syndrome characterized by pre- and postnatal overgrowth and craniofacial, skeletal, cardiac and renal abnormalities and has_material_basis_in mutation in the gene encoding glypican-3 (GPC3) on chromosome Xq26."
Sjogren's syndrome,"['IL6', 'CCR5', 'HLA-DQA1', 'VIM', 'MMP9', 'STAT4', 'HLA-DRB1', 'PTPN22', 'LTA', 'IL10', 'IL1RN', 'CAST', 'HNRNPH1', 'CYP1A1', 'CTLA4']",MESH:D012859,DOID:12894,An autoimmune disease that involves attack of immune cells which destroy the exocrine glands that produce tears and saliva.
Sjogren-Larsson syndrome,['ALDH3A2'],MESH:D016111,DOID:14501,"A syndrome that is characterized by ichthyosis, mental retardation, spastic paraparesis, macular dystrophy, and leukoencephalopathy, and has_material_basis_in autosomal recessive inheritance of homozygous or compound heterozygous mutation in the aldehyde dehydrogenase 3 family member A2 (ALDH3A2) gene, which encodes fatty aldehyde dehydrogenase, on chromosome 17p11."
Sly syndrome,['GUSB'],MESH:D016538,DOID:12803,A mucopolysaccharidosis characterized by a deficiency of the lysosomal enzyme beta-glucuronidase resulting in the inability to degrade glucuronic acid-containing glycosaminoglycans.
Smith-Magenis syndrome,[],MESH:D058496,DOID:0060768,"A chromosomal deletion syndrome that is characterized by mild-to-moderate infantile hypotonia, minor skeletal anomalies, prepubertal short stature, brachydactyly, ophthalmologic and otolaryngologic abnormalities, peripheral neuropathy, developmental delay, cognitive impairment, and behavioral abnormalities that has_material_basis_in a 3.7-Mb interstitial deletion in chromosome 17p11.2 or sometimes by mutations in the RAI1 gene in the same region."
Sneddon syndrome,['ADA2'],MESH:D018860,DOID:13096,An artery disease that is characterized by onset of livedo reticularis in the second decade and onset of cerebrovascular disease in early adulthood and that has_material_basis_in compound heterozygous mutation in the CECR1 gene (ADA2) on chromosome 22q11.
Sotos syndrome,['NSD1'],MESH:D058495,DOID:14748,A syndrome that occurs rarely and is characterized by excessive physical growth during the first 2 to 3 years of life.
Stevens-Johnson syndrome,"['HLA-B', 'GSTM1', 'HLA-A']",MESH:D013262,DOID:0050426,"A skin disease that is characterized by ulceration of less than 10 percent of the surface area of the body. The disease is often precipitated by the use of medications, such as antibiotics or antiepileptics, or onset of infection."
Stiff-Person syndrome,['HSD17B4'],MESH:D016750,DOID:13366,A movement disease that is of unknown etiology characterized by progressive rigidity.
Stormorken syndrome,['STIM1'],MESH:C566108,DOID:0060354,"A blood platelet disease characterized by thrombocytopathy, thrombocytopenia, mild anemia, asplenia, tubular aggregate myopathy, miosis, headache, and ichthyosis. It has_material_basis_in heterozygous mutation in the STM1 gene on chromosome 11p15. It has an autosomal dominant inheritance pattern."
Sturge-Weber syndrome,['GNAQ'],MESH:D013341,DOID:0111563,"A vascular disease characterized by intracranial vascular anomaly, leptomeningeal angiomatosis, facial cutaneous vascular malformations, and glaucoma that has_material_basis_in somatic mutation in the GNAQ gene on chromosome 9q21.2."
Sveinsson chorioretinal atrophy,['TEAD1'],MESH:C566236,DOID:0111228,An eye disease characterized by presence in the fundus of progressive bilateral retinal and choroidal atrophy leading to central vision loss that has_material_basis_in heterozygous mutation in TEAD1 on 11p15.3.
Sweet syndrome,['MEFV'],MESH:D016463,DOID:0080746,"A skin disease that is characterized by sudden onset of well defined tender plaques or nodules accompanied by fever, arthralgias, ocular inflammation, headaches and, rarely, oral or genital lesions."
T-cell acute lymphoblastic leukemia,"['DNMT3A', 'NUP98', 'JAK1', 'JAK3', 'RPL5', 'PDGFRA', 'AKR1C3', 'CDKN2A', 'LYL1', 'CXCR4', 'RPL11']",MESH:D015458,DOID:5603,An acute lymphoblastic leukemia that is characterized by too many T-cell lymphoblasts found in the bone marrow and blood.
"T-cell immunodeficiency, congenital alopecia, and nail dystrophy",['FOXN1'],MESH:C536781,DOID:0060769,"A severe combined immunodeficiency characterized by congenital alopecia, severe T-cell immunodeficiency, and ridging, pitting or curving of all nails that has_material_basis_in homozygous mutation in the FOXN1 gene on chromosome 17q11-q12."
T-cell non-Hodgkin lymphoma,"['IER3', 'TMEM260', 'JAK3', 'FGFR1']",MESH:D016399,DOID:0081312,A non-Hodgkin lymphoma of T-cell lineage.
TARP syndrome,['RBM10'],MESH:C536942,DOID:0111780,"A syndrome characterized by talipes equinovarus, atrial septal defect, Robin sequence (micrognathia, cleft palate, and glossoptosis), and persistent left superior vena cava typically resulting in late prenatal or early postnatal mortality that has_material_basis_in hemizygous mutation in the RBM10 gene on chromosome Xp11.3."
Takayasu's arteritis,"['HLA-DRB1', 'IL2', 'HLA-B', 'HLA-A', 'MLX']",MESH:D001015,DOID:2508,A vasculitis that involves inflammation of the aorta that carries blood from the heart to the rest of the body.
Tangier disease,['ABCA1'],MESH:D013631,DOID:1388,A hypolipoproteinemia that is characterized by markedly reduced levels of plasma high density lipoproteins resulting in tissue accumulation of cholesterol esters and that has_material_basis_in homozygous or compound heterozygous mutation in the ABCA1 gene on chromosome 9q31.
Tay-Sachs disease,['HEXA'],MESH:D013661,DOID:3320,"A GM2 gangliosidosis that is characterized onset in infancy of developmental retardation, followed by paralysis, dementia and blindness, with death in the second or third year of life and has_material_basis_in homozygous or compound heterozygous mutation in the alpha subunit of the hexosaminidase A gene (HEXA) on chromosome 15q23."
Temtamy syndrome,['C12orf57'],MESH:C536959,DOID:0111621,"A syndrome characterized by variable craniofacial dysmorphism, ocular coloboma, seizures, and brain abnormalities including partial or complete absence of the corpus callosum that has_material_basis_in"
Thiel-Behnke corneal dystrophy,['TGFBI'],MESH:C535942,DOID:0060455,"An epithelial-stromal TGFBI dystrophy that is characterized by recurrent erosions and honeycomb-shaped opacification located_in the cornea, proteinaceous deposits in the anterior stroma and subepithelium, and progressive early vision loss, and has_material_basis_in autosomal dominant inheritance of heterozygous mutation of transforming growth factor beta-induced gene located in chromosome 5q31.1, which encodes keratoepithelin. Abnormalities lead to increased protein deposition and disruption especially of Bowman's membrane of the cornea."
Tietz syndrome,['MITF'],MESH:C536919,DOID:0090002,"A syndrome that is characterized by congenital profound bilateral sensorineural hearing loss and generalized albino-like hypopigmentation of skin, eyes and hair that has_material_basis_in mutation in the MITF gene on chromosome 3p13."
Timothy syndrome,['CACNA1C'],MESH:C536962,DOID:0060173,"A syndrome characterized by cardiac, hand/foot, facial, and neurodevelopmental features that has_material_basis_in heterozygous mutation in the CACNA1C gene on chromosome 12p13.33. The two forms are type 1 (classic) and type 2, a rare form that has_material_basis_in mutations in a transcript variant of the CACNA1C gene."
Torrance type platyspondylic dysplasia,['COL2A1'],MESH:C563627,DOID:0111508,"An osteochondrodysplasia characterized by decreased ossification of the skull base, disc-like platyspondyly, short thin ribs, hypoplastic pelvis with wide sacrosciatic notches and flat acetabular roof, and short tubular long bones with metaphyseal cupping that has_material_basis_in heterozygous mutation in the COL2A1 gene on chromosome 12q13.11."
Townes-Brocks syndrome,"['DACT1', 'SALL1']",MESH:C536974,DOID:0050887,"A syndrome that is characterized by imperforate anus, dysplastic ears often associated with sensorineural and/or conductive hearing impairment, and thumb malformations."
Treacher Collins syndrome,['TCOF1'],MESH:D008342,DOID:2908,"A syndrome that is characterized by bilateral and symmetric downslanting palpebral fissures, malar hypoplasia, micrognathia, and external ear abnormalities."
Turner syndrome,"['VDR', 'IGFBP3']",MESH:D014424,DOID:3491,A gonadal dysgenesis that is characterized by short stature and early loss of ovarian function resulting from ovarian hypofunction or premature ovarian failure and has_material_basis_in one missing or structurally altered X chromosome.
UV-sensitive syndrome,"['ERCC8', 'UVSSA', 'ERCC6']",MESH:C563466,DOID:0060240,A skin disease characterized by photosensitivity and liver spots (solar lentigines).
Unverricht-Lundborg syndrome,['CSTB'],MESH:D020194,DOID:3535,"A progressive myoclonus epilepsy characterized by onset between 6 and 13 years of age of action- and stimulus-sensitive myoclonus, tonic-clonic seizures with ataxia, and a mild cognitive decline."
Uruguay faciocardiomusculoskeletal syndrome,['FHL1'],MESH:C564544,DOID:0112148,"A syndrome characterized by distinctive facial appearance, muscular hypertrophy, and cardiac ventricular hypertrophy that has_material_basis_in hemizygous mutation in the FHL1 gene on chromosome Xq26.3."
Usher syndrome,"['MYO7A', 'USH1C', 'USH2A']",MESH:D052245,DOID:0050439,A syndrome characterized by a combination of hearing loss and visual impairment.
Usher syndrome type 2,['USH2A'],MESH:D052245,DOID:0110827,"An Usher syndrome characterized by mild to severe congenital hearing impairment, normal vestibular function and later development of retinitis pigmentosa."
Van den Ende-Gupta syndrome,[],MESH:C535909,DOID:0111699,"A syndrome characterized by severe contractual arachnodactyly, distinctive facial features, blepharophimosis, and absence of neurological involvement that has_material_basis_in homozygous or compound heterozygous mutation in the SCARF2 gene on chromosome 22q11.21."
Van der Woude syndrome,['IRF6'],MESH:C536528,DOID:0060239,"A syndrome characterized by the combination of lower lip pits, cleft lip with or without cleft palate and cleft palate alone."
Vici syndrome,['EPG5'],MESH:C535566,DOID:0060356,"A syndrome characterized by callosal agenesis, cataracts, cardiomyopathy, combined immunodeficiency and hypopigmentation. It has_material_basis_in mutation in the EPG5 gene on chromosome 18q12.3."
Vogt-Koyanagi-Harada disease,"['HLA-DRB1', 'HLA-DQA1', 'STAT4']",MESH:D014607,DOID:12297,"An autoimmune disease that is caused by T helper cell mediated autoimmune attack of melanocytes resulting in inflammation of the inside of the eye, whitening of hair, skin pigment loss, and meningitis."
Vohwinkel syndrome,['GJB2'],MESH:C536457,DOID:0111339,"A syndrome characterized by severe, honeycomb-patterned palmoplantar keratosis, constrictions on the fingers and toes leading to autoamputation and mild to moderate congenital sensorineural hearing loss that has_material_basis_in heterozygous mutation in the GJB2 gene on chromosome 13q12.11."
WHIM syndrome,['CXCR4'],MESH:C536697,DOID:0060591,"An immunodeficiency disease that is characterized by neutropenia, hypogammaglobulinemia, and extensive human papillomavirus infection and that has_material_basis_in heterozygous mutation in the CXCR4 gene on chromosome 2q22."
Waardenburg syndrome,"['KITLG', 'MITF', 'EDN3', 'PAX3', 'EDNRB']",MESH:D014849,DOID:9258,"A syndrome characterized by varying degrees of deafness, minor defects in structures arising from the neural crest and pigmentation anomalies of the hair, the skin and/or the iris of both eyes."
Waardenburg syndrome type 1,['PAX3'],MESH:D014849,DOID:0110948,"A Waardenburg syndrome characterized by autosomal dominant inheritance of congenital deafness, pigmentation anomalies of eyes, hair, and skin,and dystopia canthorum that has_material_basis_in heterozygous mutation in the PAX3 gene on chromosome 2q36."
Waardenburg syndrome type 2A,['MITF'],MESH:C536464,DOID:0110950,"A Waardenburg syndrome characterized by pigmentary abnormalities of the hair, skin, and eyes, congenital sensorineural hearing loss, and absence of lateral displacement of the inner canthus of each eye that has_material_basis_in heterozygous mutation in the MITF gene on chromosome 3p13."
Walker-Warburg syndrome,"['POMGNT1', 'FKRP', 'POMT2', 'FKTN', 'POMT1']",MESH:D058494,DOID:0050560,"A congenital muscular dystrophy that is characterized by hypotonia, seizures, severe intellectual and developmental disability, eye abnormalities and early death and has_material_basis_in mutations in multiple genes including POMT1, POMT2, ISPD, FKTN, FKRP, and LARGE1."
Weaver syndrome,['EZH2'],MESH:C562443,DOID:14731,"A syndrome that is characterized by prenatal and postnatal overgrowth, accelerated osseous maturation, characteristic craniofacial appearance, and developmental delay and has_material_basis_in heterozygous mutation in the EZH2 gene on chromosome 7q36."
Weill-Marchesani syndrome,"['ADAMTS17', 'LTBP2', 'FBN1', 'ADAMTS10']",MESH:D056846,DOID:0050475,"A syndrome characterized by short stature, brachycephaly and other facial abnormalities, brachydactyly, joint stiffness and distinctive ocular abnormalities."
Werdnig-Hoffmann disease,['SMN1'],MESH:D014897,DOID:13137,"A childhood spinal muscular atrophy that is a severe form and is characterized by muscle weakness onset from birth to six months of age, the inability to sit unassisted and that has_material_basis_in a mutation or deletion in the telomeric copy of the SMN gene, known as SMN1, on chromosome 5q13."
Werner syndrome,"['WRN', 'LMNA']",MESH:D014898,DOID:5688,"A progeroid syndrome characterized by premature aging and age-related phenotypes such as atherosclerosis, arteriosclerosis, cataracts, osteoporosis, soft tissue calcification, premature thinning, graying, and loss of hair, as well as a high incidence of some types of cancers and that has_material_basis_in mutations in the WRN gene, on chromosome 8."
West Nile fever,"['CCR5', 'RFC1', 'KIR3DS1']",MESH:D014901,DOID:2366,"A viral infectious disease that results_in infection, has_material_basis_in West Nile virus, which is transmitted_by Culex and transmitted_by Aedes mosquitoes. The infection has_symptom fever, has_symptom sore throat, has_symptom headache, has_symptom body ache, has_symptom nausea, has_symptom maculopapular rash and has_symptom vomiting."
West syndrome,"['STXBP1', 'MC2R']",MESH:D013036,DOID:0050562,"An infancy electroclinical syndrome that is characterized by infantile spasms, hypsarrhythmia on electroencephalogram and intellectual disability."
Weyers acrofacial dysostosis,['EVC2'],MESH:C536695,DOID:0111571,"An acrofacial dysostosis characterized by dental anomalies, nail dystrophy, postaxial polydactyly, and mild short stature that has_material_basis_in heterozygous mutation in the genes EVC2 or EVC on chromosome 4p16.2."
Williams-Beuren syndrome,"['BUD23', 'EIF4H', 'FZD3', 'RCC1L', 'DNAJC30', 'NCF1', 'ELN', 'FKBP6', 'LAT2']",MESH:D018980,DOID:1928,"A syndrome that is characterized by mild to moderate intellectual disability, a broad forehead, a short nose with a broad tip, full cheeks, and a wide mouth with full lips and difficulty with visual-spatial tasks and has_material_basis_in hemizygous deletion of 1.5 to 1.8 Mb on chromosome 7q11.23."
Wilson disease,['ATP7B'],MESH:D006527,DOID:893,"A metal metabolism disease that is characterized by excess copper stored in various body tissues, particularly the liver, brain, and corneas of the eyes."
Winchester syndrome,['MMP14'],MESH:C536709,DOID:0080696,A syndrome that is characterized by a loss of bone tissue particularly in the hands and feet.
Wiskott-Aldrich syndrome,['WAS'],MESH:D014923,DOID:9169,A syndrome that is characterized by abnormal immune system function and a reduced ability to form blood clots resulting from a decrease in the number and size of blood cell fragments involved in clotting (microthrombocytopenia).
Wolcott-Rallison syndrome,['EIF2AK3'],MESH:C536739,DOID:0090060,"A syndrome that is characterized by permanent neonatal diabetes mellitus with multiple epiphyseal dysplasia, osteoporosis, growth retardation and frequently hepatic and renal dysfunction that has_material_basis_in homozygous mutation in the eukaryotic translation initiation factor 2 alpha kinase 3 (EIF2AK3) gene on chromosome 2p11.2."
Wolfram syndrome,['WFS1'],MESH:D014929,DOID:10632,"A syndrome that is characterized by diabetes mellitus, optic atrophy, and deafness."
Wolfram syndrome 2,['CISD2'],MESH:C565733,DOID:0110630,"An autosomal recessive neurodegenerative disorder characterized by diabetes mellitus, high frequency sensorineural hearing loss, optic atrophy or neuropathy, and defective platelet aggregation resulting in peptic ulcer bleeding. It has_material_basis_in autosomal recessive inheritance of homozygous or compound heterozygous mutation in the CISD2 gene on chromosome 4q24."
Wolman disease,['LIPA'],MESH:D015223,DOID:14497,"A lysosomal acid lipase deficiency characterized by infantile onset of rapidly progressive accumulation of cholesteryl esters and triglycerides throughout the body, resulting in hepatosplenomegaly, severe malnutrition, jaundice, vomiting, diarrhea, steatorrhea. Death usually occurs within the first year of life."
Woodhouse-Sakati syndrome,['DCAF17'],MESH:C536742,DOID:0112264,"A syndrome characterized by hypogonadism, alopecia, diabetes mellitus, intellectual deficit and extrapyramidal signs with choreoathetoid movements and dystonia that has_material_basis_in homozygous or compound heterozygous mutation in the DCAF17 gene on chromosome 2q31.1."
Worth syndrome,['LRP5'],MESH:C536748,DOID:0080037,A hyperostosis that has_material_basis_in a mutation in the LRP5 gene which results_in increased bone density and bony structures located_in palate.
X-linked Aarskog syndrome,['FGD1'],MESH:C535331,DOID:6683,"A syndromic X-linked intellectual disability affects a person's height, muscles, skeleton, genitals, and appearance of the face."
X-linked agammaglobulinemia,['BTK'],MESH:C537409,DOID:14179,"An agammaglobulinemia that is that has_material_basis_in a mutation in the Bruton's tyrosine kinase (BTK) gene on the X chromosome resulting in X-linked agammaglobulinemia type 1, which is an immunodeficiency characterized by the failure to produce mature B lymphocytes, and associated with a failure of Ig heavy chain rearrangement."
X-linked cardiac valvular dysplasia,['FLNA'],MESH:C536197,DOID:0111765,A heart valve disease characterized by multivalvular dysplasia and regurgitation with more severe phenotypes in hemizygous males compared to heterozygous females that has_material_basis_in mutation in the FLNA gene on chromosome Xq28.
X-linked chondrodysplasia punctata 1,['ARSL'],MESH:C580533,DOID:0060292,"A chondrodysplasia punctata that is characterized by maxillary hypoplasia, stippled chondrodystrophy, flat nasal tip and short columella, has_material_basis_in X-linked recessive inheritance, has_material_basis_in deficiency of arylsulfatase E. and is associated with associated with vitamin K-related teratogenicity."
X-linked dilated cardiomyopathy,['DMD'],MESH:C580047,DOID:0110461,"A dilated cardiomyopathy that has_material_basis_in mutation in the gene encoding dystrophin (DMD) on chromosome Xp21, without skeletal muscle weakness or wasting."
X-linked distal spinal muscular atrophy 3,['ATP7A'],MESH:C564506,DOID:0111196,"A spinal muscular atrophy characterized by slowly progressive atrophy and weakness of distal muscles of hands and feet with absence of cognitive, pyramidal, or sensory impairment that has_material_basis_in homozygous or hemizygous mutation in ATP7A on Xq21.1."
X-linked dominant hypophosphatemic rickets,['PHEX'],MESH:D053098,DOID:0050445,"A rickets has_material_basis_in X-linked mutations in the PHEX gene that lead to increased circulating levels of FGF-23, a phosphate-regulating hormone (phosphatonin), that leads to reduced renal phosphate reabsorption and consequently abnormal bone mineralization."
X-linked epilepsy with variable learning disabilities and behavior disorders,['SYN1'],MESH:C564505,DOID:0112122,An epilepsy characterized by epilepsy with variable learning disabilities and behavioral disorders in some patients that has_material_basis_in heterozygous or hemizygous mutation in the SYN1 gene on chromosome Xp11.3-p11.2.
X-linked ichthyosis,['STS'],MESH:D016114,DOID:1700,"An ichthyosis that is characterized by a build-up of scales on the skin, typically on the back of the neck and trunk resulting from skin cells that do not properly separate from the outermost surface of the skin, and has_material_basis_in X-linked recessive mutation or deletion of the STS gene on chromosome Xp22."
X-linked properdin deficiency,['CFP'],MESH:C537241,DOID:0111768,A complement deficiency characterized by decreased plasma levels of complement factor properdin and increased susceptibility to Neisseria species infections that has_material_basis_in homozygous or hemizygous mutation in PFC on chromosome Xp11.23.
X-linked reticulate pigmentary disorder,['POLA1'],MESH:C564461,DOID:0111834,"A pigmentation disease characterized by early onset of recurrent respiratory infections, failure to thrive resulting from inflammatory gastroenteritis or colitis, and reticular pigmentation abnormalities of the skin in hemizygous males and only pigmentary abnormalities along the lines of Blaschko in heterozygous females that has_material_basis_in mutation in the POLA1 gene on chromosome Xp22.1-p21.3."
X-linked severe combined immunodeficiency,['IL2RG'],MESH:D053632,DOID:0060013,"A severe combined immunodeficiency that is a X-linked SCID that has_material_basis_in mutations in genes encoding common gamma chain proteins shared by the interleukin (IL-2,4,7,9,16 and21) receptors resulting in a non-functional gamma chain, defective interleukin signalling, minimal or ascent T- and NK cells and non-functional B-cells."
X-linked severe congenital neutropenia,['WAS'],MESH:C564539,DOID:0112128,A severe congenital neutropenia that has_material_basis_in hemizygous activating mutation in WAS on chromosome Xp11.23.
X-linked spinal muscular atrophy 2,['UBA1'],MESH:C535380,DOID:0111827,"A spinal muscular atrophy characterized by neonatal onset of severe hypotonia, areflexia, and multiple congenital contractures associated with loss of anterior horn cells and infantile death that has_material_basis_in hemizygous mutation in the UBA1 gene on chromosome Xp11.3."
X-linked spondyloepimetaphyseal dysplasia,['BGN'],MESH:C564714,DOID:0112150,A spondyloepimetaphyseal dysplasia that has_material_basis_in hemizygous mutation in BGN on chromosome Xq28.
X-linked thrombocytopenia with beta-thalassemia,['GATA1'],MESH:C564050,DOID:0111767,"A hematopoietic system disease characterized by variable thrombocytopenia, hemolytic anemia, splenomegaly, and abnormalities in hemoglobin chain synthesis resulting in imbalance between the alpha and beta chains that has_material_basis_in homozygous or hemizygous missense mutation in the DNA binding domain of the GATA1 gene on chromosome Xp11.23."
X-linked thrombophilia due to factor IX defect,['F9'],MESH:C567581,DOID:0111899,"A thrombophilia characterized by normal levels of F9 antigen, but very high levels of F9 activity that has_material_basis_in hemizygous gain of function mutation in F9 on chromosome Xq27.1."
XFE progeroid syndrome,['ERCC4'],MESH:C567043,DOID:0060590,"A progeroid syndrome that is characterized by aged bird-like facies, lack of subcutaneous fat, dwarfism, cachexia and microcephaly and that has_material_basis_in homozygous mutation in the ERCC4 gene on chromosome 16p13."
Y-linked spermatogenic failure 2,['USP9Y'],MESH:C564030,DOID:0070187,A spermatogenic failure that is characterized by nonobstroctive azoospermia or oligozoospermia that has_material_basis_in interstitial deletions on the Yq11.221 chromosomal region.
Yunis-Varon syndrome,['FIG4'],MESH:C536719,DOID:0060589,"A syndrome characterized by skeletal defects, including cleidocranial dysplasia and digital anomalies, and severe neurologic involvement with neuronal loss. Enlarged cytoplasmic vacuoles are found in neurons, muscle, and cartilage. It is usually lethal in infancy and has_material_basis_in homozygous or compound heterozygous mutation in the FIG4 gene on chromosome 6q21."
Zellweger syndrome,"['PHYH', 'ABCD3', 'NR5A1']",MESH:D015211,DOID:905,A peroxisomal biogenesis disorder that is characterized by the reduction or absence of functional peroxisomes in the cells of an individual that has_material_basis_in autosomal recessive inheritance of a mutation in the peroxisome biogenesis factor (PEX) genes.
Zika fever,['STAT2'],MESH:D000071243,DOID:0060478,"A viral infectious disease that has_material_basis_in Zika virus, which is transmitted_by Aedes aegypti mosquitoes and targets neural progenitor cells and neuronal cells in all stages of maturity and has_symptom fever, has_symptom rash, has_symptom headaches and has_symptom joint pain."
Zollinger-Ellison syndrome,['EGF'],MESH:D015043,DOID:0050782,"A syndrome that is characterized by the development of a one or more tumors (gastrinoma) in the pancreas, duodenum, or both that secrete excessive levels of gastrin, a hormone that stimulates production of acid by the stomach."
abdominal aortic aneurysm,"['TYMS', 'SORT1', 'MTR', 'ELN', 'MTRR', 'NNMT', 'MMP12', 'FOLH1', 'HMOX1', 'HLA-DRB1', 'MMP1', 'ITGAV', 'AHCY', 'MMP13', 'DAB2IP', 'PON1', 'PLA2G7', 'SLC19A1', 'HLA-DQA1', 'MTHFD1', 'MAPK8', 'MTHFR']",MESH:D017544,DOID:7693,An aortic aneurysm that is located_in the abdominal aorta.
abetalipoproteinemia,['MTTP'],MESH:D000012,DOID:1386,"A hypolipoproteinemia that is characterized by an inablility to fully absorb dietary fats, cholesterol and fat-soluble vitamins, has_material_basis_in an autosomal recessive disorder of lipid metabolism that has_material_basis_in mutation in the microsomal triglyceride transfer protein that catalyzes the transport of lipids and is required in the secretion of BETA-LIPOPROTEINS."
ablepharon macrostomia syndrome,[],MESH:C535557,DOID:0060550,"A syndrome characterized by ablepharon, macrostomia, abnormal external ears, syndactyly of the hands and feet, dry and coarse skin or redundant folds of skin, absent or sparse hair, genital malformations and developmental delay and that has_material_basis_in heterozygous mutation in the TWIST2 gene on chromosome 2q37."
acanthosis nigricans,"['TBC1D4', 'FGFR3']",MESH:D000052,DOID:3138,"A pigmentation disease characterized by velvety, darkening of the skin usually in intertriginous areas."
acatalasia,['CAT'],MESH:D020642,DOID:2582,A peroxisomal disease characterized by loss of catalase activity in erythrocytes that has_material_basis_in homozygous mutation in the CAT gene on chromosome 11p13.
achalasia,"['AAAS', 'VIPR1', 'HLA-DQA1']",MESH:D004931,DOID:9164,An esophageal disease that is characterized by an inability of the esophagus to move food toward the stomach resulting from the lower esophogeal sphincter not fully relaxing during swallowing.
achondrogenesis type II,['COL2A1'],MESH:C536017,DOID:0080056,"An achondrogenesis that has_material_basis_in mutations in the COL2A1 gene which results_in underdeveloped lungs, hydrops fetalis, a prominent forehead and abnormal ossification of the located_in vertebral column or located_in pelvis."
achondroplasia,['FGFR3'],MESH:D000130,DOID:4480,"An osteochondrodysplasia that is characterized by short stature caused by rhizomelic shortening of the limbs, characteristic facies with frontal bossing and midface hypoplasia, exaggerated lumbar lordosis, limitation of elbow extension, genu varum, and trident hand and that has_material_basis_in heterozygous mutation in the fibroblast growth factor receptor-3 gene (FGFR3) on chromosome 4p16.3. Achondroplasia results in dwarfism due to the abnormal ossification of cartilage in the long bone."
achromatopsia 2,['CNGA3'],MESH:C536128,DOID:0110007,An achromatopsia that has_material_basis_in homozygous or compound heterozygous mutation in the CNGA3 gene on chromosome 2q11.
achromatopsia 3,['CNGB3'],MESH:C536129,DOID:0110008,An achromatopsia that has_material_basis_in homozygous or compound heterozygous mutation in the CNGB3 gene on chromosome 8q2.
achromatopsia 4,['GNAT2'],MESH:C564206,DOID:0110010,An achromatopsia that has_material_basis_in homozygous or compound heterozygous mutation in the GNAT2 gene on chromosome 1p13.
acinar cell carcinoma,['APC'],MESH:D018267,DOID:3025,"A carcinoma that has_material_basis_in abnormally proliferating cells, derives_from spindle cells and/or derives_from giant cells."
acne,"['IGF1', 'TNFRSF1A', 'IL4R', 'TNFRSF1B', 'TLR2']",MESH:D000152,DOID:6543,"A sebaceous gland disease characterized by areas of blackheads, whiteheads, pimples, greasy skin, and possibly scarring."
acquired angioedema,['XPNPEP2'],MESH:C538173,DOID:0080941,An angioedema that is characterized by an acquired deficiency of (C1-INH) caused by either consumption or inactivation.
acquired immunodeficiency syndrome,"['KIR3DS1', 'ARHGAP44', 'ABCB1', 'BST2', 'CCL4', 'IFNL4', 'CD209', 'KIR2DL1', 'HLA-A']",MESH:D000163,DOID:635,"A Human immunodeficiency virus infectious disease that results_in reduction in the numbers of CD4-bearing helper T cells below 200 per microliter of blood or 14% of all lymphocytes thereby rendering the subject highly vulnerable to life-threatening infections and cancers, has_material_basis_in Human immunodeficiency virus 1 or has_material_basis_in Human immunodeficiency virus 2, which are transmitted_by sexual contact, transmitted_by transfer of blood, semen, vaginal fluid, pre-ejaculate, or breast milk, transmitted_by congenital method, and transmitted_by contaminated needles. Opportunistic infections are common in people with AIDS."
acrocallosal syndrome,['KIF7'],MESH:D055673,DOID:9250,"A syndrome that is an autosomal recessive disorder, which is characterized by corpus callosum agenesis, polydactyly, multiple dysmorphic features, motor and mental retardation."
acrocapitofemoral dysplasia,['IHH'],MESH:C564334,DOID:0050604,"An osteochondrodysplasia characterized by skeletal dysplasia, bradydactyly and narrow thorax and has_material_basis_in mutations in the Indian hedgehog homolog gene."
acrocephalosyndactylia,"['FGFR2', 'TWIST1', 'FGFR1']",MESH:D000168,DOID:12960,A synostosis that results_in craniosynostosis and syndactyly.
acrodermatitis enteropathica,['SLC39A4'],MESH:C538178,DOID:0050605,"A metal metabolism disorder characterized by dermatitis around bodily openings and the tips of fingers and toes, alopecia and diarrhea and has_material_basis_in mutation in the SLC39A4 gene that encodes a zinc uptake protein and results in zinc deficiency."
acrodysostosis,"['PRKAR1A', 'PDE4D']",MESH:C538179,DOID:14669,A dysostosis that results_in shortening of interphalangeal joints located_in hand or located_in foot along with mental deficiency.
acromelic frontonasal dysostosis,[],MESH:C566345,DOID:0060342,"A dysostosis characterized by cranium bifidum, severe hypertelorism, median cleft lip and palate, nasal bifurcation, brachycephaly, large fontanelle, tibial hemimelia, preaxial polydactyly of the feet and brain malformations."
"acromesomelic dysplasia, Maroteaux type",[],MESH:C535661,DOID:0080050,"An acromesomelic dysplasia that has_material_basis_in mutation in NPR-B receptor which results_in severe dwarfism, abnormalities of the vertebral column and shortening of the limb middle and distal segments."
acromicric dysplasia,['FBN1'],MESH:C535662,DOID:0111243,"An osteochondrodysplasia characterized by autosomal dominant inheritance of severe short stature, short hands and feet, joint limitations, mild facial anomalies, skin thickening, and bone abnormalities including delayed bone age, cone-shaped epiphyses, shortened long tubular bones, and ovoid vertebral bodies that has_material_basis_in heterozygous mutation in FBN1 on 15q21.1."
acute biphenotypic leukemia,['DOT1L'],MESH:D015456,DOID:9953,An acute leukemia that is characterized by the occurrence of more than one type of leukemia at the same time resulting from either the occurrence of blasts which coexpress myeloid and T or B lineage antigens or concurrent B and T lineage antigens.
acute chest syndrome,"['VEGFA', 'GSTT1', 'NOS3', 'HBB', 'GSTM1', 'HMOX1']",MESH:D056586,DOID:1584,"A lung disease that involves a vasoocclusive crisis of the pulmonary vasculature seen in patients with sickle cell anemia. The crisis is initiated by a lung infection, and the resulting inflammation and loss of oxygen tension leads to sickling of red cells and further vasoocclusion. The disease has_symptom fever, has_symptom pleuritic chest pain, has_symptom tachypnea, has_symptom cough, has_symptom hypoxemia, has_symptom marked leukocytosis, and has_symptom diffuse infiltrates on chest radiograph."
acute disseminated encephalomyelitis,"['HLA-DRB5', 'HLA-DRB1']",MESH:D004673,DOID:639,"An encephalomyelitis characterized by inflammation located in brain and located in spinal cord that damages myelin. It usually occurs after viral infection, but also following vaccination, bacterial or parasitic infection."
acute megakaryocytic leukemia,"['JAK3', 'EZH2', 'MRTFA']",MESH:D007947,DOID:8761,An acute myeloid leukemia that derives from blood-forming tissue in which megakaryocytes proliferate in the bone marrow and circulate in the blood in large numbers.
acute monocytic leukemia,['MLLT10'],MESH:D007948,DOID:8864,A monocytic leukemia where the majority of monocytic cells are promonocytes.
acute myeloid leukemia,"['NAT2', 'CDH1', 'DNMT3B', 'MLLT10', 'DNMT3A', 'VEGFA', 'CDKN2B', 'NRAS', 'SOD2', 'CSF2', 'ITGAV', 'ABL1', 'GSTM1', 'BMI1', 'CEBPA', 'IDH1', 'SOCS1', 'NPM1', 'JAK2', 'ZRSR2', 'BCL2', 'CYP1A1', 'FANCA', 'MEFV', 'CFHR1', 'RUNX1', 'IDH2', 'PHF6', 'TET2', 'IL6', 'GATA2', 'CDKN1B', 'CTLA4', 'TP53', 'SH3GL1', 'GSTP1', 'KMT2A', 'FANCC', 'CCND1', 'NF1', 'SAMHD1', 'CBL', 'GPX1', 'LPP', 'CXCR4', 'EZH2', 'CSF3R', 'KAT6A', 'BRD7', 'ITGB3', 'GFI1', 'TYMS', 'CHIC2', 'CSF3', 'PICALM', 'TFPI2', 'NOS3', 'FAS', 'NQO1', 'ETV6', 'GSTT1', 'CDKN2A', 'NSD1', 'TERT', 'SRSF2', 'MTRR', 'NCOA2', 'IL1A', 'CYP2B6', 'ASXL1', 'KIT', 'FGFR1', 'FLT3', 'ERCC1', 'CYP2D6', 'NUP214', 'EPHX1', 'DLEC1', 'MTHFR']",MESH:D015470,DOID:9119,A myeloid leukemia that is characterized by the rapid growth of abnormal white blood cells that accumulate in the bone marrow and interfere with the production of normal blood cells.
acute myelomonocytic leukemia,"['FLT3', 'GMPS', 'CBFB']",MESH:D015479,DOID:0081082,An acute myeloid leukemia that is characterized by the proliferation of both neutrophil and monocyte precursors.
acute necrotizing pancreatitis,['IL1RN'],MESH:D019283,DOID:0080998,An acute pancreatitis that is characterized by one or more areas of necrosis in the pancreas with varying degree of involvement of the surrounding tissues or organ systems.
acute pancreatitis,"['IL10', 'F7']",MESH:D010195,DOID:2913,"A pancreatitis that is characterized by inflammation of the pancreas over a short period of time and has symptoms of severe abdominal pain, nausea, vomiting, diarrhea, fever, and shock."
acute promyelocytic leukemia,"['CDKN2B', 'GSTT1', 'PML', 'NUMA1', 'RARA', 'ZBTB16']",MESH:D015473,DOID:0060318,An acute myeloid leukemia characterized by accumulation of promyelocytes in the bone marrow and by a translocation between chromosomes 15 and 17.
adenine phosphoribosyltransferase deficiency,['APRT'],MESH:C538228,DOID:0060350,"A purine-pyrimidine metaobolic disorder characterized by the formation 2,8-dihydroxyadenine stones and renal failure secondary to intratubular crystalline precipitation and has_material_basis_in homozygous or compound heterozygous mutation in the gene encoding adenine phosphoribosyltransferase (APRT) on chromosome 16q24."
adenocarcinoma,"['APC', 'NAT1', 'STRAP', 'HMOX1']",MESH:D000230,DOID:299,"A carcinoma that has_material_basis_in abnormally proliferating cells, derives_from epithelial cells, which originate in glandular tissue."
adenocarcinoma in situ,['FANCF'],MESH:D065311,DOID:4943,An in situ carcinoma that derives_from epithelial cells of glandular origin.
adenoid cystic carcinoma,"['KDM6A', 'KMT2C', 'NTRK3', 'XRN2', 'ATR']",MESH:D003528,DOID:0080202,An adenocarcinoma that is characterized by bands or cylinders of hyalinized or mucinous stroma separating or surrounded by nests or cords of small epithelial cells.
adenoma,"['TP73', 'APC']",MESH:D000236,DOID:657,A cell type benign neoplasm that is composed_of epithelial tissue in which tumor cells form glands or glandlike structures.
adrenocorticotropic hormone deficiency,['TBX19'],MESH:C535668,DOID:0080150,A hypopituitarrium that is characterized by a decreased or absent production of adrenocorticotropic hormone by the pituitary gland.
adrenoleukodystrophy,['ABCD1'],MESH:D000326,DOID:10588,"A leukodystrophy that disrupts the breakdown of very-long-chain fatty acids resulting in progressive brain damage, failure of the adrenal glands and eventually death."
adult T-cell leukemia/lymphoma,"['JAK3', 'NOTCH1', 'TAL2', 'FAS']",MESH:D015459,DOID:0050523,"A T-cell acute leukemia that results_in abnormal increase of lymphocytes, derives_from T-cells, has_material_basis_in Human T-lymphotropic virus 1 (HTLV-1), which is transmitted_by sexual contact, transmitted_by contaminated needles used by intravenous-drug users, and transmitted_by breast feeding. The infection results_in_formation_of skin lesions."
adult respiratory distress syndrome,"['CXCL8', 'LEP', 'AMBP', 'MBL2', 'LTA', 'MYLK', 'PLAU', 'TNFRSF1B', 'HMOX1']",MESH:D012128,DOID:11394,"A respiratory failure that results from diffuse injury to the endothelium of the lung (as in sepsis, chest trauma, massive blood transfusion, aspiration of the gastric contents, or pneumonia) and is characterized by pulmonary edema with an abnormally high amount of protein in the edematous fluid and by difficult rapid breathing and hypoxemia."
adult spinal muscular atrophy,['SMN1'],MESH:C563948,DOID:0050529,A spinal muscular atrophy that is characterized by progressive muscular weakness and motor disability that typically presents in the third decade of life and has_material_basis_in mutations in the SMN1 or SMN2 genes that are required for the survival of motor neurons.
agammaglobulinemia,"['BTK', 'LRRC8A', 'BLNK']",MESH:D000361,DOID:2583,A B cell deficiency that is caused by a reduction in all types of gamma globulins.
age related macular degeneration,"['FBLN5', 'HTRA1']",MESH:D008268,DOID:10871,A degeneration of macula and posterior pole that is characterized by a loss of vision in the center of the visual field (the macula) resulting from damage to the retina and resulting in blurring of the sharp central vision.
aggressive periodontitis,"['IL6', 'CCR2', 'GSTT1', 'COL1A1', 'CTSC', 'IL10', 'GSTM1', 'CCL2', 'IL1R2']",MESH:D010520,DOID:1474,A periodontitis that is characterized by rapid attachment loss and bone destruction in the presence of little local factors such as dental plaque and dental calculus resulting in inflammation and a loss of periodontium.
agnathia-otocephaly complex,[],MESH:C562503,DOID:0060341,"A physical disorder characterized by mandibular hypoplasia or agnathia, ventromedial auricular malposition (melotia) and/or auricular fusion (synotia), and microstomia with oroglossal hypoplasia or aglossia. Holoprosencephaly is the most commonly identified association, but skeletal, genitourinary and cardiovascular anomalies and situs inversus have been reported."
agranulocytosis,"['NQO2', 'IL1B']",MESH:D000380,DOID:12987,A leukopenia that is characterized by a severe lack of of granulocytes with a drop in granulocyte concentration below 200 cells/mm³ of blood.
alcohol use disorder,"['DBH', 'GRIN2B', 'ALDH2', 'COMT', 'GABBR2', 'HTR7', 'MAOA', 'NPY', 'GABRA2', 'GRIN1', 'SLC6A4', 'OPRM1', 'HTR3B', 'ANKK1', 'OPRK1', 'KCNJ6', 'TPH1', 'PDYN']",MESH:D000437,DOID:1574,A substance abuse that involves the recurring use of alcoholic beverages despite negative consequences.
alcoholic psychosis,['HTR2A'],MESH:D011604,DOID:252,An alcohol-induced mental disorder involving prominent hallucinations and delusions occurring during or shortly after acute alcohol intoxication or withdrawal.
alkaptonuria,['HGD'],MESH:D000474,DOID:9270,"An amino acid metabolic disorder that involves phenylalanine and tyrosine metabolism with the accumulation of homogentisic acid, a toxic tyrosine byproduct."
allergic bronchopulmonary aspergillosis,"['MBL2', 'TLR9', 'HLA-DRB1', 'TNFRSF1A']",MESH:D001229,DOID:13166,"An aspergillosis that involves an allergic reaction due to the spores of Aspergillus moulds (A. fumigatus), which colonizes the mucus in the airways causing inflammation. The disease has symptom cough, has symptom wheezing and has symptom fever."
allergic conjunctivitis,"['IL4R', 'IL1RN', 'IL13', 'TNC']",MESH:D003233,DOID:11204,"A chronic conjunctivitis that is an inflammation of the conjunctiva involing red, itchy, and watery eyes a resulting from an exposure to an allergen or an irritant."
allergic contact dermatitis,"['NAT2', 'IL18BP', 'TAP2', 'TLR4', 'CCR1', 'NAT1']",MESH:D017449,DOID:3042,"A contact dermatitis that is an allergic skin reaction to foreign chemical or substances leading to red, itchy, weepy reaction where the skin has come into contact with a substance that the immune system recognizes as foreign."
allergic disease,"['CD14', 'HLA-DQA1', 'FCGR3A', 'IL13', 'AGT', 'HLA-DRB1', 'HLA-DRA', 'GSTP1', 'MIF', 'TAP1', 'LTA', 'GSTM1', 'ACE', 'CYSLTR1']",MESH:D006967,DOID:1205,"An immune system disease that is an exaggerated immune response to allergens, such as insect venom, dust mites, pollen, pet dander, drugs or some foods."
alopecia,"['FOXN1', 'ESR2', 'HR', 'HLA-B', 'CDSN', 'VDR', 'TPMT']",MESH:D000505,DOID:987,A hypotrichosis that is characterized by a loss of hair from the head or body.
alopecia areata,"['HLA-DQA1', 'NOTCH4', 'IL2', 'PTPN22', 'IL18', 'IL1RN', 'MX1', 'CTLA4']",MESH:D000506,DOID:986,An autoimmune disease resulting in the loss of hair on the scalp and elsewhere on the body initially causing bald spots.
alopecia universalis,['HR'],MESH:C537055,DOID:0050634,An alopecia characterized by the complete loss of hair on the scalp and body.
"alopecia, neurologic defects, and endocrinopathy syndrome",['RBM28'],MESH:C567425,DOID:0112244,"A syndrome characterized by alopecia, neurologic defects, and endocrinopathy that has_material_basis_in homozygous or compound heterozygous mutation in the RBM28 gene on chromosome 7q32.1."
alpha 1-antitrypsin deficiency,['SERPINA1'],MESH:D019896,DOID:13372,"A plasma protein metabolism disease that has_material_basis_in defective production of the protease inhibitor alpha 1-antitrypsin (A1AT), leading to decreased A1AT activity in the blood and lungs, and deposition of excessive abnormal A1AT protein in liver cells."
alpha thalassemia,"['HBA2', 'GPX1', 'HBB']",MESH:D017085,DOID:1099,A thalassemia involving the genes HBA1and HBA2 hemoglobin genes.
alpha-mannosidosis,['MAN2B1'],MESH:D008363,DOID:3413,A lysosomal storage disease that has_material_basis_in deficiency of the alpha-D-manosidase enzyme resulting in the impairment of cell function from a build up of complex sugars derived from glycoproteins in the lysosome.
alpha-methylacyl-CoA racemase deficiency,['AMACR'],MESH:C565768,DOID:0060602,"A peroxisomal disease that is characterized by retinitis pigmentosa resulting in progressive visual failure, learning difficulties, a peripheral neuropathy, and hypogonadism and that has_material_basis_in homozygous mutation in the AMACR gene on chromosome 5p13.2-q11.1."
alpha-thalassemia myelodysplasia syndrome,['ATRX'],MESH:C563023,DOID:0112125,A syndrome characterized by acquired alpha-thalassemia in association with a multilineage myelodysplasia that has_material_basis_in somatic mutation in the ATRX gene on chromosome Xq21.1.
alternating hemiplegia of childhood,"['ATP1A3', 'ATP1A2']",MESH:C536589,DOID:0050635,A hemiplegia characterized by recurrent episodes of temporary weakness or complete paralysis on one or both sides of the body.
alveolar echinococcosis,['HLA-DRB1'],MESH:C536591,DOID:12148,"An echinococcosis that is caused by the larvae of Echinococcus multilocularis affecting the liver as a slow growing, destructive tumor, with abdominal pain, biliary obstruction, and occasionally metastatic lesions into the lungs and brain."
alveolar soft part sarcoma,['ASPSCR1'],MESH:D018234,DOID:4239,A soft tissue cancer that is a slow growing tumor of an unknown origin that effects children and effects young adults.
amelogenesis imperfecta,"['SP6', 'AMELX', 'FAM20C']",MESH:D000567,DOID:2187,A dental enamel hypoplasia characterized by abnormal enamel formation.
amenorrhea,['FSHB'],MESH:D000568,DOID:13938,A female reproductive system disease that is characterized by the absence of menstruation.
amino acid metabolic disorder,"['PRODH', 'PHGDH', 'ASL', 'NAGS', 'GAMT', 'CTH', 'HMGCL', 'PCCB', 'SLC25A15', 'IVD', 'PCCA']",MESH:D000592,DOID:9252,An inherited metabolic disorder that is characterized by impaired synthesis and degradation of amino acids.
amyloidosis,"['SERPINE1', 'APCS', 'GOT1']",MESH:D000686,DOID:9120,"A disease of metabolsism that is characterized by extracellular tissue deposition of mis-folded amyloid fibrils built up by twisted protofilaments, deposited in the spaces between the cells of vital organs, causing disruption of organ tissue structure and function. These deposits may result in a wide range of clinical manifestations depending upon their type, location, and the amount of deposition."
amyotrophic lateral sclerosis,"['FUS', 'PON3', 'TFAM', 'OPTN', 'UBQLN2', 'GRN', 'VDR', 'GOT1', 'ALS2', 'NEFL', 'GSK3A', 'SLC11A2', 'NEFH', 'HMGB1', 'CHMP2B', 'DPP6', 'GSK3B', 'ANG', 'PPARGC1A', 'TXNRD1', 'SOD1', 'PON2', 'VAPB', 'UNC13A', 'MTHFR', 'ITPR2']",MESH:D000690,DOID:332,"A motor neuron disease that is characterized by muscle spasticity, rapidly progressive weakness due to muscle atrophy, difficulty in speaking, swallowing, and breathing."
amyotrophic lateral sclerosis-parkinsonism/dementia complex 1,['TRPM7'],MESH:D000690,DOID:0111246,"A neurodegenerative disease characterized by chronic, progressive amyotrophic lateral sclerosis and parkinsonism-dementia. Susceptibility to this disease is influenced by heterozygous mutation in TRPM7 on 15q21.2."
androgen insensitivity syndrome,['AR'],MESH:D013734,DOID:4674,"A disorder of sexual developement that is characterized by the inability of the cell to respond to androgens in individuals with a karyotype of 46,XY resulting in female physical traits but male genetic makeup."
anemia,"['PON1', 'HK1', 'ANK1', 'SLC11A2', 'GPX1', 'EPHX1', 'GH1', 'ITPA', 'ERCC1', 'TF', 'EPOR', 'ACE', 'G6PD', 'MTHFR']",MESH:D000740,DOID:2355,A hematopoietic system disease that is characterized by a decrease in the normal number of red blood cells.
anencephaly,"['MTRR', 'NUAK2', 'TRIM36', 'RPGRIP1L']",MESH:D000757,DOID:0060668,"A congenital nervous system abnormality characterized by failure of the anterior neuropore to close resulting in partial or complete absence of the cranial vault accompanied by absence of overlying tissues, including the brain and cerebral hemispheres, skull and scalp."
angioedema,"['SERPING1', 'F12']",MESH:D000799,DOID:1558,"A skin disease characterized by one or more areas of well-demarcated, non-pitting edema of deep subcutaneous tissues."
angiomyolipoma,['OGG1'],MESH:D018207,DOID:3314,"A cell type benign neoplasm that is primarily located in the kidneys but may be found in the lungs, liver or other organs and is derived from perivascular epithelioid cells."
angiosarcoma,"['STAT3', 'KCNN4', 'PTPRB']",MESH:D006394,DOID:0001816,A vascular cancer that derives_from the cells that line the walls of blood vessels or lymphatic vessels.
angle-closure glaucoma,"['MMP9', 'CAT', 'NOS3', 'HGF', 'GSTM1', 'MTHFR']",MESH:D015812,DOID:13550,"A glaucoma characterized by closure of the anterior chamber angle such that aqueous outflow is blocked and the intraocular pressure becomes inappropriately elevated leading to optic nerve damage and visual field loss. Angle-closure glaucoma has_symptom progressive peripheral vision loss, decreased vision, and pain, redness, and headache in acute cases. Angle closure glaucoma can be caused by anatomically narrow angle, injury to the trabecular meshwork, and injuries to the anterior chamber, such as neovascularization and uveitis."
aniridia,"['TRIM44', 'PAX6', 'ELP4']",MESH:D015783,DOID:12271,An iris disease that is characterized by a complete or partial absence of the colored part of the eye.
ankyloblepharon-ectodermal defects-cleft lip/palate syndrome,['TP63'],MESH:C535289,DOID:0090119,"An ectodermal dysplasia that is characterized by ankyloblepharon filiforme adnatum and cleft lip and palate, and that has_material_basis_in heterozygous mutation in the tumor protein p63 (TP63) gene on chromosome 3q27."
ankylosing spondylitis,"['IRAK1', 'HLA-B', 'ACE', 'HLA-DRB1', 'TAP1', 'IL17A', 'PSMB9', 'KDM5A', 'ANO6', 'TAP2', 'JAK2', 'TNFRSF1B', 'CYP1A1', 'IL23R', 'ASPN', 'HLA-DQA1', 'PTGER4', 'MTHFR']",MESH:D013167,DOID:7147,"A bone inflammation disease that results_in inflammation in the joints of the spine and pelvis. The disease has_symptom pain, has_symptom stiffness in the spine, has_symptom stiffness in the neck, has_symptom stiffness in the hips, has_symptom stiffness in the jaw and has_symptom stiffness in the rib cage."
anodontia,"['MMP13', 'MMP9', 'GLI3', 'MSX1']",MESH:D000848,DOID:13714,A tooth disease that is characterized by complete absence of permanent teeth.
anorexia nervosa,"['AKAP6', 'HTR2A', 'NR3C1']",MESH:D000856,DOID:8689,"An eating disorder characterized by refusal to maintain a healthy body weight, and an obsessive fear of gaining weight due to a distorted self image."
antiphospholipid syndrome,"['HLA-DQA1', 'PLAT', 'HLA-DRB1', 'APOH', 'CD40LG']",MESH:D016736,DOID:2988,An autoimmune disease that is characterized by recurrent venous or arterial thrombosis and/or fetal losses associated with characteristic elevated levels of antibodies directed against membrane anionic phospholipids (anticardiolipin).
antisocial personality disorder,"['ABCB1', 'DRD4']",MESH:D000987,DOID:10939,"A personality disorder that involves a pervasive pattern of disregard for, and violation of, the rights of others that begins in childhood or early adolescence and continues into adulthood."
antithrombin III deficiency,['SERPINC1'],MESH:D020152,DOID:3755,A thrombophilia that is characterized by the tendency to form clots in the veins.
anxiety disorder,"['FNTB', 'HTR1A', 'NPY', 'GAD1', 'SLC6A4', 'DRD2', 'CTNND2']",MESH:D001008,DOID:2030,"A cognitive disorder that involves an excessive, irrational dread of everyday situations."
aortic aneurysm,"['EFEMP2', 'ELN', 'FBN1']",MESH:D001014,DOID:3627,An aortic disease that is characterized by an enlargement (dilation) of the aorta to greater than 1.5 times normal size.
aortic disease,['SMAD4'],MESH:D001018,DOID:520,An artery disease that is characterized by degeneration of the cells composing the aortic wall.
aortic valve insufficiency,['MBL2'],MESH:D001022,DOID:57,"An aortic valve disease that is characterized by leaking of the aortic valve of the heart causes blood to flow in the reverse direction during ventricular diastole, from the aorta into the left ventricle."
aortic valve stenosis,"['PPP3CB', 'MMP1', 'ELN', 'VDR', 'APOB']",MESH:D001024,DOID:1712,An aortic valve disease that is characterized by narrowing of the heart's aortic valve opening.
aphthous stomatitis,"['IL10', 'MTHFR', 'TGFB1']",MESH:D013281,DOID:9663,A stomatitis characterized by the repeated formation of benign and non-contagious mouth ulcers.
aplasia of lacrimal and salivary glands,['FGF10'],MESH:C562407,DOID:0111549,"A syndrome characterized by irritable eyes, epiphora, xerostomia, variable aplasia or hypoplasia of the lacrimal, parotid, submandibular, and sublingual glands, and absence of the lacrimal puncta that has_material_basis_in heterozygous mutation in the FGF10 gene on chromosome 5p12."
aplastic anemia,"['TGFB1', 'HLA-DQA1', 'PRF1', 'GSTT1', 'DKC1', 'EPHX1', 'NBN', 'THPO', 'SBDS', 'GSTM1', 'IFNG']",MESH:D000741,DOID:12449,"An anemia that is characterized by a deficiency of red blood cells, white blood cells and platelets produced by bone marrow."
apolipoprotein C-III deficiency,['APOC3'],MESH:C566270,DOID:0111370,A cholesterol-ester transfer protein deficiency characterized by elevated levels of alpha-lipoprotein in the blood that has_material_basis_in heterozygous mutation in the APOC3 gene on chromosome 11q23.3.
apparent mineralocorticoid excess syndrome,['HSD11B2'],MESH:D043204,DOID:4367,"A steroid inherited metabolic disorder characterized by decreased conversion of biologically active cortisol to inactive cortisone resulting in low aldosterone levels, metabolic alkalosis, hypernatremia, hypokalemia and early-onset severe hypertension that has_material_basis_in homozygous or compound heterozygous mutation in the HSD11B2 gene on chromosome 16."
appendicitis,['F2'],MESH:D001064,DOID:8337,"A gastrointestinal system infectious disease that involves inflammation and infection of the appendix caused by the blockage of the lumen with a small, hard piece of stool, a foreign body or worms. Mucus backs up in the appendiceal lumen, causing bacteria that live inside the appendix to multiply. The infection has_symptom pain, in the upper abdomen initially and later in the lower abdomen, has_symptom nausea, has_symptom vomiting and has_symptom fever."
argininosuccinic aciduria,['ASL'],MESH:D056807,DOID:14755,An amino acid metabolic disorder that involves the accumulation of argininosuccinic acid (ASA) in the blood and urine.
aromatic L-amino acid decarboxylase deficiency,[],MESH:C537437,DOID:0090123,"An inherited metabolic disorder that is characterized by reduced production of serotonin and dopamine resulting in hypotonia, hypokinesia, ptosis oculogyric crises, and signs of autonomic dysfunction, and has_material_basis_in autosomal recessive inheritance of homozygous or compound heterozygous mutation in the dopa decarboxylase gene (DDC) on chromosome 7p12."
arrhythmogenic right ventricular cardiomyopathy,"['DSC2', 'LMNA', 'ACTN2', 'DSP', 'RYR2', 'TMEM43', 'PKP2', 'CDH2', 'DES', 'TGFB3', 'DSG2']",MESH:D019571,DOID:0050431,"An intrinsic cardiomyopathy that is characterized by hypokinetic areas involving the free wall of the right ventricle, with fibrofatty replacement of the right ventricular myocardium, with associated arrhythmias originating in the right ventricle and limited or no involvement of the left ventricle."
arrhythmogenic right ventricular dysplasia 1,['TGFB3'],MESH:C536932,DOID:0110070,An arrhythmogenic right ventricular dysplasia that has_material_basis_in heterozygous mutation in the TGFB3 gene on chromosome 14q24.
arterial calcification of infancy,"['ABCC6', 'ENPP1']",MESH:C537440,DOID:0050644,"A vascular disease that is characterized by generalized calcification of the arterial internal elastic lamina, leading to rupture of the lamina and occlusive changes in the tunica intima with stenosis and decreased elasticity of the vessel wall."
arterial tortuosity syndrome,"['EFEMP2', 'SLC2A10']",MESH:C565942,DOID:0050645,A connective tissue disease that is characterized by elongation and generalized tortuosity of the major arteries including the aorta.
arteriosclerosis,"['MMP3', 'MGP', 'HSPD1', 'HP', 'MMP9', 'ABCG8', 'TLR4', 'IL10', 'ABCG5', 'IL6ST', 'LDLR', 'MMP12', 'MSR1', 'ITGA2', 'AKR1B1', 'MMP1', 'PTGS2', 'ALOX5', 'APOB', 'MMP13', 'IL1B', 'PON1', 'LCAT', 'TNFSF10', 'ESR1', 'PTGER4', 'SERPINA1', 'MMP2', 'F13A1', 'NPY']",MESH:D001161,DOID:2349,An artery disease that is characterized by a thickening and hardening of arterial walls in the arteries.
arteriovenous malformations of the brain,"['ENG', 'IL6']",MESH:D002538,DOID:0060688,A central nervous system benign neoplasm that derives_from endothelial cells and that is located_in the brain.
arthritis,"['IL23R', 'GC', 'FCGR3A', 'HLA-DQA1', 'TLR4', 'PARP1', 'CD40', 'B2M']",MESH:D001168,DOID:848,"A bone inflammation disease that involves a response to irritation or injury, characterized by joint pain, swelling, stiffness located_in joint."
arthropathy,['CCN6'],MESH:D007592,DOID:381,A bone disease that is located_in the joint.
arthus reaction,['FCGR2A'],MESH:D001183,DOID:1556,"A hypersensitivity reaction type III disease that is characterized by local vasculitis, has_symptom pain, edema, hemorrhage, or necrosis, and has_material_basis_in deposition of antigen-antibody immune complexes in vascular or serosal walls."
articulation disorder,"['CNTNAP2', 'FOXP2']",MESH:D001184,DOID:4186,"A speech disorder that involves mispronouncing speech sounds by omitting, distorting, substituting, or adding sounds which can make speech difficult to understand."
asbestosis,"['GSTM1', 'EPHX1']",MESH:D001195,DOID:10320,A pneumoconiosis caused by inhalation and retention of asbestos fibers.
aspartylglucosaminuria,['AGA'],MESH:D054880,DOID:0050461,"A lysosomal storage disease that is characterized by delayed speech at 2-3 years of age, has_material_basis_in mutations in the AGA gene that result in the absence or shortage of the aspartylglucosaminidase enzyme in lysosomes, preventing the normal breakdown of glycoproteins."
aspergillosis,"['AGER', 'TLR6', 'CLEC1A', 'CLEC7A', 'TLR1', 'S100B', 'CD209', 'IL15']",MESH:D001228,DOID:13564,"An opportunistic mycosis that involves a spectrum of diseases of humans and animals caused by members of the genus Aspergillus infecting lungs, brain, kidney, heart, bone, eyes, sinuses, skin and gastrointestinal tract. It is a serious illnesses in people with a weakened immune system."
asphyxia neonatorum,['GSTM1'],MESH:D001238,DOID:11088,"A respiratory system disease that is characterized by deprivation of oxygen to a newborn infant that lasts long enough during the birth process to cause physical harm, usually to the brain."
asphyxiating thoracic dystrophy 2,['IFT80'],MESH:C566982,DOID:0110086,An asphyxiating thoracic dystrophy that has_material_basis_in homozygous mutation in the IFT80 gene on chromosome 3q25.
aspiration pneumonia,['ACE'],MESH:D011015,DOID:0050152,A bacterial pneumonia which is an acute pulmonary inflammatory response that develops after the inhalation of colonized oropharyngeal material containing bacteria. It is seen in individuals with dysphagia and gastric dysmotility. The disease has_symptom tachypnea and has_symptom cough.
asthma,"['NAT2', 'SERPINE1', 'NOD2', 'GSTM3', 'CDH1', 'C5', 'PARP1', 'CHIA', 'NOD1', 'CHML', 'LGALS3', 'EGR1', 'CCL5', 'HLA-DRB1', 'TNC', 'SOD2', 'TAP1', 'NPSR1', 'GSTM1', 'CCL2', 'ADA', 'IL13', 'ARG1', 'F2RL1', 'MIF', 'SCGB1A1', 'PGF', 'C3AR1', 'MS4A2', 'FCGR3A', 'HNMT', 'HLA-DPB1', 'MEFV', 'IL4', 'IL15', 'CX3CR1', 'CCR2', 'CRHR1', 'DEFB1', 'ADORA1', 'CRHR2', 'TLR4', 'HDC', 'SLC6A4', 'ELP1', 'CYSLTR2', 'ADAM33', 'MPO', 'DPP10', 'CTLA4', 'MBL2', 'GSTP1', 'IL2', 'IL1RN', 'CCL26', 'ALOX5', 'CLCA1', 'IL1B', 'CAT', 'GSTA1', 'CHI3L1', 'PLA2G7', 'MUC2', 'HLA-DPA1', 'TLR6', 'CYBA', 'HLA-DQA1', 'ARG2', 'TLR9', 'BDNF', 'NR3C1', 'HLA-DQA2', 'IL5RA', 'IRAK3', 'ITGB3', 'IL16', 'CCR5', 'IL18R1', 'MUC7', 'IL10', 'CXCR3', 'ADORA2A', 'HLA-B', 'VDR', 'IL21', 'TGFB1', 'ACSL3', 'TLR10', 'CD86', 'HLA-DRA', 'CSF3', 'SFTPD', 'CD40', 'NOS2', 'ABO', 'EDN1', 'CD14', 'ALOX5AP', 'HLA-G', 'NOS3', 'IRF1', 'TLR1', 'CHRM2', 'IL3', 'NQO1', 'TACR2', 'GSTT1', 'NTF3', 'CYSLTR1', 'C3', 'NOS1', 'IL2RB', 'MMP9', 'IL5', 'CCL24', 'ACE', 'IL12B', 'BDKRB2', 'TLR2', 'PTGDR2', 'NGF', 'IL1A', 'PTGS2', 'IL27', 'IL13RA1', 'IL17A', 'HLA-DRB3', 'SCGB3A2', 'CCR3', 'IL1RL1', 'IL18', 'CYP2D6', 'EDNRB', 'TBXA2R', 'THBD', 'TLR3', 'ADRB2', 'P2RY12', 'CCL11', 'EPHX1', 'LTA', 'HMGCR', 'CHRM1', 'MYLK', 'IL4R', 'MTHFR']",MESH:D001249,DOID:2841,"A bronchial disease that is characterized by chronic inflammation and narrowing of the airways, which is caused by a combination of environmental and genetic factors. The disease has_symptom recurring periods of wheezing (a whistling sound while breathing), has_symptom chest tightness, has_symptom shortness of breath, has_symptom mucus production and has_symptom coughing."
"asthma, nasal polyps, and aspirin intolerance","['TBX21', 'PTGER2']",MESH:C565935,DOID:0111579,"A respiratory system disease characterized by asthma, aspirin-induced bronchoconstriction, and nasal polyps."
astroblastoma,['PIK3R1'],MESH:D018302,DOID:7305,"A malignant astrocytoma that is characterized by tumor cells with characteristics suggestive of an astrocytic origin (positive for GFAP), arranged perivascularly."
ataxia telangiectasia,"['IL2', 'BAK1', 'HDAC4', 'BIK', 'IFNG']",MESH:D001260,DOID:12704,"An autosomal recessive cerebellar ataxia that is characterized by cerebellar ataxia, telangiectases, immune defects, and a predisposition to malignancy and that has_material_basis_in homozygous or compound heterozygous mutation in the ATM gene on chromosome 11q22."
atopic dermatitis,"['NAT2', 'TLR4', 'CLDN1', 'VDR', 'TLR2', 'CTLA4', 'TGFB1', 'MBL2', 'SELP', 'GSTP1', 'IL2', 'GSTM1', 'IL13', 'IL18', 'DOCK8', 'SHOC2', 'MS4A2', 'BDNF', 'GSTT1', 'HNMT', 'HAVCR1', 'IL4R', 'IL4']",MESH:D003876,DOID:3310,An allergic contact dermatitis that is a chronically relapsing inflammatory allergic response located_in the skin that causes itching and flaking.
atrial fibrillation,"['MMP3', 'AGT', 'GJA5', 'ANK2', 'KCNE1', 'MMP1', 'KCNQ1', 'KCNJ5', 'ISL1', 'GATA5', 'ACE', 'KCNE2', 'AGXT2']",MESH:D001281,DOID:0060224,"A heart conduction disease that is characterized by uncoordinated electrical activity in the heart's upper chambers (the atria), which causes the heartbeat to become fast and irregular and has symptoms palpitations, weakness, fatigue, lightheadedness, dizziness, confusion, shortness of breath and chest pain."
atrial heart septal defect,"['TBX2', 'MYH6', 'GATA4', 'TBX20', 'ISL1', 'BMP4', 'NKX2-5']",MESH:D006344,DOID:1882,A heart septal defect located_in in the septum that separates the two atria of the heart.
atrichia with papular lesions,['HR'],MESH:C565924,DOID:0060689,An alopecia characterized by irreversible hair loss during the neonatal period on all hear-bearing areas of the body followed by development of papular lesions all over the body that has_material_basis_in mutations in the HR gene on chromosome 8p21.3.
atrioventricular block,"['NKX2-5', 'LMNA']",MESH:D054537,DOID:0050820,A heart conduction disease that is characterized by the impairment of the conduction between the atria and ventricles of the heart.
atrioventricular septal defect,"['GATA4', 'CRELD1', 'GATA6']",MESH:D004694,DOID:0050651,"A congenital heart septal defect characterized by an abnormal or inadequate fusion of the superior and inferior endocardial cushions with the mid portion of the atrial septum and the muscular portion of the ventricular septum, thus allowing extra blood to circulate the lungs."
attention deficit hyperactivity disorder,"['AR', 'SLC6A4', 'ACP1', 'ADRA2A', 'DBH', 'GRM8', 'HTR1B', 'TPH1', 'CALY', 'FOXP2', 'DRD4', 'COMT', 'SLC6A3', 'DOCK3', 'HMGCR', 'DRD5', 'DCDC2', 'BAIAP2', 'MTHFR', 'GIT1']",MESH:D001289,DOID:1094,"A specific developmental disorder that is characterized by co-existence of attentional problems and hyperactivity, with each behavior occurring infrequently alone and symptoms starting before seven years of age."
"atypical chronic myeloid leukemia, BCR-ABL1 negative",['FGFR1'],MESH:D054438,DOID:0060597,A myelodysplastic myeloproliferative neoplasm characterized by the principal involvement of the neutrophil series with leukocytosis and multilineage dysplasia. The neoplastic cells do not have a Philadelphia chromosome or the BCR/ABL fusion gene.
atypical hemolytic-uremic syndrome,"['CD46', 'THBD', 'CFI', 'CFB', 'CFHR3', 'CFHR1', 'C3']",MESH:D065766,DOID:0080301,"A complement deficiency that is characterized by mechanical hemolytic anemia, thrombocytopenia, and renal dysfunction."
autism spectrum disorder,"['BCL11A', 'ITGA4', 'COMT', 'MMP9', 'CNTNAP2', 'AHI1', 'MAOA', 'VDR', 'AVPR1B', 'FOXP2', 'DYRK1A', 'MBD6', 'BAIAP2', 'MBD5', 'CYFIP1', 'CADM2']",MESH:D000067877,DOID:0060041,"A pervasive developmental disorder that is a spectrum of psychological conditions. The disease has_symptom widespread abnormalities of social interactions and communication, has_symptom severely restricted interests and has_symptom highly repetitive behavior."
autistic disorder,"['SLC25A12', 'HSPD1', 'LAMB1', 'RPL10', 'GLO1', 'SETDB1', 'MTR', 'MET', 'SLC6A4', 'EIF4E', 'PTCHD1', 'NLGN3', 'PIK3CG', 'DISC1', 'MECP2', 'GRM8', 'HLA-DRB1', 'SLC9A9', 'KDM4C', 'NF1', 'GSTM1', 'SHANK2', 'KCNQ3', 'RELN', 'GABRR2', 'C4B', 'CNTNAP2', 'GABRA4', 'NLGN4X', 'HOXA1', 'GABRA2', 'GABRB2', 'FOXP2', 'NTRK2', 'GABRB1', 'RAPGEF4', 'KMT2E']",MESH:D001321,DOID:12849,"An autism spectrum disorder that is characterized by symptoms across all three symptom domains (communication, social, restricted repetitive interests and behaviors), delayed language development, and symptom onset prior to age 3 years."
autoimmune disease of the nervous system,['ANXA5'],MESH:D020274,DOID:438,An autoimmune disease affecting the nervous system.
autoimmune hemolytic anemia,['CTLA4'],MESH:D000744,DOID:718,An autoimmune disease of blood that is characterized by deficient red blood cells caused by auto-antibodies.
autoimmune hepatitis,"['PDIA3', 'F2', 'STAT4', 'HLA-DRB1', 'HLA-DPB1', 'CYP2D6', 'KIR2DL2', 'VDR', 'PDCD1', 'IL4', 'CTLA4']",MESH:D019693,DOID:2048,An autoimmune disease of gastrointestinal tract that results_in inflammation located_in liver caused by the body's immune system attacking the liver cells.
autoimmune lymphoproliferative syndrome,"['FASLG', 'FAS']",MESH:D056735,DOID:6688,"A hypersensitivity reaction type IV disease that is an inherited disorder in which the body cannot properly regulate the number of immune system cells (lymphocytes). It is characterized by the production of an abnormally large number of lymphocytes. Accumulation of excess lymphocytes results in enlargement of the lymph nodes, the liver, and the spleen."
autoimmune lymphoproliferative syndrome type 2A,['CASP10'],MESH:C565833,DOID:0110115,An autoimmune lymphoproliferative syndrome that has_material_basis_in mutation in the CASP10 gene.
autoimmune pancreatitis,[],MESH:D000081012,DOID:0040091,An autoimmune disease of endocrine system that is located_in the pancreas.
autoimmune polyendocrine syndrome,"['HLA-DRB1', 'AIRE', 'HLA-DQA1']",MESH:D016884,DOID:14040,An autoimmune disease of endocrine system characterized by abnormal functioning of the immune system that causes auto-reactivity against endocrine organs.
autoimmune thrombocytopenic purpura,"['FCGR3A', 'CD86', 'HLA-DRB1', 'FCGR2B', 'PTPN22', 'IL2', 'IL1A', 'IL10', 'DNMT3B', 'IL1RN', 'ITGB3', 'CD40LG', 'IL4', 'FCGR2A']",MESH:D016553,DOID:8924,A primary thrombocytopenia that involves relatively few platelets in blood as a result of autoantibodies.
autoimmune thyroiditis,"['CTLA4', 'HLA-DQA1', 'MBL2', 'HLA-DRB1', 'HLA-DRA', 'PTPN22', 'TG', 'BANK1', 'PSMB9']",MESH:D013967,DOID:7188,An autoimmune disease of endocrine system that involves inflammation located_in thyroid gland caused by the immune system reacting against its own tissues.
autosomal dominant cerebellar ataxia,[],MESH:D020754,DOID:1441,A cerebellar ataxia that has_material_basis_in autosomal dominant inheritance.
autosomal dominant keratitis,['PAX6'],MESH:C537022,DOID:0111383,A keratitis characterized by corneal opacification and vascularization and foveal hypoplasia that has_material_basis_in heterozygous mutation in the PAX6 gene on chromosome 11p13.
autosomal dominant nocturnal frontal lobe epilepsy,['CHRNB2'],MESH:C579932,DOID:0060681,A frontal lobe epilepsy that is characterized by autosomal dominant inheritance with childhood onset of clusters of brief nocturnal motor seizures with hyperkinetic or tonic manifestations.
autosomal dominant osteopetrosis 1,['LRP5'],MESH:C536056,DOID:0110937,"An osteopetrosis characterized by autosomal dominant inheritance of generalized osteosclerosis that is most pronounced in the cranial vault, absence of increased fractures and has_material_basis_in heterozygous mutation in the LRP5 gene on chromosome 11q13."
autosomal dominant osteopetrosis 2,['CLCN7'],MESH:D010022,DOID:0110938,"An osteopetrosis characterized by autosomal dominant inheritance of sclerosis predominantly involving the spine, the pelvis, and the skull base, bone fragility and dental abscesses that has_material_basis_in mutation in the CLCN7 gene on chromosome 16p13."
autosomal dominant polycystic kidney disease,"['LRP5', 'PKD2', 'PKD1']",MESH:D007690,DOID:898,"A polycystic kidney disease characterized by the presence of multiple cysts located_in the kidney resulting from ciliopathy that disrupts the function of primary cilium, inherited in an autosomal dominant fashion."
autosomal dominant pseudohypoaldosteronism type 1,['NR3C2'],MESH:D011546,DOID:0060855,A pseudohypoaldosteronism characterized by Salt wasting resulting from renal unresponsiveness to mineralocorticoids that has_material_basis_in heterozygous mutation in the NR3C2 gene on chromosome 4q31.
autosomal dominant thrombophilia due to protein C deficiency,[],MESH:C567163,DOID:0111909,A thrombophilia characterized by reduced serum levels or impaired activity of PROC and in some patients recurrent venous thrombosis that has_material_basis_in heterozygous mutation in the PROC gene on chromosome 2q14.3.
autosomal dominant vitreoretinochoroidopathy,['BEST1'],MESH:C536352,DOID:0111569,A hereditary retinal dystrophy characterized by abnormal chorioretinal hypopigmentation and hyperpigmentation typically lying between the vortex veins and the ora serrata for 360 degrees and other ocular developmental anomalies that has_material_basis_in heterozygous mutation in the BEST1 gene on chromosome 11q12.3.
autosomal recessive congenital ichthyosis,['CASP14'],MESH:D017490,DOID:0060655,An ichthyosis that is characterized by autosomal recessive inheritance and abnormal skin scaling over the whole body due to a defect in keratinization.
autosomal recessive cutis laxa type IC,['LTBP4'],MESH:C567716,DOID:0070139,A autosomal recessive cutis laxa type I that has_material_basis_in homozygous or compound heterozygous mutation in the LTBP4 gene on chromosome 19q13.
autosomal recessive cutis laxa type III,['ALDH18A1'],MESH:C535990,DOID:0070143,"A cutis laxa characterized by a progeria-like appearance, ophthalmologic abnormalities, large and late-closing fontanel, joint hyperlaxity, athetoid movements, hyperreflexia, growth retardation, intellectual deficit, developmental delay, corneal clouding, and cataract."
autosomal recessive distal hereditary motor neuronopathy 2,['SIGMAR1'],MESH:C535715,DOID:0111065,A spinal muscular atrophy characterized by autosomal recessive inheritance of distal muscle weakness and muscle wasting primarily affecting the upper and lower limbswith onset typically in the first decade of life that has_material_basis_in homozygous mutation in the SIGMAR1 gene on chromosome 9p13.
autosomal recessive distal hereditary motor neuronopathy 4,['PLEKHG5'],MESH:C567023,DOID:0111213,An autosomal recessive distal hereditary motor neuronopathy characterized by onset in early childhood of rapidly progressing proximal muscle weakness with an early involvement of foot and hand muscles that has_material_basis_in homozygous or compound heterozygous mutation in PLEKHG5 on 1p36.31.
autosomal recessive polycystic kidney disease,['PKHD1'],MESH:D017044,DOID:0110861,"A polycystic kidney disease characterized by the presence of multiple cysts located_in the kidney resulting from ciliopathy that disrupts the function of primary cilium, inherited in an autosomal recessive fashion."
autosomal recessive spinocerebellar ataxia 4,['VPS13D'],MESH:C537310,DOID:0111611,"An autosomal recessive cerebellar ataxia characterized by ataxic gait with spasticity, hyperreflexia of the lower limbs, and mitochondrial defects that has_material_basis_in homozygous or compound heterozygous mutation in the VPS13D gene on chromosome 1p36.22-p36.21."
autosomal recessive spinocerebellar ataxia 8,['SYNE1'],MESH:C565188,DOID:0111618,"An autosomal recessive cerebellar ataxia characterized by slowly progressive neurodegeneration resulting in gait ataxia and other cerebellar signs, spasticity, secondary musculoskeletal abnormalities, and ocular movement anomalies that has_material_basis_in homozygous or compound heterozygous mutation in SYNE1 on chromosome 6q25.2."
autosomal recessive thrombophilia due to protein C deficiency,[],MESH:C567353,DOID:0111904,"A protein C deficiency characterized by typically early onset of venous thrombosis although in some cases it may have a milder, later onset that has_material_basis_in homozygous or compound heterozygous mutation in the PROC gene on chromosome 2q14.3."
avian influenza,"['PTGS2', 'MX1', 'ACE2']",MESH:D005585,DOID:4492,"An influenza that results in infection located in respiratory tract of humans, domestic and wild birds, has_material_basis_in Influenza A virus, which is transmitted by contact with infected poultry. Five strains of avian influenza A viruses (H5N1, H7N3, H7N2, H7N7 and H9N2) are known to cause human infections. The infection has_symptom fever, has_symptom cough, has_symptom sore throat, has_symptom muscle aches, has_symptom nausea, has_symptom diarrhea, has_symptom vomiting, has_symptom neurologic changes, has_symptom pneumonia, and has_symptom acute respiratory distress."
axial spondylometaphyseal dysplasia,['CFAP410'],MESH:C535795,DOID:0112299,"A spondylometaphyseal dysplasia characterized by postnatal growth failure, metaphyseal changes of truncal-juxtatruncal bones, and retinal abnormalities that has_material_basis_in homozygous or compound heterozygous mutation in the CFAP410 gene on chromosome 21q22.3."
azoospermia,"['BRDT', 'ERCC1']",MESH:D053713,DOID:14227,A male infertility disease characterized by the absence of any measurable level of sperm in semen.
bacterial infectious disease,"['HLA-DRB1', 'MBL2', 'DOCK8']",MESH:D001424,DOID:104,"A disease by infectious agent that results_in infection, has_material_basis_in Bacteria."
bacterial meningitis,"['PARP1', 'MMP9']",MESH:D016920,DOID:9470,A meningitis that has_material_basis_in a bacterial infection.
bacterial pneumonia,"['CSF3', 'MBL2', 'IL1B']",MESH:D018410,DOID:874,A pneumonia involving inflammation of the lungs caused by bacteria.
bacterial vaginosis,['MBL2'],MESH:D016585,DOID:3385,A vaginitis that is characterized by a grayish vaginal discharge usually of foul odor and the presence of Gardnerella vaginalis.
basal cell carcinoma,"['TP53', 'PTCH1', 'RASA1', 'VDR', 'SMO', 'BAP1', 'CRNKL1', 'OCA2', 'CTCF', 'SHH', 'CTLA4']",MESH:D018295,DOID:2513,A skin carcinoma affecting basal cells.
basal ganglia calcification,"['PDGFB', 'MYORG', 'SLC20A2', 'XPR1', 'JAM2', 'PDGFRB']",MESH:C536275,DOID:0060230,"A basal ganglia disease characterized by the presence of abnormal calcium deposits of unknown cause in the brain; has symptom dementia, psychosis, mood swings and loss of acquired motor skills."
basal ganglia disease,['FTL'],MESH:D001480,DOID:679,"A brain disease that is characterized by dysfunctional movement, located_in basal ganglia that has_material_basis_in diseased components of the basal ganglia and associated neural circuits."
basal laminar drusen,[],MESH:C563034,DOID:0060746,A retinal drusen characterized by yellow-white deposits (drusen) that accumulate beneath the retinal pigment epithelium on Bruch membrane and that has_material_basis_in mutations in the CFH gene on chromosome 1q31.3.
benign neonatal seizures,"['KCNQ3', 'ATP1A2', 'KCNQ2']",MESH:D020936,DOID:14264,A neonatal period electroclinical syndrome that is characterized by tonic-clonic seizures in newborns occurring within the first seven days of life and ceasing within the first 15 weeks of life and has_material_basis_in autosomal dominant inheritance of voltage-gated potassium channels or a chromosomal inversion.
benign recurrent intrahepatic cholestasis 2,['ABCB11'],MESH:C535934,DOID:0070232,A benign recurrent intrahepatic cholestasis characterized by autosomal recessive inheritance that has_material_basis_in mutation in the ABCB11 gene on chromosome 2q31.
berylliosis,"['BTNL2', 'CCR5', 'TGFB1']",MESH:D001607,DOID:10322,A pneumoconiosis that involves allergic response located_in lungs caused by inhalation of beryllium compounds.
bestrophinopathy,['BEST1'],MESH:C567518,DOID:0050662,"A macular degeneration that is characterized by central vision loss, an absent electrooculogram light rise and a reduced electroretinogram, has_material_basis_in autosomal recessive inheritance of homozygous or compound heterozygous mutation in the BEST1 gene on chromosome 11q12."
beta thalassemia,"['BCL11A', 'COL1A1', 'GATA1', 'GSTT1', 'HBB', 'GH1', 'HBS1L']",MESH:D017086,DOID:12241,A thalassemia characterized by the reduced or absent synthesis of the beta globin chains of hemoglobin.
beta-ketothiolase deficiency,['ACAT1'],MESH:C535818,DOID:14723,"An amino acid metabolic disorder characterized by inability to process isoleucine and ketones, has_symptom recurrent ketoacidotic attacks in infancy marked by vomitting, lethargy, dehydration, and seizures, and has_material_basis_in mutation in the ACAT1 gene of chromosome 11q22.3 responsible for producing the ACAT1 enzyme in mitochondria, which processes isoleucine and ketones."
beta-mannosidosis,['MANBA'],MESH:D044905,DOID:3633,A lysosomal storage disease that has_material_basis_in deficiency of the beta-A-manosidase enzyme resulting in the disruption of N-linked glycoprotein oligosaccharide catabolism.
bicuspid aortic valve disease,['GATA5'],MESH:D000082882,DOID:0080332,An aortic valve disease that is characterized by the presence of abnormal two-leaflet aortic valve in at least 2 first-degree relatives.
bilateral optic nerve hypoplasia,['PAX6'],MESH:D000080344,DOID:0111531,An optic nerve disease characterized by isolated optic nerve hypoplasia or aplasia that has_material_basis_in heterozygous mutation in the PAX6 gene on chromosome 11p13.
bile duct adenoma,[],MESH:D002759,DOID:5381,A biliary tract benign neoplasm that results_in a small firm white nodule with multiple bile ducts that are located_in a fibrous stroma.
bile duct cancer,['APOB'],MESH:D001650,DOID:4606,A biliary tract cancer that is located_in the bile duct.
biliary atresia,"['SPP1', 'ICAM1', 'IL18']",MESH:D001656,DOID:13608,A cholestasis characterized by blockage of the ducts that carry bile from the liver to the gallbladder.
biliary tract cancer,['CYP1A1'],MESH:D001661,DOID:4607,A hepatobiliary system cancer that results_in malignant growth located_in the gallbladder or located_in the bile duct.
bilirubin metabolic disorder,"['ABCC2', 'SOD2', 'HGF', 'SLCO1B3', 'UGT1A1', 'SLCO1B1']",MESH:D006932,DOID:2741,An inherited metabolic disorder that involves elevated levels of bilirubin resulting from disruption of bilirubin metabolism.
biotin-responsive basal ganglia disease,['SLC19A3'],MESH:C537658,DOID:0050659,"A basal ganglia disease that is characterized by recurrent subacute encephalopathy, has_symptom confusion, has_symptom seizure, has_symptom ataxia, has_symptom dystonia, has_symptom supranuclear facial palsy, has_symptom external ophthalmoplegia, and has_symptom dysphagia."
biotinidase deficiency,[],MESH:D028921,DOID:856,"A multiple carboxylase deficiency that involves a deficiency in biotinidase as the body is not able to use biotin and results in biotin deficiency, and has_material_basis_in homozygous or compound heterozygous mutation in the BTD gene on chromosome 3p25."
bipolar disorder,"['DAOA', 'GRIN2A', 'SLC6A4', 'PPP1R1B', 'HTR2C', 'DISC1', 'MBL2', 'NRG1', 'AKT1', 'AVPR1B', 'SSTR5', 'CCL2', 'BRD1', 'GCH1', 'IMPA2', 'ANK3', 'SLC18A1', 'SYNE1', 'KAT6B', 'GSK3B', 'CHRM2', 'GABRA3', 'GRIN2B', 'COMT', 'ATP1A3', 'NCAM1', 'GAD1']",MESH:D001714,DOID:3312,A mood disorder that involves alternating periods of mania and depression.
birdshot chorioretinopathy,['HLA-B'],MESH:D000080365,DOID:0111079,"A posterior uveitis characterized by multiple small, hypopigmented, cream-colored choroidal lesions scattered symmetrically in the fundus primarily around the optic disc that presents in patients as blurred vision, floaters, photopsia, scotoma and nyctalopia."
bladder disease,['CHRM3'],MESH:D001745,DOID:365,A urinary system disease that is located_in the bladder.
"blepharophimosis, ptosis, and epicanthus inversus syndrome",['FOXL2'],MESH:C562419,DOID:14778,"A syndrome characterized by blepharophimosis, ptosis, epicanthus inversus, and telecanthus with (type I) or without (premature ovarian failure) that has_material_basis_in heterozygous or rarely homozygous mutation in the FOXL2 gene on chromosome 3q22.3."
"blepharophimosis-intellectual disability syndrome, SBBYS type",['KAT6B'],MESH:C536717,DOID:0060290,"A Ohdo syndrome that is characterized by blepharophimosis, ptosis and intellectual disability."
blepharospasm,['DRD5'],MESH:D001764,DOID:529,"A focal dystonia that is characterized by the involuntary, forcible contraction of the muscles controlling eye blinks."
blood platelet disease,"['EPHB2', 'CD36', 'ITGB3', 'GP6', 'TBXA2R', 'TPM4', 'FLI1']",MESH:D001791,DOID:2218,A blood coagulation disease that is characterized by an abnormal increase or decrease in platelets or platelet dysfunction.
blue color blindness,['OPN1SW'],MESH:D003117,DOID:11661,"A color blindness that is characterized by a selective deficiency of blue vision, has_material_basis_in autosomal dominant inheritance of a mutation in the OPN1SW gene and is associated with a deficiency or absence of blue-sensitive cone photoreceptor function."
bone disease,"['FGF2', 'EPHX1']",MESH:D001847,DOID:0080001,A connective tissue disease that affects the structure or development of bone or causes an impairment of normal bone function.
bone marrow disease,['GSTP1'],MESH:D001855,DOID:4961,A hematopoietic system disease that is located_in the bone marrow.
borderline personality disorder,['TPH1'],MESH:D001883,DOID:10930,A personality disorder that involves a prolonged disturbance of personality function characterized by depth and variability of moods.
brachial plexus neuritis,['SEPTIN9'],MESH:D020968,DOID:3689,"A brachial plexus neuropathy that affects the chest, shoulder, arm and hand."
brachydactyly,"['HOXD13', 'SLC26A2']",MESH:D059327,DOID:0050581,A dysostosis characterized by short fingers and toes.
brachydactyly type A1,"['IHH', 'GDF5']",MESH:C537088,DOID:0110964,A brachydactyly characterized by rudimentary or fused middle phalanges of all the digits and shortened proximal phalanges of the thumbs and big toes.
brachydactyly type A2,"['BMP2', 'BMPR1B', 'GDF5']",MESH:C537089,DOID:0110965,A brachydactyly characterized by autosomal dominant inheritance of malformations of the middle phalanx of the index finger and anomalies of the second toe that has_material_basis_in heterozygous mutation in the BMPR1B gene on chromosome 4q or in the GDF5 gene on chromosome 20q11 or heterozygous duplication in a regulatory element of BMP2 on chromosome 20p12.
brachydactyly type C,['GDF5'],MESH:C537093,DOID:0110970,"A brachydactyly characterized by rachymesophalangy of the index, middle and little fingers, hyperphalangy of the index and middle finger, and shortening of the 1st metacarpal that has_material_basis_in heterozygous mutation in the GDF5 gene on chromosome 20q11."
brachydactyly-syndactyly syndrome,['HOXD13'],MESH:C565193,DOID:0050689,"A syndrome that is characterized by brachydactyly and syndactyly, has_material_basis_in heterozygous mutation in the HOXD13 gene on chromosome 2q31."
brain cancer,['TERT'],MESH:D001932,DOID:1319,A central nervous system cancer that is characterized by the growth of abnormal cells in the tissues of the brain.
brain disease,"['UNC93B1', 'DBR1', 'RANBP2', 'NUP214', 'MFF', 'TBK1', 'TICAM1', 'PPP2R2B', 'IRF3', 'CPT2', 'TRAF3']",MESH:D001927,DOID:936,A central nervous system disease that is located_in the brain.
brain edema,['SERPINF1'],MESH:D001929,DOID:4724,"A brain disease that is characterized by excess accumulation of fluid in the intracellular and/or extracellular spaces of the brain, has_symptom nausea, has_symptom vomiting, has_symptom blurred vision, has_symptom seizure, has_symptom coma."
brain infarction,"['HLA-DQA1', 'ALDH2', 'ADM', 'CYP2R1', 'ALOX5AP']",MESH:D020520,DOID:3454,"A cerebrovascular disease that is characterized by tissue necrosis located_in the brain, resulting from inadequate blood flow through the brain."
brain ischemia,"['IGF1', 'ANXA1', 'CSF3', 'ANGPT1', 'MDK', 'HSPA1B', 'PROZ', 'FGF1', 'PGF', 'SELE']",MESH:D002545,DOID:2316,An ischemia that is characterized by insufficient blood flow to the brain to meet metabolic demand.
branchiootorenal syndrome,"['SIX1', 'EYA1', 'PAX1']",MESH:D019280,DOID:14702,"A syndrome characterized by branchial arch anomalies (branchial fistulas, clefts, or cysts), hearing impairment, structural defects of the outer, middle, and inner ear, and renal abnormalities."
breast angiosarcoma,"['KDR', 'PIK3CA', 'PTPRB']",MESH:C536368,DOID:4511,An angiosarcoma and sarcoma of breast and vascular neoplasm of breast that is located_in the cells that line the blood vessels within the breast or underarm area.
breast cancer,"['MUC1', 'NOD2', 'EBAG9', 'CDH1', 'IL13RA2', 'SLC22A18', 'BCAS2', 'PRKAA1', 'BCL2L1', 'AKT1', 'HLA-DRB1', 'SOD2', 'BIK', 'CDK1', 'GSTM1', 'IFNG', 'PPM1D', 'RAD51', 'ADAM28', 'CTSD', 'APEX1', 'XRCC3', 'BRIP1', 'CYP1A1', 'ESR2', 'CYP1B1', 'ARID1A', 'FANCA', 'MMP8', 'EIF3H', 'AGTR1', 'NQO2', 'IL6', 'ADIPOQ', 'IKBKB', 'CYP19A1', 'TLR4', 'CDKN1B', 'HMMR', 'CTLA4', 'MSH2', 'TP53', 'ENG', 'GSTP1', 'MAP3K1', 'FANCC', 'IGFBP3', 'MKI67', 'XPO5', 'PON1', 'AREG', 'IL1B', 'CDH13', 'RASSF1', 'ADIPOR1', 'CLU', 'GPX1', 'KRT81', 'F10', 'HLA-DQA1', 'RNF20', 'AGT', 'SOX2', 'TCF7L2', 'PSEN2', 'CCND2', 'STAT3', 'CASP8', 'CYB5R3', 'CHEK2', 'CCR5', 'MMP3', 'BIRC2', 'KDM4B', 'UGT1A1', 'VDR', 'FGFR2', 'RAD54L', 'MGMT', 'TGFB1', 'ACSL3', 'CYP1A2', 'CBX7', 'KDM4C', 'MMP1', 'NFKB1', 'CCNB1', 'RUNX3', 'ALOX5AP', 'CYP2C19', 'NOS3', 'TNFAIP3', 'DUSP1', 'KAT6B', 'PTK2B', 'FAS', 'SNW1', 'COMT', 'GSTT1', 'BRCA1', 'LHCGR', 'CYP17A1', 'GNRH1', 'F5', 'CDKN2A', 'FOXA1', 'BRCA2', 'UBR5', 'GRB2', 'MANF', 'SHMT1', 'KDM5B', 'TWIST1', 'ADM', 'ACE', 'TLR2', 'RELB', 'MCPH1', 'WIF1', 'PTPN13', 'TSG101', 'NBN', 'IL18', 'ERCC1', 'RB1CC1', 'PIK3CA', 'PPP2R2B', 'ESR1', 'FANCD2', 'CAV1', 'TP73', 'CASP7', 'LTA', 'WRN', 'PAK1', 'PHB1', 'OGG1', 'NCOA6', 'BARD1']",MESH:D001943,DOID:1612,A thoracic cancer that originates in the mammary gland.
breast carcinoma,"['STAT1', 'TWIST1', 'CDK4', 'MRE11', 'HLA-DRB1', 'WNT2', 'THOC5', 'BIN1', 'TFRC', 'CDH13', 'CADM1', 'CXCL12', 'TSG101', 'ESR1', 'DCN', 'TIMP3', 'CAV1', 'DDR1', 'VEGFC', 'THRB', 'FBXO11', 'LZTS1', 'RHOA', 'NQO2']",MESH:D001943,DOID:3459,A breast cancer that has_material_basis_in abnormally proliferating cells derives_from epithelial cells.
breast carcinoma in situ,['IGF2R'],MESH:D000071960,DOID:8791,An in situ carcinoma that is located_in the breast.
breast ductal carcinoma,"['BCAR1', 'RICTOR', 'CD44']",MESH:D044584,DOID:3007,A breast carcinoma that derives_from the lining of milk ducts.
brittle cornea syndrome 1,['ZNF469'],MESH:C536198,DOID:14775,"An Ehlers-Danlos syndrome that is characterized by blue sclerae, corneal rupture after minor trauma, keratoconus or keratoglobus, hyperelasticity of the skin, and hypermobility of the joints and has_material_basis_in homozygous mutation in the ZNF469 gene on chromosome 16q24."
bronchiectasis,['TAP1'],MESH:D001987,DOID:9563,"A bronchial disease that is a chronic inflammatory condition of one or more bronchi or bronchioles marked by dilatation and loss of elasticity of the walls resulting from damage to the airway wall leading to the formation of small sacs on the bronchial wall and impairment of cilia mobility in the lung. Inflammation of the bronchial wall increases mucus secretion which serves as a breeding ground for bacteria. Bronchiectasis is caused by repeated respiratory infections, immune deficiency disorders, hereditary disorders (cystic fibrosis or primary ciliary dyskinesia), mechanical factors (inhaled object or a lung tumor) or inhaling toxic substances."
bronchiolitis,"['IL17A', 'MUC5B', 'ADRB2']",MESH:D001988,DOID:2942,"A lung disease that is an inflammation of the bronchioles, the smallest air passages of the lungs. It is caused by viruses and bacteria. The disease has_symptom cough, has_symptom wheezing, has_symptom shortness of breath, has_symptom fever, has_symptom nasal flaring in infants and has_symptom bluish skin due to lack of oxygen."
bronchiolitis obliterans,"['NOD2', 'MBL2', 'TLR9', 'EDN1']",MESH:D001989,DOID:2799,A obstructive lung disease involving obstruction of the bronchioles due to inflammation and fibrosis which occurs as a complication of various lung conditions or physiological insults.
bronchiolo-alveolar adenocarcinoma,"['GSTP1', 'ALX4']",MESH:D002282,DOID:4926,A lung adenocarcinoma characterized by a predominantly lepidic pattern and 5 mm or less invasion in greatest dimension.
bronchitis,['CYP1A1'],MESH:D001991,DOID:6132,"A bronchial disease that is an inflammation of the bronchial tubes. It is caused by bacteria and viruses. The disease has_symptom cough with mucus, has_symptom shortness of breath, has_symptom low fever and has_symptom chest tightness."
bronchopulmonary dysplasia,"['DAG1', 'MBL2', 'GSTT1', 'NFKBIA', 'GSTP1', 'IL1RN', 'SFTPA1', 'FLT1', 'GSTM1', 'VDR', 'SFTPD']",MESH:D001997,DOID:11650,"A lung disease that is characterized by underdeveloped lungs in newborns that can be easily irritated or inflamed after birth resulting in damage to the alveoli of the lungs and bronchi. Most newborns who develop BPD are born more than 10 weeks before their due dates, weigh less than 2 pounds at birth, and have breathing problems."
brucellosis,['CXCL8'],MESH:D002006,DOID:11077,"A primary bacterial infectious disease that is caused by the bacteria of the genus Brucella, when humans come in contact with contaminated animals or animal products or ingestion of infected food products. The disease has_symptom fever, has_symptom sweat, has_symptom headache, has_symptom back pain, has_symptom physical weakness, has_symptom joint pain and has_symptom fatigue."
bulimia nervosa,['COMT'],MESH:D002032,DOID:12129,An eating disorder characterized by the restraining of food intake for a period of time followed by an over intake or binging period that results in feelings of guilt and low self-esteem.
bullous congenital ichthyosiform erythroderma,['KRT2'],MESH:D053560,DOID:0060877,"An ichthyosis characterized by congenital erythema and widespread skin blistering, blisters develop into gray hyperkeratoses with a lichenified appearance, and that has_material_basis_in heterozygous mutation in the KRT2 gene on chromosome 12q13."
bullous pemphigoid,['IL2'],MESH:D010391,DOID:8506,A pemphigoid that is characterized by large blisters.
calcinosis,"['MGP', 'GPX1']",MESH:D002114,DOID:182,A calcium metabolism disease that is the result of the formation of calcium deposits in any soft tissue.
campomelic dysplasia,['SOX9'],MESH:D055036,DOID:0050463,"An osteochondrodysplasia that has_material_basis_in heterozygous mutation in the SOX9 gene on chromosome 17q24 and that is characterized by congenital shortness and bowing of long tubular bones, especially in the lower extremities, as well as by hypoplastic scapulae, narrow iliac wings, and nonmineralized thoracic pedicles."
camptodactyly-arthropathy-coxa vara-pericarditis syndrome,['PRG4'],MESH:C537560,DOID:0090127,"A syndrome that is characterized by congenital or early-onset camptodactyly, noninflammatory arthropathy with synovial hyperplasia and in some patients progressive coxa vara deformity, and/or noninflammatory pericardial or pleural effusion that has_material_basis_in autosomal recessive inheritance of homozygous mutation in the proteoglycan 4 gene (PRG4) on chromosome 1q31."
camptodactyly-tall stature-scoliosis-hearing loss syndrome,['FGFR3'],MESH:C537975,DOID:0111160,"A syndrome characterized by camptodactyly, tall stature, scoliosis, and hearing loss that has_material_basis_in partial loss of function in the FGFR3 gene on chromosome 4p16."
cancer,"['GSTT1', 'LRRK2']",MESH:D009369,DOID:162,"A disease of cellular proliferation that is malignant and primary, characterized by uncontrolled cellular proliferation, local cell invasion and metastasis."
candidiasis,"['IL33', 'LTF']",MESH:D002177,DOID:1508,"An opportunistic mycosis that involves fungal infection of the mouth, throat, skin, scalp, vagina, fingers, nails, bronchi, lungs, heart and brain by Candida species, of which Candida albicans is the most common. Systemic Candida infections are usually confined to severely immunocompromised persons."
cannabis dependence,['ABCB1'],MESH:D002189,DOID:1849,A drug dependence that involves the continued use of cannabis despite problems related to use of the substance.
capillary leak syndrome,['PON1'],MESH:D019559,DOID:14400,"A capillary disease characterized by hypotension, hypoalbuminemia, and hemoconcentration resulting from fluid and protein leakage out of capillaries into surrounding tissues."
carbamoyl phosphate synthetase I deficiency disease,['CPS1'],MESH:D020165,DOID:9280,A urea cycle disorder that involves accumulation of ammonia in the blood.
carbohydrate metabolic disorder,"['MPI', 'TPI1', 'TALDO1', 'SLC2A1', 'ACAT1']",MESH:D002239,DOID:2978,An inherited metabolic disorder that affect the catabolism and anabolism of carbohydrates.
carboxypeptidase N deficiency,['CPN1'],MESH:C562876,DOID:0111583,"A plasma protein metabolism disease characterized by low levels of carboxypeptidase N in the serum that may result in episodic angioedema, chronic urticaria, asthma and/or allergic hypersensitivity that has_material_basis_in homozygous or compound heterozygous mutation in the CPN1 gene on chromosome 10q24.2."
cardiofaciocutaneous syndrome,[],MESH:C535579,DOID:0060233,"A RASopathy characterized by unusually sparse, brittle, curly hair, macrocephaly, a prominent forehead and bi-temporal narrowing, intellectual disability, failure to thrive, congenital heart defects, short stature and skin abnormalities, and has_material_basis_in mutation in the BRAF, MAP2K1, MAP2kK2 and KRAS genes."
cardiomyopathy,"['ADIPOQ', 'DTNA', 'NONO', 'KLK1', 'TAB2', 'TSHR', 'SOD2', 'SLC22A5', 'MLYCD', 'POMT1', 'MYH7', 'NOS3', 'JUP', 'DGAT1', 'SRF']",MESH:D009202,DOID:0050700,A heart disease and a myopathy that is characterized by deterioration of the function of the heart muscle.
cardiovascular system disease,"['ADIPOQ', 'UBR1', 'FGB', 'MPO', 'PTGS2', 'DDAH1', 'GIPR', 'AGER', 'ENPP1', 'GYS1', 'GPX1', 'PPARGC1A', 'TLR9', 'GSTT1', 'PPARG', 'LIPG', 'FTO', 'MTHFR', 'XDH']",MESH:D002318,DOID:1287,"A disease of anatomical entity which occurs in the blood, heart, blood vessels or the lymphatic system that passes nutrients (such as amino acids and electrolytes), gases, hormones, blood cells or lymph to and from cells in the body to help fight diseases and help stabilize body temperature and pH to maintain homeostasis."
carnitine-acylcarnitine translocase deficiency,['SLC25A20'],MESH:C562812,DOID:0111585,"A lipid metabolism disorder characterized by impaired long-chain fatty acid ozidation resulting in fasting-induced hypoketotic hypoglycemia, hyperammonemia, elevated creatine kinase and transaminases, dicarboxylic aciduria, very low free carnitine and abnormal acylcarnitine profile with marked elevation of the long-chain acylcarnitines that has_material_basis_in homozygous or compound heterozygous mutation in the SLC25A20 gene on chromosome 3p21.31."
cartilage disease,['BMP4'],MESH:D002357,DOID:1222,A connective tissue disease that is located_in cartilage.
cartilage-hair hypoplasia,[],MESH:C535916,DOID:14773,"An ectodermal dysplasia characterized by short-limbed short stature and fine, sparse hair that has_material_basis_in homozygous or compound heterozygous mutation in the RMRP gene on chromosome 9p13.3."
castration-resistant prostate carcinoma,"['NUF2', 'CHD1', 'CCNE2']",MESH:D064129,DOID:0080909,A prostate carcinoma that is characterized by continued growth and spread despite the surgical removal of the testes or medical intervention to block androgen production.
celiac disease,"['IL6', 'IL23R', 'CD14', 'F2', 'HLA-DQA1', 'HLA-DRB1', 'MYO9B', 'ICOS', 'CTLA4']",MESH:D002446,DOID:10608,"An autoimmune disease of gastrointestinal tract that is caused by a reaction located_in small intestine to gliadin, a prolamin (gluten protein) found in wheat, and similar proteins found in the crops of the tribe Triticeae. The disease is associated with HLA-DQ gene. It has_symptom abdominal pain, has_symptom constipation, has_symptom diarrhea, has_symptom nausea and vomiting, and has_symptom loss of appetite."
central nervous system cancer,"['XRCC1', 'XRCC3']",MESH:D016543,DOID:3620,A nervous system cancer that is located_in the central nervous system.
central nervous system vasculitis,['HLA-A'],MESH:D020293,DOID:525,A vasculitis that is characterized by inflammation of blood vessel walls in the brain or spine.
centronuclear myopathy 2,['BIN1'],MESH:C562934,DOID:0111220,An autosomal recessive centronuclear myopathy that has_material_basis_in homozygous or compound heterozygous mutation in BIN1 on 2q14.3.
cerebellar ataxia,"['L2HGDH', 'RPGRIP1L', 'SYNE1', 'ATCAY']",MESH:D002524,DOID:0050753,A hereditary ataxia that is characterized by ataxia originating in the cerebellum.
cerebral amyloid angiopathy,"['MME', 'OLR1']",MESH:D028243,DOID:9246,"An amyloidosis where amyloid protein progressively deposits in cerebral blood vessel walls with subsequent degenerative vascular changes that usually result in spontaneous cerebral hemorrhage, ischemic lesions and progressive dementia."
cerebral infarction,"['TYMS', 'SERPING1', 'MTR', 'TOMM40', 'HLA-B', 'BHMT', 'TBXAS1', 'ACE', 'IFNB1', 'AGXT2', 'FOLH1', 'PRKCH', 'HLA-DRB1', 'APOA5', 'KALRN', 'GPX3', 'HNF1A', 'ALOX5AP', 'F2', 'PON1', 'GCH1', 'PDX1', 'PHACTR1', 'PTGIS', 'THBD', 'F7', 'CBS', 'PON2', 'LIPG', 'MYRF', 'GRIN1', 'LTA', 'NR1H3', 'F5', 'PARK7', 'KCNN4', 'PROS1', 'MTHFR', 'HLA-A']",MESH:D002544,DOID:3526,A cerebrovascular disease that is characterized by an area of necrotic tissue in the brain resulting from a blockage or narrowing in the arteries supplying blood and oxygen to the brain.
cerebral malaria,"['ACE2', 'NRG1']",MESH:D016779,DOID:14069,"A malaria that involves neurologic damage resulting from blockage of the blood vessels, caused due to the infection of the red blood cells by Plasmodium species."
cerebral palsy,['ALOX5AP'],MESH:D002547,DOID:1969,"A brain disease that is caused by damage to the motor control centers of the developing brain during pregnancy, during childbirth or after birth, which affects muscle movement and balance."
cerebrocostomandibular syndrome,['SNRPB'],MESH:C562538,DOID:0111248,"A syndrome characterized by severe micrognathia, posterior rib and palate defects, and often intellectual disability that has_material_basis_in heterozygous mutation in SNRPB on 20p13."
cerebrooculofacioskeletal syndrome 2,[],MESH:C565185,DOID:0080912,A cerebrooculofacioskeletal syndrome that has_material_basis_in compound heterozygous mutation in the DNA repair gene XPD (ERCC2) on chromosome 19q13.
cerebrooculofacioskeletal syndrome 3,['ERCC5'],MESH:C565035,DOID:0080913,A cerebrooculofacioskeletal syndrome that has_material_basis_in homozygous mutation in the ERCC5 gene on chromosome 13q33.
cerebrooculofacioskeletal syndrome 4,['ERCC1'],MESH:C565184,DOID:0080914,A cerebrooculofacioskeletal syndrome that has_material_basis_in homozygous or compound heterozygous mutation in the ERCC1 gene on chromosome 19q13.
cerebrotendinous xanthomatosis,['CYP27A1'],MESH:D019294,DOID:4810,"A xanthomatosis that is characterized by a deficiency in the production of the bile acid, chenodeoxycholic acid that has_material_basis_in autosomal recessive inheritance and results in cholestanol deposition in the brain and other tissues and with elevated levels of cholesterol in plasma."
cerebrovascular disease,"['LMNA', 'AGT', 'P2RY12', 'NR1H3', 'AGTR1', 'G6PD', 'SELE']",MESH:D002561,DOID:6713,An vascular disease that is characterized by dysfunction of the blood vessels supplying the brain.
cervical cancer,"['NDUFS6', 'HLA-B', 'XRCC1', 'MMP1', 'TAP1', 'KMT2A', 'KDM3A', 'CDK1', 'GSTM1', 'TNFRSF10A', 'CDC25A', 'MAP2K3', 'IL1B', 'CDH13', 'TAP2', 'RASSF1', 'SF3B4', 'APEX1', 'SMAD2', 'TP73', 'MAP2K6', 'BRCA1', 'GSTT1', 'FANCA', 'HLA-DPB1', 'KMT2E', 'MTHFR']",MESH:D002583,DOID:4362,A female reproductive organ cancer that is located_in the cervix.
cervix uteri carcinoma in situ,"['IL1B', 'BRCA1', 'HLA-DRB1', 'THRB', 'CDH1', 'CDKN2A']",MESH:D002578,DOID:8991,An uterus carcinoma in situ that is located_in the uterine cervix.
cherubism,['SH3BP2'],MESH:D002636,DOID:1856,A bone disease characterized by replacement of bone in the jaws with fibrous tissue leding to facial swelling that has_material_basis_in heterozygous mutation in the SH3BP2 gene on chromosome 4p16.3.
childhood absence epilepsy,"['CACNA1H', 'NPY', 'GABRB3', 'CACNG3', 'SLC2A1', 'GRIK1']",MESH:D004832,DOID:1825,A childhood electroclinical syndrome that is characterized by brief and frequent absence seizures in children with age of onset between four and ten years.
cholangiocarcinoma,"['NAT2', 'SLC7A5', 'APC', 'THBS1', 'MGMT', 'RNF43', 'GSTP1', 'PPIA', 'ASPH', 'GSTM1', 'PREX2', 'WDHD1', 'ABCC2', 'EZH2', 'FASLG', 'OGG1', 'MTHFR', 'CYCS']",MESH:D018281,DOID:4947,A bile duct adenocarcinoma that has_material_basis_in bile duct epithelial cells.
cholestasis,"['UTP4', 'ABCB4', 'VPS33B']",MESH:D002779,DOID:13580,A bile duct disease that is characterized by where bile cannot flow from the liver to the duodenum.
cholesterol ester storage disease,['LIPA'],MESH:D015217,DOID:14502,A lysosomal acid lipase deficiency characterized by onset in childhood or later of progressive accumulation of cholesteryl esters and triglycerides primarily in the liver and spleen.
chondrodysplasia Blomstrand type,['PTH1R'],MESH:C537914,DOID:0060387,"An osteochondrodysplasia that is characterized by rapid endochondral bone maturation, short limbs, dwarfism and prenatal lethality, has_material_basis_in autosomal recessive inheritance of mutation in the PTH1R gene."
chondrodysplasia punctata,"['ARSL', 'EBP']",MESH:D002806,DOID:2581,"A syndrome that is characterized by abnormal calcification of the epiphyses, causing stippling in radiography."
chondrodysplasia-pseudohermaphroditism syndrome,[],MESH:C536123,DOID:0060644,"A syndrome characterized by the clinical features of 46,XY complete gonadal dysgenesis in association with severe dwarfism with generalized chondrodysplasia."
chondroma,['PTPN11'],MESH:D002812,DOID:2602,A cell type benign neoplasm that is a cartilaginous tumor encapsulated with a lobular growing pattern.
chondrosarcoma,"['EXT1', 'COL2A1', 'TAF15']",MESH:D002813,DOID:3371,A bone sarcoma that has_material_basis_in cells derived from transformed cells that produce cartilage.
choreaacanthocytosis,['VPS13A'],MESH:D054546,DOID:0050766,"A neuroacanthocytosis characterized by progressive neurodegeneration and red cell acanthocytosis, with onset in the third to fifth decade of life and has_material_basis_in homozygous or compound heterozygous mutation in the VPS13A gene, which encodes chorein, on chromosome 9q21."
chorioamnionitis,"['LTA', 'MBL2']",MESH:D002821,DOID:0050697,A placenta disease that is an inflammation of the fetal membranes (amnion and chorion) due to a bacterial infection.
choriocarcinoma,"['INSR', 'IGF2']",MESH:D002822,DOID:3594,A placenta cancer that has_material_basis_in trophoblastic cells.
choroid disease,['IL10'],MESH:D015862,DOID:1417,An uveal disease that is located_in the choroid.
chromosome 15q24 deletion syndrome,['SIN3A'],MESH:C579849,DOID:0060395,"A chromosomal deletion syndrome that is characterized by dysmorphic facial features, intellectual disability and seizure, has_material_basis_in autosomal dominant inheritance of mutation in the SIN3A gene causing partial deletion of the long arm of chromosome 15."
chromosome 3-linked frontotemporal dementia,['CHMP2B'],MESH:C579991,DOID:0111227,A frontotemporal dementia that has_material_basis_in heterozygous mutation in CHMP2B on 3p11.2.
chromosome 5q deletion syndrome,['RPS14'],MESH:C535323,DOID:0090016,"A chromosomal deletion syndrome characterized by severe macrocytic anemia erythroid hypoplasia in the bone marrow, hypolobated micromegakaryocytes and that has_material_basis_in somatic deletion of 1 allele of the RPS14, MIR145, MIR146A and/or DDX41 genes on chromosome 5q."
chronic fatigue syndrome,"['HLA-DQA1', 'DISC1', 'SLC6A4', 'KIR3DS1', 'TRPC6']",MESH:D015673,DOID:8544,"A syndrome that involves prolonged and severe tiredness or weariness that is unrelated to exertion, is not relieved by rest and for a minimum of six months and is not directly caused by other conditions."
chronic granulomatous disease,"['CYBA', 'CYBB', 'IFNG', 'NCF1']",MESH:D006105,DOID:3265,"A phagocyte bactericidal dysfunction characterized by an inability to resist repeated infectious diseases and a tendency to develop chronic inflammation. Life-threatening recurrent fungal and bacterial infections affecting the skin, lungs, liver, lymph nodes, and bones may occur along with swollen areas of inflamed tissues known as granulomas that can be widely distributed."
chronic kidney disease,"['AGER', 'AKAP12', 'CPB2', 'IL1B', 'TLR9', 'PTH', 'GPX1', 'APOC3', 'IL1RN', 'COL6A3', 'KLK1', 'AGTR1', 'SLC34A1', 'MTHFR', 'XDH']",MESH:D007676,DOID:784,A kidney failure that is characterized by the gradual loss of kidney function.
chronic lymphocytic leukemia,"['PON1', 'IRF4', 'CD86', 'PTPN22', 'CD79B']",MESH:D015451,DOID:1040,A lymphocytic leukemia characterized by over production of B-cells and their accumulation in bone marrow and blood.
chronic mucocutaneous candidiasis,"['TRAF3IP2', 'IL17RC', 'IL17F', 'MAPK8', 'CLEC7A']",MESH:D002178,DOID:2058,"A candidiasis that refers to a heterogeneous group of disorders characterized by recurrent or persistent superficial fungal infections located_in skin, located_in mucous membrane, or located_in nail due to T-cell defects, has-agent Candida species and has_symptom scaling of skin lesions, has_symptom thickening of nails, has_symptom swollen periungal tissue, and has_symptom scarring of the scalp."
chronic obstructive pulmonary disease,"['NAT2', 'CRHR1', 'MMP9', 'DEFB1', 'NOD2', 'CHRM3', 'RTEL1', 'TLR4', 'SLC6A4', 'SFTPA1', 'ELN', 'HTR2A', 'ACE', 'ADAM33', 'BDKRB2', 'IL12B', 'HMOX1', 'CTLA4', 'TGFB1', 'LEPR', 'MBL2', 'XRCC5', 'CD86', 'CYP1A2', 'GSTP1', 'MMP1', 'ADRB1', 'IL1RN', 'GSTM1', 'PTGS2', 'SFTPD', 'IL27', 'IL13RA1', 'ABCC1', 'EDN1', 'CLCA1', 'LEP', 'IL1B', 'IL13', 'LRP1B', 'CHRNA7', 'F2RL1', 'HHIP', 'CCL1', 'SOD3', 'CHRNA5', 'CYP1A1', 'NQO1', 'CYBA', 'GC', 'GRIN2B', 'SERPINA1', 'ADRB2', 'GSTT1', 'NR3C1', 'FAM13A', 'EPHX1', 'HLA-DPB1', 'SERPINA3']",MESH:D029424,DOID:3083,"An obstructive lung disease that is a chronic and progressive disorder of small airways in the lungs and that is characterized by irreversible airflow obstruction, typically identified by reductions in quantitative spirometric indices, induced forced expiratory volume at 1 second (FEV1) and the ratio of FEV1 to forced vital capacity (less than 0.7 is diagnostic of COPD). Lung volume is increased and pulmonary hypertension may occur. The pathologic changes result in the disruption of the airflow in the bronchial airways. Signs and symptoms include shortness of breath, wheezing, productive cough and chest tightness. COPD is a consequence (an end result) of chronic bronchitis, emphysema or both."
chronic recurrent multifocal osteomyelitis,['IL1R1'],MESH:C535456,DOID:0060645,"An osteomyelitis characterized by multiple foci of painful swelling of bones, mainly in the metaphyses of the long bones, in addition to the pelvis, the shoulder girdle and the spine."
chylomicron retention disease,['SAR1B'],MESH:C535460,DOID:0060357,"A lipid metabolism disorder characterized by malnutrition, failure to thrive, growth failure, vitamin E deficiency and the absence of chylomicrons and apolipoprotein B48 post-prandially. It has an autosomal recessive inheritance pattern and has_material_basis_in mutations in the SAR1B gene on chromosome 5q31.1."
cicatricial pemphigoid,['HLA-DRB1'],MESH:D010390,DOID:11656,A pemphigoid that is characterized by skin lesions and scaring and located_in mucous membranes and located_in skin.
citrullinemia,"['SLC25A15', 'ASS1']",MESH:D020159,DOID:9273,An inherited urea cycle disorder that involves the accumulation of ammonia and other toxic substances in the blood.
classic dopamine transporter deficiency syndrome,['SLC6A3'],MESH:C567730,DOID:0070489,"A dopamine transporter deficiency syndrome characterized by infantile onset of chorea, dystonia, ballismus, and orolingual dyskinesia followed by progressive parkinsonism-dystonia that has_material_basis_in homozygous or compound heterozygous mutation in the SLC6A3 gene on chromosome 5p15.33. Another distinct feature is an elevated homovanillic acid to hydroxyindoleacetic acid ratio in cerebrospinal fluid."
classic galactosemia,['GALT'],MESH:D005693,DOID:0111459,A galactosemia that has_material_basis_in homozygous or compund heterozygous mutation in the GALT gene on chromosome 9p13.3.
clear cell renal cell carcinoma,"['MAP3K8', 'PPBP', 'PDGFB', 'GSTP1', 'PAK6', 'IGF1R', 'SETD2', 'FTO', 'MTHFR']",MESH:D002292,DOID:4467,A renal cell carcinoma that has_material_basis_in cells that appear very pale or clear when examined under microscope.
cleft lip,"['NECTIN1', 'SLC19A1', 'FGFR1', 'MTHFD1', 'IRF6', 'SDC2', 'CDH1', 'NOG', 'MSX1', 'GDF6', 'POMT1', 'FGF1', 'BMP4', 'MTHFR', 'KIF7']",MESH:D002971,DOID:9296,An orofacial cleft that is characterized by a congenital defect in the upper lip where the maxillary prominence fails to merge with the merged medial nasal prominences.
cleft palate,"['TBX22', 'NECTIN1', 'MTHFD1', 'COL11A2', 'IRF6', 'SDC2', 'MEIS2', 'FLNB', 'GDF6', 'ROR2', 'MSX1', 'COL2A1']",MESH:D002972,DOID:674,"An orofacial cleft characterized by a fissure of the soft and/or hard palate, due to faulty fusion of the two plates of the skull that form the hard palate."
"cleft palate, cardiac defects, and intellectual disabillity",['MEIS2'],MESH:C563414,DOID:0111697,"A syndrome characterized by a combination of congenital heart defects, variable cleft lip/palate, short stature, microcephaly, and digital anomalies that has_material_basis_in heterozygous mutation in the MEIS2 gene on chromosome 15q14."
cleidocranial dysplasia,['RUNX2'],MESH:D002973,DOID:13994,An osteochondrodysplasia that has_material_basis_in mutations in the RUNX2 gene which results_in undeveloped or absent located_in clavicle along with delayed closing of fontanels in the located_in skull.
clubfoot,"['HOXD12', 'HOXD13', 'FLNB', 'PITX1', 'CYP1A1']",MESH:D003025,DOID:11836,"A bone development disease where one or both are inclined inwards, axially rotated outwards, and pointing downwards with concomitant soft tissue abnormalities."
cocaine abuse,['CHRNA5'],MESH:D019970,DOID:809,A substance abuse that involves the recurring use of cocaine despite negative consequences.
cocaine dependence,"['CAMK4', 'DRD2', 'HTR2A', 'LRRC7', 'GABBR1', 'ANKK1', 'OPRK1', 'TENM3', 'PDYN']",MESH:D019970,DOID:9975,A drug dependence that is a psychological dependency on the regular use of cocaine.
cognitive disorder,"['COMT', 'BDNF', 'FGF2', 'PPARG', 'CSF3', 'DMD', 'APOC3', 'APBB2']",MESH:D019965,DOID:1561,"A disease of mental health that affects cognitive functions including memory processing, perception and problem solving."
colitis,"['HLA-B', 'APOA4']",MESH:D003092,DOID:0060180,An inflammatory bowel disease that involves inflammation located_in colon.
coloboma,"['TMEM67', 'PAX6', 'MAB21L2']",MESH:D003103,DOID:12270,"An eye disease characterized by missing pieces of tissue in structures that form the eye, such as the iris, retina, choroid or optic disc."
colon adenocarcinoma,"['UBR5', 'STAT1', 'GATA1', 'TGFB1', 'STAT5A', 'KDM6A', 'STAT6', 'CHD4', 'SMC2', 'MYD88', 'RAC1', 'PIK3R3', 'RNASET2', 'JAK2', 'MAP2K7', 'PIK3CA', 'LOX', 'MAPK3', 'STAT3', 'ABHD5', 'STAT5B', 'MAPK1', 'CSF1R']",MESH:D003110,DOID:234,A colon carcinoma that derives_from epithelial cells of glandular origin.
colon cancer,"['RICTOR', 'BRD4', 'SLC7A5', 'IL10', 'IL7R', 'TGFBR2', 'MSH2', 'PRKAA1', 'MRE11', 'AKT1', 'CALR', 'CYP24A1', 'KDM3A', 'BIK', 'RAD52', 'ADA', 'MAPK14', 'PIK3R5', 'LRP1B', 'AKT3', 'PTPN13', 'BRCA1', 'ARID1A', 'PPARG', 'CASP7', 'CASP3', 'HTRA1', 'ACVR2A', 'CHAF1A', 'NCOA6', 'ATR']",MESH:D003110,DOID:219,A colorectal cancer that is located_in the colon.
colonic disease,['GHR'],MESH:D003108,DOID:5353,A intestinal disease located in the colon.
color blindness,"['CNGB3', 'GNAT2', 'CNGA3', 'BDNF']",MESH:D003117,DOID:13399,"A blindness that is characterized by the inability or decreased ability to see color, or perceive color differences, under normal lighting conditions."
colorectal cancer,"['POT1', 'FAT1', 'YTHDF1', 'TGFBR1', 'RAD54B', 'CASP9', 'MLH3', 'NRAS', 'AKT1', 'ERBB4', 'PTPN12', 'ABL1', 'SETD2', 'GSTM1', 'SOCS1', 'ARID2', 'BUB1', 'RAD52', 'NTRK3', 'LRP1B', 'SEPTIN9', 'LIG4', 'BRIP1', 'JAK1', 'ESR2', 'NF2', 'MCL1', 'IL6', 'STIM1', 'AURKA', 'AXIN2', 'RNF43', 'MSH2', 'TP53', 'MKI67', 'CCND1', 'XPO5', 'PIK3CD', 'HNF1A', 'BCOR', 'TGFB2', 'EMX2', 'CTNNBL1', 'DCC', 'GPX1', 'EZH2', 'EP300', 'PHOX2B', 'GALNT12', 'MAP2K4', 'TCF7L2', 'PTPRJ', 'TRPV3', 'PDGFRL', 'CHEK2', 'SMAD7', 'KDM4B', 'BUB1B', 'MAPK9', 'CYP24A1', 'GPX4', 'PELI1', 'HILPDA', 'BAMBI', 'DICER1', 'TNFAIP3', 'DDX3X', 'MLH1', 'BRCA1', 'GSTT1', 'CES1', 'KDR', 'ALX4', 'DDR2', 'ERCC6', 'MCC', 'RBM10', 'POLE', 'GRIN2A', 'WRAP53', 'XPO1', 'APC', 'TLR2', 'FOXP3', 'KDM6A', 'FGFR3', 'XRCC1', 'DLC1', 'CHD4', 'MYD88', 'RAC1', 'SH2B3', 'AMER1', 'ITPKC', 'CTNNB1', 'PTPN13', 'ERCC1', 'PIK3CA', 'FLCN', 'SPOP', 'TP73', 'F7', 'IKZF1', 'TCF3', 'PLA2G2A']",MESH:D015179,DOID:9256,A large intestine cancer that is located_in the colon and/or located_in the rectum.
colorectal carcinoma,"['MSH3', 'BIRC3', 'MBD4', 'TP53', 'CD59', 'MSH6', 'XRCC1', 'NCOA2', 'GSTM1', 'MYD88', 'RAC1', 'BMI1', 'PTPRB', 'AKAP12', 'MAPK14', 'STRAP', 'ANTXR1', 'PIK3CA', 'GSTT1', 'ERCC6']",MESH:D015179,DOID:0080199,A colorectal cancer that arises from the colon or rectum and invades through the muscularis mucosa into the submucosa.
combined cellular and humoral immune defects with granulomas,"['RAG1', 'RAG2']",MESH:C567115,DOID:0112253,A combined immunodeficiency characterized by combined cellular and humoral deficiencies and multiple granulomas that has_material_basis_in homozyous or compound heterozygous mutation in the RAG1 gene or the RAG2 gene on chromosome 11p12.
combined deficiency of vitamin K-dependent clotting factors 1,['GGCX'],MESH:C564741,DOID:0112173,A hereditary combined deficiency of vitamin K-dependent clotting factors that has_material_basis_in homozygous or compound heterozygous mutation in the GGCX gene on chromosome 2p11.2.
combined deficiency of vitamin K-dependent clotting factors 2,['VKORC1'],MESH:C564393,DOID:0112174,A hereditary combined deficiency of vitamin K-dependent clotting factors that has_material_basis_in homozygous or compound heterozygous mutation in the VKORC1 gene on chromosome 16p11.2.
combined malonic and methylmalonic acidemia,['ACSF3'],MESH:C580002,DOID:0111263,An organic acidemia characterized by elevated levels of methylmalonic acid and malonic acid in body fluids typically resulting in developmental delay and failure to thrive in children and neurological symptoms in adults that has_material_basis_in homozygous or compound heterozygous mutation in ACSF3 on 16q24.3.
combined oxidative phosphorylation deficiency 1,['GFM1'],MESH:C563797,DOID:0111474,A combined oxidative phosphorylation deficiency that has_material_basis_in homozygous or compound heterozygous mutation in the GFM1 gene on chromosome 3q25.32.
combined oxidative phosphorylation deficiency 2,['MRPS16'],MESH:C566468,DOID:0111483,A combined oxidative phosphorylation deficiency that has_material_basis_in homozygous or compound heterozygous mutation in the MRPS16 gene on chromosome 10q22.2.
combined oxidative phosphorylation deficiency 3,['TSFM'],MESH:C566467,DOID:0111486,A combined oxidative phosphorylation deficiency that has_material_basis_in homozygous or compound heterozygous mutation in the TSFM gene on chromosome 12q14.1.
combined oxidative phosphorylation deficiency 4,['TUFM'],MESH:C565690,DOID:0111494,A combined oxidative phosphorylation deficiency that has_material_basis_in homozygous or compound heterozygous mutation in the TUFM gene on chromosome 16p11.2.
combined oxidative phosphorylation deficiency 5,['MRPS22'],MESH:C567126,DOID:0111473,"A combined oxidative phosphorylation deficiency characterized by severe hypotonia, lactic academia and congenital hyperammonemia that has_material_basis_in homozygous or compound heterozygous mutation in the MRPS22 gene on chromosome 3q23."
combined saposin deficiency,[],MESH:C567125,DOID:0111330,A sphingolipidosis characterized by absence of expression of both isoforms of PSAP (SAP1 and SAP2) resulting in hepatosplenomegaly and severe neurological disease that has_material_basis_in homozygous or coumpound heterozygous mutation in PSAP on 10q22.1.
common cold,"['CX3CL1', 'IL10', 'IL1RN', 'IFNA2']",MESH:D003139,DOID:10459,"An upper respiratory tract disease which involves inflammation of the mucous membranes of the nose, throat, eyes, and eustachian tubes with watery then purulent discharge. This is an acute contagious disease caused by rhinoviruses, human parainfluenza viruses, human respiratory syncytial virus, influenza viruses, adenoviruses, enteroviruses, or metapneumovirus."
common variable immunodeficiency,"['MBL2', 'DCLRE1C']",MESH:D017074,DOID:12177,An agammaglobulinemia that is characterized by low Ig levels with phenotypically normal B cells that can proliferate but do not develop into Ig-producing cells and that esults in insufficient production of antibodies needed to respond to exposure of pathogens.
communication disorder,"['DDB1', 'COL6A3', 'NDUFA11']",MESH:D003147,DOID:2033,A specific developmental disorder that involves specific developmental disorders of speech and language.
complement component 4a deficiency,['C4A'],MESH:C565167,DOID:0060297,"A complement deficiency that is characterized by recurrent bacterial infections, caused by C4A deficiency."
complement component 5 deficiency,['C5'],MESH:C537005,DOID:8158,"A complement deficiency that is characterized by susceptibility to recurrent bacterial infections especially to infections of enveloped organisms, and has_material_basis_in mutation in the complement component 5 (C5) gene on chromosome 9q33.2 that encodes the fifth component of complenent, a part of the innate immune system."
complement component 6 deficiency,['C6'],MESH:C567307,DOID:0060299,"A complement deficiency that is characterized by recurrent bacterial infections, has_material_basis_in mutation in the C6 gene."
complement component 7 deficiency,['C7'],MESH:C566443,DOID:0060300,"A complement deficiency that is characterized by recurrent bacterial infections, has_material_basis_in mutation in the C7 gene."
complement factor I deficiency,['CFI'],MESH:C572568,DOID:0050419,A complement deficiency that is characterized by recurrent pyogenic bacterial infections that is the result of complement component 3 deficiency.
conduct disorder,"['DRD4', 'HTR1B', 'AR', 'ACP1']",MESH:D019955,DOID:12995,A specific developmental disorder marked by a pattern of repetitive behavior wherein the rights of others or social norms are violated.
cone-rod dystrophy 10,['SEMA4A'],MESH:C564597,DOID:0111017,A cone-rod dystrophy that has_material_basis_in compound heterozygous mutation in the SEMA4A gene on chromosome 1q22.
cone-rod dystrophy 11,['RAX2'],MESH:C563671,DOID:0111018,A cone-rod dystrophy that has_material_basis_in heterozygous mutation in the RAX2 gene on chromosome 19p13.
cone-rod dystrophy 12,['PROM1'],MESH:C567206,DOID:0111019,A cone-rod dystrophy that has_material_basis_in homozygous or heterozygous mutation in the PROM1 gene on chromosome 4p15.
cone-rod dystrophy 13,['RPGRIP1'],MESH:C567698,DOID:0111016,A cone-rod dystrophy that has_material_basis_in mutation in the RPGRIP1 gene on chromosome 14q11.2.
cone-rod dystrophy 14,['GUCA1A'],MESH:C566579,DOID:0080314,A cone-rod dystrophy that is characterized by deterioration of the cone in childhood or early adult life and progressive deterioration of the rod photoreceptor cells in later life that has_material_basis_in mutation in the GUCA1A gene on chromosome 6p21.1.
cone-rod dystrophy 3,['ABCA4'],MESH:C565827,DOID:0111013,A cone-rod dystrophy that has_material_basis_in homozygous or compound heterozygous mutation in the ABCA4 gene on chromosome 1p22.
cone-rod dystrophy 5,['PITPNM3'],MESH:C563415,DOID:0111010,A cone-rod dystrophy that has_material_basis_in mutation in the PITPNM3 gene in chromosome region 17p13.2-p13.1.
congenital afibrinogenemia,"['FGA', 'FGG', 'FGB']",MESH:D000347,DOID:2236,A blood coagulation disease that is characterized by an impaired blood clotting resulting from a lack deficiency of a the fibrinogen protein (coagulation factor I).
congenital bile acid synthesis defect 1,['HSD3B7'],MESH:C535442,DOID:0111071,"A congenital bile acid synthesis defect characterized by progressive cholestatic liver disease, giant cell hepatitis, malabsorption of fat and fat-soluble vitamins, increased serum bilirubin and decreased serum cholesterol that has_material_basis_in homozygous or compound heterozygous mutation in the HSD3B7 gene on chromosome 16p."
congenital bile acid synthesis defect 2,['AKR1D1'],MESH:C535443,DOID:0111069,"A congenital bile acid synthesis defect characterized by rapid progession of severe cholestatic liver disease, decreased levels of chenodeoxycholic acid and cholic acid in the serum and urine, and malabsorption of fat and fat-soluble vitamins that has_material_basis_in homozygous or compound heterozygous mutation in the AKR1D1 gene on chromosome 7q33."
congenital bile acid synthesis defect 3,[],MESH:C566340,DOID:0111070,"A congenital bile acid synthesis defect characterized by intrahepatic cholestasis, malabsorption of fat and fat-soluble vitamins, and increased serum bilirubin that has_material_basis_in homozygous mutation in the CYP7B1 gene on chromosome 8q12."
congenital bile acid synthesis defect 4,['AMACR'],MESH:C535444,DOID:0111068,"A congenital bile acid synthesis defect characterized by intrahepatic cholestasis, malabsorption of fat and fat-soluble vitamins, decreased serum cholesterol, and increased levels of THCA in bile, serum and urine that has_material_basis_in homozygous mutation in the AMACR gene on chromosome 5p13."
congenital central hypoventilation syndrome,"['PHOX2B', 'BDNF']",MESH:C536209,DOID:0060731,"An autonomic nervous system disease characterized by reduced responsiveness of the respiratory center to carbon dioxide, diminished pupillary light responses, and other symptoms related to defects in the autonomic nervous system and that has_material_basis_in most commonly heterozygous mutation in the PHOX2B gene on chromosome 4p13 and less frequently mutations in the RET, GDNF, EDN3, BDNF, or ASCL1 genes."
congenital contractural arachnodactyly,['FBN2'],MESH:C536211,DOID:0111595,"A distal arthrogryposis characterized by contractures, arachnodactyly, scoliosis, and crumpled ears that has_material_basis_in heterozygous mutation in the FBN2 gene on chromosome 5q23.3."
congenital diaphragmatic hernia,"['ZFPM2', 'PLS3', 'MYRF', 'FREM1']",MESH:D006548,DOID:3827,"A diaphragm disease characterized by the lack of development of all or part of the diaphragm, which results in an abnormal opening that allows the stomach and intestines to move into the chest cavity and crowd the heart and lungs."
congenital disorder of glycosylation,"['PMM2', 'B4GALT1']",MESH:D018981,DOID:5212,A carbohydrate metabolic disorder that involves deficient or defective glycosylation of a variety of tissue proteins and/or lipids.
congenital disorder of glycosylation type II,"['CAMLG', 'COG3', 'EDEM3', 'GALNT2', 'ATP6AP2', 'SLC37A4', 'GET4', 'STX5']",MESH:C535747,DOID:0050571,A congenital disorder of glycosylation that involves malfunctioning trimming or processing of the protein-bound oligosaccharide chain.
congenital disorder of glycosylation type IIa,['MGAT2'],MESH:C535752,DOID:0070253,A congenital disorder of glycosylation type II that has_material_basis_in an autosomal recessive mutation of the MGAT2 gene on chromosome 14q21.3.
congenital disorder of glycosylation type IIb,['MOGS'],MESH:C565264,DOID:0070254,A congenital disorder of glycosylation type II that has_material_basis_in an autosomal recessive mutation of the MOGS gene on chromosome 2p13.1.
congenital disorder of glycosylation type IIc,['SLC35C1'],MESH:C535755,DOID:0070255,A congenital disorder of glycosylation type II that has_material_basis_in an autosomal recessive mutation of the SLC35C1 gene on chromosome 11p11.2.
congenital disorder of glycosylation type IId,['B4GALT1'],MESH:C535753,DOID:0070256,A congenital disorder of glycosylation type II that has_material_basis_in an autosomal recessive mutation of the B4GALT1 gene on chromosome 9p21.1.
congenital disorder of glycosylation type IIe,['COG7'],MESH:C535754,DOID:0070257,A congenital disorder of glycosylation type II that has_material_basis_in a mutation of the COG7 gene on chromosome 16p12.2.
congenital disorder of glycosylation type IIf,['SLC35A1'],MESH:C567040,DOID:0070258,A congenital disorder of glycosylation type II that has_material_basis_in an autosomal recessive mutation of the SLC35A1 gene on chromosome 6q15.
congenital disorder of glycosylation type IIg,['COG1'],MESH:C535756,DOID:0070259,A congenital disorder of glycosylation type II that has_material_basis_in a mutation of the COG1 gene on chromosome 17q25.1.
congenital disorder of glycosylation type IIh,['COG8'],MESH:C566987,DOID:0070260,A congenital disorder of glycosylation type II that has_material_basis_in a mutation of the COG8 gene on chromosome 16q22.1.
congenital dyserythropoietic anemia,"['RACGAP1', 'CDAN1']",MESH:D000742,DOID:1338,"A congenital hemolytic anemia characterized by ineffective erythropoiesis, and resulting from a decrease in the number of red blood cells (RBCs) in the body and a less than normal quantity of hemoglobin in the blood."
congenital dyserythropoietic anemia type II,['SEC23B'],MESH:D000742,DOID:0111401,"A congenital dyserythropoietic anemia characterized by mild to severe anemia, bi- and multinucleated erythroblasts in bone marrow, jaundice and splenomegaly and may lead to liver iron overload and gallstones that has_material_basis_in homozygous or compound heterozygous mutation in the SEC23B gene on chromosome 20p11.23."
congenital dyserythropoietic anemia type III,[],MESH:D000742,DOID:0111399,"A congenital dyserythropoietic anemia characterized by nonprogressive mild to moderate anemia, macrocytosis in the peripheral blood, and giant multinucleated erythroblasts that has_material_basis_in heterozygous mutation in an 11 cM interval within chromosome 15q21-q25."
congenital dyserythropoietic anemia type Ib,['CDIN1'],MESH:D000742,DOID:0111397,A congenital dyserythropoietic anemia type I that has_material_basis_in homozygous or compound heterozygous mutation in C15orf41 on chromosome 15q14.
"congenital heart defects, hamartomas of tongue, and polysyndactyly",['WDPCP'],MESH:C535849,DOID:0111591,"A syndrome characterized by congenital heart defects, hamartomas of tongue, and polysyndactyly that has_material_basis_in homozygous or compound heterozygous mutation in the WDPCP gene on chromosome 2p15."
congenital hypothyroidism,"['SLC5A5', 'TPO', 'DUOX2', 'PAX8']",MESH:D003409,DOID:0050328,A hypothyroidism that is present at birth.
congenital lactase deficiency,['LCT'],MESH:C562600,DOID:0111646,A carbohydrate metabolic disorder characterized by watery diarrhea in infants fed with breast milk or other lactose-containing formulas that has_material_basis_in homozygous or compound heterozygous mutation in LCT on chromosome 2q21.3.
congenital merosin-deficient muscular dystrophy 1A,['LAMA2'],MESH:C537384,DOID:0110636,A congenital muscular dystrophy characterized by autosomal recessive inheritance of muscle weakness that is apparent at birth or in the first 6 months of life and frequent development of periventricular white matter abnormalities that has_material_basis_in homozygous or compound heterozygous mutation in the LAMA2 gene on chromosome 6q22.
congenital myasthenic syndrome,"['SYT2', 'SLC25A1']",MESH:D020294,DOID:3635,"A neuromuscular junction disease that is characterized by weakness and easy fatiguability resulting from a genetic defect at the junction where the nerve stimulates muscle activity that result in muscle weakness and may affect nerve cells (presynaptic), muscle cells (postsynaptic) or the space between nerve and muscle cells (synaptic)."
congenital myopathy 1A,['RYR1'],MESH:D020512,DOID:3529,"A congenital myopathy that is characterized by muscle weakness primarily affecting the proximal muscles of the lower limbs beginning in infancy or early childhood, although later onset of symptoms has been reported and that has_material_basis_in heterozygous mutation in the ryanodine receptor-1 gene (RYR1) on chromosome 19q13. Heterozygous mutation in the RYR1 gene also causes susceptibility to malignant hyperthermia-1 (MHS1), patients with CMYP1A are at risk for MHS. Biallelic mutations in the RYR1 gene cause autosomal recessive CMYP1B, which shows overlapping features, but is typically more severe."
congenital nystagmus,"['PAX6', 'MYO7A']",MESH:D020417,DOID:9649,"A pathologic nystagmus, present at birth, characterized by involuntary, rhythmic eye movements; oscillations are usually horizontal in direction."
congenital secretory chloride diarrhea 1,['SLC26A3'],MESH:C536210,DOID:0060296,A secretory diarrhea that has_material_basis_in mutation in the SLC26A3 gene.
congenital stationary night blindness,"['GUCY2D', 'TRPV3', 'TRPM1', 'CACNA1F']",MESH:C537743,DOID:0050534,A hereditary night blindness that is characterized by hemeralopia with a moderate loss of visual acuity and caused by defective photoreceptor-to-bipolar cell signaling with common ERG findings of reduced or absent b-waves and generally normal a-waves.
congenital stromal corneal dystrophy,['DCN'],MESH:C566452,DOID:0060445,A stromal dystrophy that is characterized by the presence of bilateral corneal opacities that can be seen at or shortly after birth.
congenital structural myopathy,"['MTM1', 'MYF6', 'ANKRD1']",MESH:D020914,DOID:422,"A myopathy that is characterized by hypotonia, muscle weakness, and delayed development of motor skills."
congenital sucrase-isomaltase deficiency,['SI'],MESH:C538139,DOID:0111633,A carbohydrate metabolic disorder characterized by malabsorption of oligosaccharides and disaccharides that has_material_basis_in homozygous or compound heterozygous mutation in SI on chromosome 3q26.1.
congenital toxoplasmosis,['HLA-DQA1'],MESH:D014125,DOID:13336,A toxoplasmosis that involves a reactivated infection of the mother transmitted to the fetus during pregnancy. Spontaneous abortion and stillbirth may occur.
congenital vertical talus,['HOXD10'],MESH:D005413,DOID:0111568,"A connective tissue disease characterized by dislocation of the talonavicular joint with vertical orientation of the talus and rigid dorsal dislocation of the navicular, equinus deformity of the calcaneus, abduction deformity of the forefoot, and contracture of the soft tissues of the hind- and mid-foot that has_material_basis_in heterozygous mutation in the HOXD10 gene on chromosome 2q31.1."
congestive heart failure,"['PHF6', 'CCR2', 'RYR1', 'SLC6A4', 'AGXT2', 'PRKAR2A', 'GNB1', 'MMP1', 'ADRB1', 'EPO', 'SLC9A1', 'EDN1', 'SMC1A', 'YY1', 'TNFRSF1B', 'CBL', 'EYA4', 'EZH2', 'EP300', 'AMPD1', 'AGT', 'ADRA2C', 'NISCH', 'GNAQ', 'SRSF2']",MESH:D006333,DOID:6000,A heart disease that is characterized by any structural or functional cardiac disorder that impairs the ability of the heart to fill with or pump a sufficient amount of blood throughout the body.
conjunctivitis,['PLG'],MESH:D003231,DOID:6195,"A conjunctival disease characterized by an inflammation of the conjunctiva, the outermost layer of the eye and the inner surface of the eyelids."
connective tissue disease,"['SNRPA1', 'SNRPD1', 'SNRPA', 'SNRPC', 'SNRPB2']",MESH:D003240,DOID:65,"A musculoskeletal system disease that affects tissues such as skin, tendons, and cartilage."
"contractures, pterygia, and spondylocarpotarsal fusion syndrome",['CHRNG'],MESH:C537377,DOID:0080110,"A syndrome that is characterized by permanently bent fingers, short stature, rocker-bottom or club feet, joints that are bent in a fixed position, union or webbing of the skin between the fingers, and/or webbing of the neck, inside bend of the elbows, back of the knees and armpits."
corneal dystrophy-perceptive deafness syndrome,['SLC4A11'],MESH:C535473,DOID:0111620,"A syndrome characterized by congenital corneal endothelial dystrophy and progressive, postlingual sensorineural hearing loss that has_material_basis_in homozygous or compound heterozygous mutation in the SLC4A11 gene on chromosome 20p13."
coronary artery disease,"['SERPINE1', 'NOD2', 'APOM', 'BCHE', 'TLL1', 'BRINP3', 'AGXT2', 'GSTM1', 'CUBN', 'KL', 'PHACTR1', 'XRCC3', 'PECAM1', 'CD40LG', 'ARHGAP31', 'FCGR3A', 'ESR2', 'FTO', 'AGTR1', 'ACAT2', 'CCR2', 'ADIPOQ', 'LUM', 'ABCA1', 'BTNL2', 'TLR4', 'FABP2', 'PPARA', 'MMP12', 'LEPR', 'TP53', 'OLR1', 'PTPN22', 'HNF1A', 'AGER', 'DAB2IP', 'PON1', 'GJA4', 'PLA2G7', 'GPX1', 'CYBA', 'AMPD1', 'NR3C1', 'LIPG', 'MMP3', 'LIPC', 'HSPD1', 'ABCC6', 'IL10', 'VDR', 'ACP1', 'HMOX1', 'LRP8', 'MMP1', 'CYP2R1', 'CLCN6', 'ALOX5AP', 'APOB', 'EDN1', 'NOS3', 'KIF6', 'GSTT1', 'LPL', 'APH1B', 'MMP9', 'APOC3', 'FGB', 'ACE', 'SELE', 'PNPLA3', 'XRCC1', 'APOA5', 'EPHX2', 'PARL', 'ADRB3', 'KALRN', 'AHSG', 'DDAH1', 'F2', 'IL1RL1', 'GCK', 'NPPA', 'SREBF1', 'SOD3', 'ESR1', 'FCGR2A', 'F7', 'CBS', 'PON2', 'LTA', 'HMGCR', 'OGG1', 'MLXIPL', 'MYLK', 'WRN', 'MTHFR', 'RBP4']",MESH:D003324,DOID:3393,An artery disease that is characterized by plaque building up along the inner walls of the arteries of the heart resulting in a narrowing of the arteries and a reduced blood supply to the cardiac muscles.
cortical dysplasia-focal epilepsy syndrome,['CNTNAP2'],MESH:C567657,DOID:0090130,"A brain disease that is characterized by cortical dysplasia, focal epilepsy, macrocephaly, and diminished deep-tendon reflexes that has_material_basis_in autosomal recessive inheritance of homozygous or compound heterozygous mutation in the contactin associated protein like 2 (CNTNAP2) gene on chromosome 7q35-q36."
corticosteroid-binding globulin deficiency,['SERPINA6'],MESH:C565152,DOID:0090030,"An adrenal gland disease characterized by decreased levels of serum corticosteroid-binding globulin and cortisol, and in some cases hypo- or hypertension, and muscle fatigue that has_material_basis_in heterozygous or homozygous mutation in the SERPINA6 gene on chromosome 14q32."
cortisone reductase deficiency,"['HSD11B1', 'H6PD']",MESH:C536447,DOID:0090139,An endocrine system disease characterized by failure to regenerate the active glucocorticoid cortisol from cortisone resulting in adrenal hyperandrogenism.
craniofacial-deafness-hand syndrome,['PAX3'],MESH:C536453,DOID:0111336,"A syndrome characterized by a flat facial profile, hypertelorism, a hypoplastic nose with slitlike nares, and sensorineural hearing loss that has_material_basis_in heterozygous mutation in the PAX3 gene on chromosome 2q36.1."
craniofrontonasal syndrome,['EFNB1'],MESH:C536456,DOID:14737,"A syndrome that has_material_basis_in mutation in the EFNB1 gene on chromosome Xq13 and is characterized in hemizygous males by hypertelorism and with greater severity in females by frontonasal dysplasia, craniofacial asymmetry, craniosynostosis, bifid nasal tip, grooved nails, wiry hair, and abnormalities of the thoracic skeleton."
craniolenticulosutural dysplasia,['SEC23A'],MESH:C564332,DOID:0070307,"A syndrome in neonates that is characterized by facial dysmorphism, late-closing fontanels, cataract, and skeletal defects. It has_material_basis_in the mutation of the SEC23A gene on the 14th chromosome, with the underproduction in the collagen secreting pathway and distension of endoplasmic reticulum leading to bone defects."
craniosynostosis,"['ZIC1', 'TCF12', 'FGFR3', 'TWIST1', 'FLNA', 'NOG', 'MSX2', 'ALX4', 'FGFR2', 'BBS9', 'ERF']",MESH:D003398,DOID:2340,A synostosis that results_in premature fusion located_in skull.
cryoglobulinemia,"['ABCB1', 'IFNL3', 'IFNL4']",MESH:D003449,DOID:2917,A hypersensitivity reaction type IV disease that involves large amounts of cryoglobulins in the blood which become thick or gel-like in cold temperatures.
cryptosporidiosis,['MBL2'],MESH:D003457,DOID:1733,"A coccidiosis that involves a parasitic protozoan infection of the intestine of humans and a wide range of animals caused by Cryptosporidium species, through contaminated water and food, The symptoms include watery diarrhea, dehydration, weight loss, abdominal pain, fever, nausea and vomiting. Cryptosporidium infections have also been found in other digestive tract organs, the lungs, and conjunctiva. Immunocompromised persons are at greater risk of developing the infection."
cutaneous Paget's disease,['PIK3CA'],MESH:D010145,DOID:3450,A skin carcinoma that is characterized by infiltration of the skin by neoplastic large cells with abundant pale cytoplasm and large nuclei with prominent nucleoli.
cutaneous leishmaniasis,"['COL1A1', 'CCR5', 'IL32', 'SLC11A1']",MESH:D016773,DOID:9111,"A leishmaniasis that involves skin infection caused by Leishmania species, resulting in one or more cutaneous lesions."
cutis laxa,"['LTBP1', 'ELN', 'FBLN5', 'ATP7A']",MESH:D003483,DOID:3144,"A skin disease characterized by loose, hanging, wrinkled skin lacking in elasticity."
cystathioninuria,['CTH'],MESH:C535408,DOID:0090142,An amino acid metabolic disorder that is characterized by elevated plasma and urinary cystathionine levels that has_material_basis_in autosomal recessive inheritance of homozygous or compound heterozygous mutation in the gene encoding cystathionine gamma-lyase (CTH) on chromosome 1p31.
cystic fibrosis,"['NOS1', 'GSTM3', 'MPO', 'TGFB1', 'MBL2', 'PTX3', 'GSTM1', 'TLR5', 'PTGS2', 'AGER', 'CD14', 'IL1B', 'GCLC', 'NOS3', 'MIF', 'HSPA1A', 'CYP1A1', 'FAS', 'FCGR2A', 'TLR9', 'ADRB2', 'GSTT1', 'LTA', 'SERPINA3']",MESH:D003550,DOID:1485,"A syndrome that is characterized by the buildup of thick, sticky mucus that can damage many organs."
cystinosis,['CTNS'],MESH:D003554,DOID:1064,"A lysosomal storage disease characterized by the abnormal accumulation of cystine in the lysosomes. It follows an autosomal recessive inheritance pattern and that has_material_basis_in mutations in the CTNS gene, located on chromosome 17."
cystinuria,"['SLC3A1', 'SLC7A9']",MESH:D003555,DOID:9266,"An amino acid metabolic disorder that involves the formation of cystine stones in the kidneys, ureter, and bladder."
cystitis,['TLR5'],MESH:D003556,DOID:1679,A bladder disease that is characterized by inflammation of the bladder.
cytochrome-c oxidase deficiency disease,"['SCO1', 'SCO2']",MESH:D030401,DOID:3762,"A mitochondrial metabolism disease that is characterized by deficiency of cytochrome c oxidase, myopathy, hepatomegaly, hypertrophic cardiomyopathy, lactic acidosis, and Leigh syndrome, and is caused by mutations related to oxidative phosphorylation."
dacryocystitis,['IL1RN'],MESH:D003607,DOID:9938,"An acute inflammation of lacrimal passage that is characterized by inflammation of the lacrimal sac, has_symptom conjunctivitis and has_symptom purulent discharge."
deafness-dystonia-optic neuronopathy syndrome,['TIMM8A'],MESH:C535808,DOID:0050757,"A mitochondrial metabolism disease that is characterized by hearing loss that begins early in life, problems with movement, impaired vision, and behavior problems, and has_material_basis_in mutations in the TIMM8A gene resulting in abnormal protein transport within the mitochondria."
demyelinating disease,['KLK6'],MESH:D003711,DOID:3213,A central nervous system disease that is characterized by damage to the myelin sheath present around nerve axons.
dengue disease,"['CD209', 'F2', 'FCGR2A']",MESH:D003715,DOID:12205,"A viral infectious disease that results in infection, has_material_basis_in Dengue virus"
dengue hemorrhagic fever,"['IFNL1', 'TAP2', 'SLC6A4', 'KIR3DS1', 'CD209', 'FCGR2A']",MESH:D019595,DOID:12206,"A dengue disease that occurs when a person experiences a second infection with a heterologous Dengue virus serotype, which is transmitted_by Aedes mosquito bite. The infection has_symptom hemorrhagic lesions of the skin, has_symptom thrombocytopenia, has_symptom reduction in the fluid part of the blood, and has_symptom high fever."
dental caries,"['BCOR', 'IL1B']",MESH:D003731,DOID:216,"A teeth hard tissue disease that is characterized by damage to a tooth that can happen when decay-causing bacteria in your mouth make acids that attack the tooth’s surface, or enamel."
dentatorubral-pallidoluysian atrophy,['ATN1'],MESH:D020191,DOID:0060162,An autosomal dominant cerebellar ataxia that has_material_basis_in expansion of CAG triplet repeats (glutamine) encoding a polyglutamine tract in the atrophin-1 protein.
dentinogenesis imperfecta,"['COL1A1', 'DSPP']",MESH:D003811,DOID:4154,"A tooth disease characterized by discolored, opalescent teeth that has_material_basis_in mutation in the DSPP gene on chromosome 4q22."
depressive disorder,"['IL6', 'GATA1', 'GATA2', 'HTR1A', 'SLC6A4', 'GNB3', 'NGFR', 'IL1RN', 'DRD2', 'CRHBP', 'PANX1', 'TPH1', 'SLC5A7', 'NTS', 'STK33', 'NPPC', 'HTR3B', 'GPX1', 'NPY', 'CHRNB3', 'OPRK1']",MESH:D003863,DOID:1596,"A mood disorder characterized by persistent sadness, emptiness, or irritability and decreased ability to function."
dermatitis,"['IKBKB', 'IL13', 'ADRB2', 'FGF2', 'HLA-B']",MESH:D003872,DOID:2723,"A skin disease characterized by itchy, erythematous, vesicular, weeping and crusting patches of skin."
dermatofibrosarcoma protuberans,"['COL1A1', 'PDGFB']",MESH:D018223,DOID:3507,A fibrosarcoma that is located_in the dermis laryer of the skin and that begins as a hard nodule and grows slowly.
dermatomyositis,"['STAT4', 'MBL2', 'PMS1']",MESH:D003882,DOID:10223,A myositis that results_in inflammation located_in muscle or located_in skin where a skin rash is often seen prior to the onset of muscle weakness. The disease may result from either a viral infection or an autoimmune reaction.
dermatopathia pigmentosa reticularis,['KRT14'],MESH:C535374,DOID:0111342,"An ectodermal dysplasia characterized by reticulate hyperpigmentation, noncicatricial alopecia, and onychodystrophy that has_material_basis_in heterozygous mutation in the KRT14 gene on chromosome 17q21.2."
developmental and epileptic encephalopathy 39,['SLC25A12'],MESH:C567847,DOID:0080349,"A developmental and epileptic encephalopathy characterized by global developmental delay apparent in early infancy, early-onset seizures, hypotonia, poor motor function, and hypomyelination in the brain that has_material_basis_in mutation in the SLC25A12 gene on chromosome 2q31."
diabetes insipidus,['AVP'],MESH:D003919,DOID:9409,"A kidney disease that is characterized by polydipsia and polyuria with a dilute urine having a specific gravity less than 1.010, hypernatremia, and dehydration."
diabetes mellitus,"['IL6', 'INSR', 'NAT2', 'CYP11B2', 'CYP2C9', 'TLR4', 'ACP1', 'ITGA2', 'PTPN22', 'GSTM1', 'GIPR', 'SLC19A2', 'GCK', 'CDKAL1', 'SOD3', 'CYP1A1', 'UCP3', 'KCNJ11', 'CTSB', 'GSTT1', 'TCF7L2', 'HMGCR', 'WFS1', 'G6PD', 'CSF1R']",MESH:D003920,DOID:9351,"A glucose metabolism disease that is characterized by chronic hyperglycaemia with disturbances of carbohydrate, fat and protein metabolism resulting from defects in insulin secretion, insulin action, or both."
diabetic angiopathy,"['VEGFA', 'SERPINE1', 'PON1', 'PLAT', 'GCH1', 'SOD2', 'HLA-DRB1', 'CXCL12', 'IGFBP1', 'IL1RN', 'EPO']",MESH:D003925,DOID:11713,A peripheral vascular disease that is characterized by narrowing of the arteries as a complication arising from chronic diabetes.
diabetic ketoacidosis,['PAX4'],MESH:D016883,DOID:1837,"A metabolic acidosis that is characterized by the shift of acid-base status of the body toward the acid side accompanied by the accumulation of ketone bodies in body tissues and fluids, resulting from uncontrolled diabetes mellitus."
diaphyseal medullary stenosis with malignant fibrous histiocytoma,['MTAP'],MESH:C536169,DOID:0080664,An osteochondrodysplasia that is characterized by pathologic fractures due to abnormal cortical growth and diaphyseal medullary stenosis and that has_material_basis_in heterozygous mutation in the MTAP gene on chromosome 9p21.
diarrhea,"['SLC26A3', 'NFKBIA']",MESH:D004403,DOID:13250,"A gastrointestinal system disease described as the condition of having frequent loose or liquid bowel movements. Acute diarrhea is a common cause of death in developing countries and the second most common cause of infant deaths worldwide. The loss of fluids through diarrhea can cause severe dehydration which is one cause of death in diarrhea sufferers. Along with water, sufferers also lose dangerous amounts of important salts, electrolytes, and other nutrients. There are at least four types of diarrhea: secretory diarrhea, osmotic diarrhea, motility-related diarrhea, and inflammatory diarrhea."
diastrophic dysplasia,['SLC26A2'],MESH:C536170,DOID:14687,An osteochondrodysplasia that has_material_basis_in abnormal cartilage development due to mutations in the SLC26A2 gene which results_in short limb dwarfism.
dicarboxylic aminoaciduria,[],MESH:C536171,DOID:0060650,An amino acid metabolic disorder that is characterized by an excess urinary excretion of aspartate and glutamate acidic amino acids.
diffuse large B-cell lymphoma,"['GSTT1', 'CD22', 'GSTP1', 'BCL6', 'CARD11', 'GSTM1', 'MYD88', 'CD40', 'CD79B', 'MTHFR', 'FCGR2A']",MESH:D016403,DOID:0050745,A B-cell lymphoma that is a cancer of B cells presenting as an aggressive tumour which can arise in virtually any part of the body.
dihydropyrimidinase deficiency,['DPYS'],MESH:C562815,DOID:0111629,"A pyrimidine metabolic disorder characterized by a defect in the degredation of uracil and thymine resulting in elevated levels of 5,6-dihydrouracil and 5,6-dihydrothymine in urine that has_material_basis_in homozygous or compound heterozygous mutation in the DPYS gene on chromosome 8q22.3."
dihydropyrimidine dehydrogenase deficiency,['DPYD'],MESH:D054067,DOID:14218,"A purine-pyrimidine metabolic disorder that is an autosomal recessive metabolic disorder in which there is absent or significantly decreased activity of dihydropyrimidine dehydrogenase, an enzyme involved in the metabolism of uracil and thymine."
dilated cardiomyopathy,"['TAFAZZIN', 'PPP3R1', 'FLII', 'TNNI3', 'CAP2', 'CACNB4', 'DES', 'LDB3', 'PRKCB', 'IGF1', 'LEPR', 'LMNA', 'CTF1', 'TNNT2', 'SOD2', 'DMD', 'MMP1', 'ISL1', 'MYH7', 'ACTC1', 'FKRP', 'CSRP3', 'CS', 'NEBL', 'DSP', 'ABCC9', 'NFATC4', 'TTN', 'EMD', 'GATA5', 'EYA4', 'GPX1', 'SP4', 'DSG2', 'CDK8', 'MEF2A', 'ANKRD1', 'RBM20', 'VCL', 'GET3', 'RBPJ']",MESH:D002311,DOID:12930,An intrinsic cardiomyopathy that is characterized by an an enlarged heart and damage to the myocardium causing the heart to pump blood inefficiently.
dilated cardiomyopathy-hypergonadotropic hypogonadism syndrome,['LMNA'],MESH:C535580,DOID:0111584,A syndrome characterized by dilated cardiomyopathy and hypergonadotropic hypogonadism that has_material_basis_in heterozygous mutation in the LMNA gene on chromosome 1q22.
disease of mental health,"['CNTF', 'SNRNP70']",MESH:D001523,DOID:150,"A disease that involves a psychological or behavioral pattern generally associated with subjective distress or disability that occurs in an individual, and which are not a part of normal development or culture."
disease of metabolism,"['BAAT', 'ADRB2', 'EPHX1', 'NBN', 'TJP2', 'SREBF1']",MESH:D008659,DOID:0014667,A disease that involving errors in metabolic processes of building or degradation of molecules.
disorder of sexual development,"['HSD17B3', 'AMH']",MESH:D012734,DOID:1923,"A gonadal disease that is characterized by atypical development of chromosomal, gonadal, or anatomic sex."
distal arthrogryposis type 1A,['TPM2'],MESH:C535378,DOID:0111597,A distal arthrogryposis type 1 that has_material_basis_in heterozygous mutation in the TPM2 gene on chromosome 9p13.3.
distal arthrogryposis type 2B,['MYH3'],MESH:C538400,DOID:0111599,"A distal arthrogryposis characterized by contractures of the distal joints of the limbs, triangular face, downslanting palpebral fissures, small mouth, and high arched palate."
distal arthrogryposis type 3,['PIEZO2'],MESH:C537288,DOID:0111607,A distal arthrogryposis characterized by distal arthrogryposis with short stature and cleft palate that has_material_basis_in heterozygous mutation in the PIEZO2 gene on chromosome 18p11.22-p11.21.
distal arthrogryposis type 5,['PIEZO2'],MESH:C537737,DOID:0111608,A distal arthrogryposis characterized by distal arthrogryposis with ocular abnormalities that has_material_basis_in heterozygous gain of function mutation in the PIEZO2 gene on chromosome 18p11.22-p11.21.
distal arthrogryposis type 7,['MYH8'],MESH:C535857,DOID:0111603,A distal arthrogryposis characterized by inability to open the mouth fully and pseudocamptodactyly that has_material_basis_in heterozygous mutation in the MYH8 gene on chromosome 17p13.1.
distal myopathy,['LDB3'],MESH:D049310,DOID:11720,A muscular dystrophy that is characterized by predominant weakness and atrophy beginning in the feet and/or hands.
dopamine beta-hydroxylase deficiency,"['DBH', 'HSPA5']",MESH:C535600,DOID:0090145,"An inherited metabolic disorder characterized by decreased beta-hydroxylation of dopamine in nerves resulting in impaired autonomic noradrenergic neurotransmission and clinical features including severely decreased norepinephrine levels, orthostatic hypotension, ptosis, nasal stuffiness, and delayed eye opening that has_material_basis_in autosomal recessive inheritance of homozygous or compound heterozygous mutation in the dopamine beta-hydroxylase gene (DBH) on chromosome 9q34."
dry eye syndrome,"['IL6', 'MUC1', 'MUC5AC', 'IL1B']",MESH:D015352,DOID:10140,A lacrimal apparatus disease that is characterized by persistent irritation or burning of the coreneal surface.
dyschromatosis symmetrica hereditaria,['ADAR'],MESH:C535729,DOID:0060257,"A pigmentation disease characterized by progressively pigmented and depigmented macules, often mixed in a reticulate pattern, concentrated on the dorsal extremities."
dyschromatosis universalis hereditaria,"['ABCB6', 'SASH1']",MESH:C535730,DOID:0060304,A pigmentation disease characterized by reticulate hyper- and hypo-pigmentated macules in a generalized distribution.
dysgammaglobulinemia,"['CD40LG', 'UNG']",MESH:D004406,DOID:11702,A selective immunoglobulin deficiency disease that is caused by a reduction in some types of gamma globulins.
dysgerminoma,"['FGFR2', 'KIT']",MESH:D004407,DOID:4441,A germ cell cancer that derives_from cells that give rise to egg cells.
dyskeratosis congenita,"['TYMS', 'DCLRE1B', 'DKC1']",MESH:D019871,DOID:2729,"A skin disease characterized by cutaneous pigmentation, premature graying, dystrophy of the nails, leukoplakia of the oral mucosa, continuous lacrimation due to atresia of the lacrimal ducts, often thrombocytopenia, anemia, testicular atrophy in the male carriers and predisposition to cancer."
dyslexia,"['DCDC2', 'DRD4', 'FOXP2', 'DNAAF4']",MESH:D004410,DOID:4428,A reading disorder resulting from a developmental reading disability involving the inability to process graphic symbols resulting in impairment of reading ability.
dysostosis,"['EFNB1', 'DLL3']",MESH:D004413,DOID:1934,A bone development disease that results in defective ossification of bone.
dysplastic nevus syndrome,['CDKN2A'],MESH:D004416,DOID:10041,A syndrome that is characterized by the presence of multiple dysplastic nevi (atypical moles) and a history of melanoma in two family members.
dystonia,"['NUP54', 'VPS11', 'SHQ1', 'KMT2B', 'TIMM8A', 'GCH1', 'SPR', 'TSPOAP1', 'VPS16', 'MECR', 'EIF2AK2', 'AOPEP', 'KCNN2']",MESH:D004421,DOID:543,A movement disease that is characterized by involuntary muscle contractions causing repetitive or twisting movements.
dystonia 12,"['ATP1A3', 'PLA2G6']",MESH:C538001,DOID:0090056,"A dystonia that is characterized by asymmetric dystonia and parkinsonism with abrupt onset in young adulthood that has_material_basis_in autosomal dominant inheritance of heterozygous mutation in the gene encoding the alpha-3 subunit of the N,K-ATPase (ATP1A3) on chromosome 19q13."
dystonia 16,['PRKRA'],MESH:C567430,DOID:0090048,"A multifocal dystonia that is characterized by early-onset progressive limb dystonia, laryngeal and oromandibular dystonia, and parkinsonism, and that has_material_basis_in autosomal recessive inheritance of homozygous mutation in the protein activator of interferon induced protein kinase EIF2AK2 (PRKRA) gene on chromosome 2q31."
eating disorder,['HDAC4'],MESH:D001068,DOID:8670,A specific developmental disorder that is characterized by abnormal eating habits that may involve either insufficient or excessive food intake to the detriment of an individual's physical and emotional health.
echinococcosis,['ABO'],MESH:D004443,DOID:1496,"A parasitic helminthiasis infectious disease that involves parasitic infection of humans and domestic animals caused by the larval stages of tapeworms of the genus Echinococcus in the liver, lungs, spleen, brain, heart and kidneys."
ectodermal dysplasia,"['NECTIN1', 'GJB6', 'TP63', 'KRT17', 'PKP1', 'WNT10A', 'KRT16']",MESH:D004476,DOID:2121,"A syndrome characterized by abnormal development in 2 or more ectodermal structures (hair, nails, teeth, and sweat glands) without other systemic findings."
ectodermal dysplasia 1,['EDA'],MESH:D053358,DOID:0111664,A hypohidrotic ectodermal dysplasia that has_material_basis_in X-linked recessive mutation in EDA on chromosome Xq13.1.
ectopia lentis with ectopia of pupil,[],MESH:C563268,DOID:0111648,An eye disease characterized by displacement of the lenses and the pupils in association with other ocular anomalies that has_material_basis_in homozygous or compound heterozygous mutation mutation in the ADAMTSL4 gene on chromosome 1q21.2.
"ectrodactyly, ectodermal dysplasia, and cleft lip-palate syndrome 3",['TP63'],MESH:C536189,DOID:0060783,"An EEC syndrome characterized by autosomal dominant inheritance of absence of the central parts of the hands and feet, resulting in split-hand/foot malformation, ectodermal dysplasia, and cleft lip with or without cleft palate that has_material_basis_in heterozygous mutation in the TP63 gene on chromosome 3q28."
eczema herpeticum,['IFNG'],MESH:D007617,DOID:9123,"A herpes simplex that results_in infection located_in skin, effected by preexisting dermatosis, has_material_basis_in Human herpesvirus 1 or Human herpesvirus 2. The infection has_symptom watery blisters, has_symptom fever, and has_symptom swelling of the lymph nodes."
egg allergy,['IL13'],MESH:D021181,DOID:4377,"A food allergy that is an allergy or hypersensitivity to dietary substances from the yolk or whites of eggs, causing an overreaction of the immune system which may lead to severe physical symptoms."
embryonal carcinoma,['POU5F1'],MESH:D018236,DOID:3308,An embryonal cancer that is a type of germ cell tumour that is located_in the ovaries or located_in the testes.
endometrial cancer,"['MSH3', 'CYP19A1', 'SOCS2', 'POLE', 'AR', 'CDH1', 'RAD21', 'UGT1A1', 'EGF', 'APC', 'MLH3', 'RNF43', 'CDC25C', 'CYP1A2', 'MRE11', 'MSH6', 'MCPH1', 'ADRB3', 'PIK3CD', 'EFEMP2', 'BAD', 'APEX1', 'PIK3R1', 'CYP1A1', 'PGM1', 'SHBG', 'JAK1', 'COMT', 'BST2', 'LTA', 'BRCA2']",MESH:D016889,DOID:1380,A uterine cancer that is located_in tissues lining the uterus.
endometrial carcinoma,"['MSH3', 'SMAD4', 'SPARC', 'CDH13', 'RASSF1', 'POLE', 'APC', 'RUNX3', 'PIK3R1']",MESH:D016889,DOID:2871,A endometrial cancer that is located_in the tissue lining the uterus.
endometrial hyperplasia,[],MESH:D004714,DOID:0080365,An uterine benign neoplasm that is characterized by excessive proliferation of the cells of the endometrium.
endometriosis,"['SERPINF1', 'HLA-DRB1', 'PTPN22', 'TNFRSF1B', 'ESR1', 'PGR']",MESH:D004715,DOID:289,A female reproductive system disease characterized by the growth of endometrial tissue outside the uterine body.
enhanced S-cone syndrome,['NR2E3'],MESH:C564835,DOID:0090059,"A retinal disease that is characterized by early onset night blindness, hypersensitivity to blue light, and in some cases a more general retinal degeneration that has_material_basis_in autosomal recessive inheritance of homozygous or compound heterozygous mutation in the nuclear receptor subfamily 2 group E member 3 gene (NR2E3) on chromosome 15q23."
enterocele,['ALDH18A1'],MESH:D006547,DOID:1283,A prolapse of female genital organ that is characterized by the descent of a peritoneal sac containing small bowel into the rectovagnial space causing a bulge in the posterior vaginal wall.
enterokinase deficiency,['TMPRSS15'],MESH:C562649,DOID:0111667,"An intestinal disease characterized by early-onset failure to thrive, edema, hypoproteinemia, diarrhea and fat malabsorption that has_material_basis_in homozygous or compound heterozygous mutation in the TMPRSS15 gene on chromosome 21q21.1."
eosinophilic esophagitis,"['CYP2C19', 'TGFB1', 'ANKRD27', 'CCL26']",MESH:D057765,DOID:13922,An esophagitis characterized by inflammation involving eosinophils located_in esophagus.
epidermal nevus,"['FGFR3', 'NRAS', 'PIK3CA']",MESH:C580062,DOID:0111162,A skin disease characterized by localized epidermal thickening with hyperpigmentation that develops at or shortly after birth.
epidermodysplasia verruciformis,"['TMC6', 'TMC8', 'RHOH', 'CIB1', 'IL7']",MESH:D004819,DOID:13777,"A primary immunodeficiency disease that results_in skin squamous cell carcinoma located_in skin, associated with a high risk of carcinoma. It is characterized by abnormal susceptibility to human papillomaviruses of the skin and has_symptom lesions on the body."
epidermolysis bullosa dystrophica,"['COL7A1', 'MMP1']",MESH:D016108,DOID:4959,"An epidermolysis bullosa that is characterized by formation of recurrent blisters secondary to minor trauma in the skin and mucosa, especially in the hands, feet, knees, and elbows, and has_material_basis_in mutation in COL7A1 gene, which encodes a protein that assists assembly of type VII collagen."
epidermolysis bullosa simplex,"['PLEC', 'KRT14', 'KLHL24', 'CD151', 'KRT5', 'EXPH5', 'DST']",MESH:D016110,DOID:4644,"An epidermolysis bullosa that is characterized by recurrent blistering at the level of the epidermis secondary to minor trauma, which can cause limited wounds, dehydration, electrolyte abnormalities, severe infection, among other issues, and has_material_basis_in mutation in the KRT5, KRT14, or PLEC genes, which encode keratin and plectin proteins that provide resilience in skin."
epidermolysis bullosa simplex with mottled pigmentation,['KRT5'],MESH:C535959,DOID:0111346,An epidermolysis bullosa simplex characterized by generalized blistering with mottled hyper- and hypopigmentation of the skin that has_material_basis_in heterozygous mutation in KRT5 on chromosome 12q13.13.
epidermolysis bullosa with congenital localized absence of skin and deformity of nails,['COL7A1'],MESH:C562638,DOID:0111347,"An autosomal dominant dystrophic epidermolysis bullosa characterized by severe blistering of skin and mucous membranes, congenital absence of skin on the lower extremities and congenital absence or deformity of nails that has_material_basis_in heterozygous mutation in the COL7A1 gene on chromosome 3p21.31."
epidermolytic hyperkeratosis,"['KRT10', 'KRT1']",MESH:D017488,DOID:4603,"An ichthyosis that is characterized by generalized erythema, skin blisters and skin fragility, manifested at birth."
epilepsy,"['ATP1A3', 'ABCB1', 'CP', 'TBX1', 'BCHE', 'GDNF', 'ACHE', 'KCNB1']",MESH:D004827,DOID:1826,"A brain disease that is characterized by the occurrance of at least two unprovoked seizures resulting from a persistent epileptogenic abnormality of the brain that is able to spontaneously generate paroxysmal activity and typically manifested by sudden brief episodes of altered or diminished consciousness, involuntary movements, or convulsions."
episodic ataxia,"['SCN2A', 'CACNB4']",MESH:C580065,DOID:963,A hereditary ataxia characterized by sporadic bouts of ataxia with or without continuous muscle movement.
episodic ataxia type 2,['CACNA1A'],MESH:C535506,DOID:0050990,"An episodic ataxia that is characterized by periodic ataxia and nystagmus, and has_material_basis_in autosomal dominant inheritance of mutation in the calcium channel gene CACNA1A."
epithelial basement membrane dystrophy,['TGFBI'],MESH:C535477,DOID:0060447,An epithelial and subepithelial dystrophy that is characterized by sheet-like areas of basement membrane originating from the basal epithelial cells of the corneal epithelium and extending superficially into the epithelium.
epithelial recurrent erosion dystrophy,['COL17A1'],MESH:C565155,DOID:0070337,"An epithelial and subepithelial dystrophy that is characterized by frequent painful recurrent corneal erosions, small gray anterior stromal flecks associated with larger focal gray-white disc-shaped, circular, or wreath-like lesions with central clarity."
erythema multiforme,[],MESH:D004892,DOID:0050185,"A skin disease that is a type of allergic reaction located_in skin, which occurs in response to medications, infections, or illness."
erythema nodosum,"['LTA', 'HLA-B', 'GSTM1', 'VDR']",MESH:D004893,DOID:0080750,"A panniculitis that is characterized by sudden onset of painful, erythematous, subcutaneous nodules mainly localized to the pretibial areas. Lesions are usually bilateral and symmetrical, ranging from 1 to 5 cm in diameter."
erythrokeratodermia variabilis,"['GJB3', 'PERP', 'GJB4', 'GJA1']",MESH:D056266,DOID:0050467,"A skin disease that is characterized by areas of sharply demarcated, brown hyperkeratosis and has_material_basis_in mutations in genes encoding for connexin channels proteins in the epidermis."
erythromelalgia,['SCN9A'],MESH:D004916,DOID:9240,"A neuropathy that is characterized by intense, burning pain of affected extremities, severe redness and increased skin temperature."
erythropoietic protoporphyria,"['FECH', 'CLPX', 'ALAS2']",MESH:D046351,DOID:13270,"An acute porphyria characterized by a deficiency in the enzyme ferrochelatase, leading to abnormally high levels of protoporphyrin in the tissue."
esophageal cancer,"['GPX3', 'IL1R2', 'TGFBR2', 'GSTT1', 'WWOX', 'XRCC1', 'DCC', 'TNFAIP3', 'GSTM1', 'LZTS1', 'RNF6', 'CYP1A1']",MESH:D004938,DOID:5041,A gastrointestinal system cancer that is located_in the esophagus.
esophagus adenocarcinoma,"['MMP3', 'CYP19A1', 'BIRC3', 'VDR', 'MMP12', 'SLC22A18', 'GRB7', 'MMP1', 'ABL1', 'GSTM1', 'TNFRSF10A', 'GPX3', 'NOS3', 'MMP14', 'BCL2', 'ERCC1', 'GHRL', 'GSTT1', 'FOXP1', 'KDR', 'CASP8']",MESH:C562730,DOID:4914,An esophageal carcinoma that derives_from epithelial cells of glandular origin.
esophagus squamous cell carcinoma,"['TET2', 'RICTOR', 'FAT1', 'KMT2C', 'EPB41L3', 'MBD4', 'AZIN1', 'MGMT', 'CDKN2B', 'MSH2', 'TP53', 'KDM6A', 'KMT2D', 'WWOX', 'XRCC1', 'ERBB4', 'KDM4C', 'CYP24A1', 'COL14A1', 'CALR', 'GSTP1', 'MAP3K1', 'CLPTM1L', 'GSTM1', 'GPX3', 'CHRNA7', 'DCC', 'CHRNA5', 'MLH1', 'CYP1A1', 'SPEN', 'BRCA1', 'GSTT1', 'FANCA', 'HTRA1', 'FES', 'FOXA1', 'RUNX1', 'TERT', 'FGFR4', 'IDH2', 'BRCA2']",MESH:D000077277,DOID:3748,An esophageal carcinoma that derives_from epithelial squamous cells located_in the esophagus.
essential fructosuria,['KHK'],MESH:C538068,DOID:0111680,A carbohydrate metabolic disorder characterized by elevated fructose levels in the blood and urine following ingestion of fructose and related sugars that has_material_basis_in homozygous or compound heterozygous mutation in KHK on chromosome 2p23.3.
essential hypertension,"['ADD1', 'REN', 'ATP2A2', 'GRK4', 'ATP1B1', 'GNB3', 'RGS5', 'SLC12A3', 'CAT', 'NOS3', 'PHACTR1', 'PTGIS', 'CYP3A5', 'HSD11B1', 'FTO', 'AGTR1']",MESH:D000075222,DOID:10825,A hypertension with no known cause. It is the most common type of hypertension.
essential thrombocythemia,"['SH2B3', 'MPL', 'CALR', 'JAK2', 'THPO']",MESH:D013920,DOID:2224,"A myeloproliferative neoplasm that is characterized by sustained thrombocytosis in the blood, increased numbers of large, mature megakaryocytes in the bone marrow, and episodes of thrombosis and/or hemorrhage and that results_in the overproduction of platelets."
essential tremor,"['HNMT', 'DRD3']",MESH:D020329,DOID:4990,"A movement disorder that causes involuntary tremors, especially in the hands. It occurs alone without other neurological signs and symptoms."
ethylmalonic encephalopathy,['ETHE1'],MESH:C535737,DOID:0060640,"A mitochondrial metabolism disease that is characterized by neurodevelopmental delay and regression, prominent pyramidal and extrapyramidal signs, recurrent petechiae, orthostatic acrocyanosis, and chronic diarrhea; it has_material_basis_in homozygous or compound heterozygous mutation in the ETHE1 gene, which encodes a mitochondrial matrix protein, on chromosome 19q13."
eumycotic mycetoma,"['CXCL8', 'COMT']",MESH:D008271,DOID:13078,"A dermatomycosis that effects skin and subcutaneous tissue located in foot, located in trunk, located in buttocks, located in eyelids, located in lacrimal glands, located in paranasal sinuses, located in mandible, located in scalp, located in neck, located in perineum, or located in testes and has symptom sinus discharge and results in formation of nodules."
exfoliation syndrome,"['ACVR1', 'GSTT1', 'TLR4', 'GSTM1', 'CLU']",MESH:D017889,DOID:13641,"A phacogenic glaucoma that is characterized by open-angle glaucoma related to deposition of extracellular fibrillar material in anterior segment structures, which blocks aqueous fluid outflow, raises intraocular pressure, and leads to eventual optic nerve atrophy and visual field loss. Exfoliation syndrome has_symptom progressive decreased vision, especially peripheral vision. Exfoliation syndrome is caused by age-related deposition of fibrillar material in anterior segment structures."
exocrine pancreatic insufficiency,[],MESH:D010188,DOID:13316,A pancreas disease that is characterized by the inability of the exocrine pancreas to produce and secrete an adequate amount of digestive enzymes into the small intestine.
extrahepatic cholestasis,['NR1H4'],MESH:D001651,DOID:13619,A cholestasis resulting from causes located_in bile ducts outside the liver.
extraskeletal myxoid chondrosarcoma,"['NR4A3', 'TAF15']",MESH:C563195,DOID:4549,A chondrosarcoma that is located_in exclusively soft tissue and that is characterized by the presence of chondroblast-like cells in a myxoid stroma and a multinodular growth pattern.
extrinsic allergic alveolitis,['TAP1'],MESH:D000542,DOID:841,"An interstitial lung disease involving inflammation of alveoli and smallest airways (bronchioles) of the lung caused by an allergic reaction to inhaled organic dusts containing microorganisms or proteins, and chemicals. Symptoms include chills, cough, fever, malaise, shortness of breath, loss of appetite and weight loss."
exudative vitreoretinopathy 1,['FZD4'],MESH:C536382,DOID:0111412,An exudative vitreoretinopathy that has_material_basis_in heterozygous mutation in the FZD4 gene on chromosome 11q14.2.
exudative vitreoretinopathy 4,['LRP5'],MESH:C566619,DOID:0111411,"An exudative vitreoretinopathy that has_material_basis_in homozygous, compound heterozygous, or heterozygous mutation in the LRP5 gene on chromosome 11q13.2."
exudative vitreoretinopathy 5,[],MESH:C567648,DOID:0111408,An exudative vitreoretinopathy that has_material_basis_in heterozygous mutation in the TSPAN12 gene on chromosome 7q31.31.
eye disease,"['F2', 'IL1B', 'IL18', 'COL2A1', 'MTHFR']",MESH:D005128,DOID:5614,An eye and adnexa disease that is located_in the eye.
eyelid disease,[],MESH:D005141,DOID:530,An adnexa disease that is located_in the eyelid.
factor VII deficiency,['F7'],MESH:D005168,DOID:2215,"A blood coagulation disease that is characterized by easy bleeding, has_symptom epistaxis, bleeding of the gums, menorrhagia, and occasionally hemarthrosis, and has_material_basis_in autosomal recessive inheritance of mutation in the F7 gene, which encodes coagulation factor VII, an important factor in the clotting cascade."
factor VIII deficiency,"['TGFB1', 'F2', 'HLA-DQA1', 'PLAT', 'TFPI', 'IL10', 'HMOX1', 'F8', 'MTHFR', 'IFNG', 'FCGR2A']",MESH:D006467,DOID:12134,"A blood coagulation disease that has_material_basis_in Factor VIII deficiency, which results in the formation of fibrin deficient clots which makes coagulation much more prolonged."
factor X deficiency,['F10'],MESH:D005171,DOID:2222,A blood coagulation disease that is characterized by the partial or complete absence of factor X activity in the blood.
factor XI deficiency,['F11'],MESH:D005173,DOID:2229,"A blood coagulation disease that is characterized by deficiency of factor XI clotting factor and mild prolonged bleeding, especially of mucosal sites following trauma, and has_material_basis_in homozygous, compound heterozygous, or heterozygous mutation of the coagulation factor XI gene of chromosome 4q35.2."
factor XII deficiency,['F12'],MESH:D005175,DOID:2231,"A blood coagulation disease that is characterized by prolonged PTT time without clinical symptoms, and has_material_basis_in a mutation in the F12 gene on chromosome 5q33."
factor XIII deficiency,"['F13A1', 'LMAN1']",MESH:D005177,DOID:2211,"A blood coagulation disease that is characterized by easy bleeding, has_symptom prolonged umbilical cord bleeding, epistaxis, bleeding of the gums, menorrhagia, recurrent miscarriages, abnormal scar formation and wound healing, and hemarthrosis, and has_material_basis_in autosomal recessive inheritance of mutation of the F13A1 or F13B gene, which encodes Factor XIII, formally known as fibrin stabilizing factor."
fallopian tube disease,['CCR5'],MESH:D005184,DOID:1962,A female reproductive system disease that is located_in the fallopian tube.
familial adenomatous polyposis,['MUTYH'],MESH:D011125,DOID:0050424,An intestinal disease that has_material_basis_in mutations in the APC gene and involves formation of numerous polyps in the epithelium of the large intestine which are initially benign and later transform into colon cancer.
familial apolipoprotein C-II deficiency,['APOC2'],MESH:D008072,DOID:0111418,A familial chylomicronemia syndrome characterized by onset in adolescence or adulthood of hypertriglyceridemia and fasting chylomicronemia that has_material_basis_in homozygous or compound heterozygous mutation in the APOC2 gene on chromosome 19q13.32.
familial benign fleck retina,['PLA2G5'],MESH:C565564,DOID:0111677,"A retinal disease characterized by a striking pattern of diffuse, yellow-white, fleck-like lesions extending to the far periphery of the retina but with no apparent visual or electrophysiologic deficits that has_material_basis_in homozygous or compound heterozygous mutation in the PLA2G5 gene on chromosome 1p36.13."
familial cold autoinflammatory syndrome 2,['NLRP12'],MESH:C567090,DOID:0090063,A familial cold autoinflammatory syndrome characterized by autosomal dominant inheritance that has_material_basis_in heterozygous mutation in the NLRP12 gene on chromosome 19q13.
familial encephalopathy with neuroserpin inclusion bodies,"['SERPINI1', 'SERPINB7']",MESH:C536841,DOID:0050831,"A neurodegenerative disease that is characterized by intraneuronal inclusions of mutant neuroserpin resulting in progressive encephalopathy, dementia and seizures and has_material_basis_in a mutation in the SERPINI1 gene inherited in an in autosomal dominant pattern."
familial expansile osteolysis,['TNFRSF11A'],MESH:C536335,DOID:0111542,"A bone remodeling disease characterized by increased bone remodeling with osteolytic lesions mainly affecting the appendicular skeleton, bone pain, pathological fractures, childhood onset of conductive hearing loss, and premature tooth loss that has_material_basis_in heterozygous mutation in the TNFRSF11A gene on chromosome 18q21.33."
familial hypercholesterolemia,"['GHR', 'ADRB2', 'APOA1', 'PON2', 'EPHX2', 'APOB', 'PCSK9', 'LDLR', 'PPP1R17', 'MTTP']",MESH:D006938,DOID:13810,A familial hyperlipidemia characterized by very high levels of low-density lipoprotein (LDL) and early cardiovascular disease.
familial hyperinsulinemic hypoglycemia 7,['SLC16A1'],MESH:C538376,DOID:0070214,A hyperinsulinemic hypoglycemia characterized by autosomal dominant inheritance of postexercise hypoglycemia with marked hyperinsulinism that has_material_basis_in mutation in the SLC16A1 gene on chromosome 1p13.2.
familial hypertrophic cardiomyopathy,"['KLHL24', 'TNNT2', 'MYL2', 'CALM3', 'MYL9', 'MYBPC3', 'FHOD3', 'TPM1', 'ALPK3']",MESH:D024741,DOID:0080326,A hypertrophic cardiomyopathy that is characterized by thickening of the heart muscle and has_material_basis_in autosomal dominant inheritance of one or more gene mutations.
familial hypertryptophanemia,['TDO2'],MESH:C563467,DOID:0111703,An amino acid metabolic disorder characterized by elevated urine and plasma tryptophan levels that has_material_basis_in homozygous or compound heterozygous mutation in the TDO2 gene on chromosome 4q32.1.
familial isolated deficiency of vitamin E,['TTPA'],MESH:C535393,DOID:0090028,"A vitamin metabolic disorder characterized by progressive spino-cerebellar ataxia, loss of proprioception, areflexia, and marked deficiency in vitamin E that has_material_basis_in homozygous or compound heterozygous mutation in the TTPA gene on chromosome 8q12."
familial lipoprotein lipase deficiency,['LPL'],MESH:D008072,DOID:14118,A familial hyperlipemia characterized by a deficiency of the enzyme lipoprotein lipase and the subsequent build up of chylomicrons and increased plasma concentration of triglycerides.
familial male-limited precocious puberty,['LHCGR'],MESH:C536961,DOID:0111545,"An endocrine system disease characterized by onset in early childhood of accelerated growth, early development of secondary sexual characteristics, and reduced adult height in males only that has_material_basis_in heterozygous mutation in the LHCGR gene on chromosome 2p16.3."
familial mediterranean fever,"['CYP3A4', 'SERPINE1', 'ABCB1', 'NOD2', 'POMC', 'TLR4', 'MEFV', 'ACE', 'MTHFR']",MESH:D010505,DOID:2987,"An autoimmune disease characterized by recurrent episodes of fever and acute inflammation of the membranes lining the abdomen, joints and lungs; that has_material_basis_in mutations in the MEFV gene, which encodes the protein pyrin."
familial medullary thyroid carcinoma,['RET'],MESH:C536911,DOID:0050547,A thyroid gland medullary carcinoma that has_material_basis_in autosomal dominant inheritance.
familial multiple nevi flammei,['GNAQ'],MESH:C535816,DOID:0111529,"A capillary disease characterized by dark red to purple, nonelevated, sharply circumscribed patches which blanch on pressure with a glass, do not spontaneously regress, and have normal rates endothelial cell turnover."
familial nephrotic syndrome,"['LAMA5', 'DAAM2']",MESH:C535761,DOID:2590,A nephrotic syndrome that has_material_basis_in genetic mutations.
familial partial lipodystrophy,"['CAV1', 'LMNA']",MESH:D052496,DOID:0050440,A partial lipodystrophy characterized by abnormal subcutaneous adipose tissue distribution beginning in late childhood or early adult life.
familial partial lipodystrophy type 2,['LMNA'],MESH:D052496,DOID:0070202,A familial partial lipodystrophy characterized by autosomal dominant inheritance of loss of subcutaneous fat from the limbs and trunk that has_material_basis_in mutation in the LMNA gene on chromosome 1q21.
familial partial lipodystrophy type 3,['PPARG'],MESH:D052496,DOID:0070204,A familial partial lipodystrophy characterized by autosomal dominant inheritance that has_material_basis_in mutation in the PPARG gene on chromosome 3p25.
familial periodic paralysis,['KCNJ2'],MESH:D010245,DOID:1029,"A metal metabolism disorder that is characterized by episodes of muscle paralysis in which the affected muscles become flaccid and the deep tendon reflexes disappear. Between the episodes the affected muscles usually work normally, and that are caused by mutations in genes involved in the sodium and calcium channels in nerve cells."
farmer's lung,[],MESH:D005203,DOID:14453,"An extrinsic allergic alveolitis which is induced by the inhalation of spores (Aspergillus sp and thermophilic actinomycetes) in dust from moldy hay or straw. It is characterized by sudden onset, fever, cough, expectoration, and breathlessness."
fatal familial insomnia,[],MESH:D034062,DOID:0050433,"A prion disease that is characterized by insomnia, hallucinations, dementia and death, located_in the brain."
favism,['G6PD'],MESH:D005236,DOID:13628,A glucosephosphate dehydrogenase deficiency characterized by a hemolytic reaction to consumption of broad beans.
fibrodysplasia ossificans progressiva,['ACVR1'],MESH:D009221,DOID:13374,"A connective tissue disease that is characterized by progressive ossification of skeletal muscle, fascia, tendons, and ligaments and has_material_basis_in heterozygous mutation in the ACVR1 gene."
fibrolamellar carcinoma,['CTNNB1'],MESH:C537258,DOID:5015,"A hepatocellular carcinoma characterized microscopically by laminated fibrous layers interspersed between the tumour cells. The polygonal, deeply eosinophilic tumor cells arise in non-cirrhotic livers."
fibroma,['ANTXR2'],MESH:D005350,DOID:0050871,A connective tissue benign neoplasm composed of fibrous or connective tissues that derives_from mesenchymal tissue.
fibromyalgia,['COMT'],MESH:D005356,DOID:631,"A syndrome that is is characterized by chronic widespread musculoskeletal pain, fatigue, sleep disturbances, cognitive dysfunction and depression."
fibrosarcoma,"['TNFRSF1A', 'CDC42']",MESH:D005354,DOID:3355,A connective tissue cancer that has_material_basis_in fibrous connective tissue and characterized by the presence of immature proliferating fibroblasts or undifferentiated anaplastic spindle cells in a storiform pattern.
fibular hypoplasia and complex brachydactyly,['GDF5'],MESH:C537931,DOID:0050790,An acromesomelic dysplasia that is characterized by severe reduction or absence of the fibula and complex brachydactyly.
focal dermal hypoplasia,['PORCN'],MESH:D005489,DOID:2120,"A syndrome characterized at birth by streaks of very thin skin (dermal hypoplasia), cutis aplasia, and telangiectases, and has_material_basis_in heterozygous mutation in the PORCN gene on chromosome Xp11.23."
focal epilepsy,"['NPRL3', 'SCN3A', 'DEPDC5', 'NPRL2']",MESH:D004828,DOID:2234,"An epilepsy syndrome that is characterized by seizures that are preceded by an isolated disturbance of a cerebral function and arise from an epileptic focus, a small portion of the brain that serves as the irritant driving the epileptic response."
focal segmental glomerulosclerosis 2,['TRPC6'],MESH:C565831,DOID:0111129,A focal segmental glomerulosclerosis that has_material_basis_in a mutation of the TRPC6 gene on chromosome 11q22.1.
focal segmental glomerulosclerosis 5,['INF2'],MESH:C567687,DOID:0111130,A focal segmental glomerulosclerosis that has_material_basis_in an autosomal dominant mutation of the INF2 gene on chromosome 14q32.33.
follicular lymphoma,"['BCL2', 'CD40', 'CD40LG', 'CD79B']",MESH:D008224,DOID:0050873,A B-cell lymphoma that is characterized as an indolent non-Hodgkin's lymphoma and has_material_basis_in follicle center B-cells (centrocytes and centroblasts).
fragile X syndrome,['FMR1'],MESH:D005600,DOID:14261,"A syndrome that is characterized by moderate to severe mental retardation, macroorchidism, and distinct facial features, including long face, large ears, and prominent jaw, and has_material_basis_in X-linked inheritance and a loss of FMR1 function."
frontometaphyseal dysplasia,['MAP3K7'],MESH:C538064,DOID:0111785,"An otopalatodigital syndrome spectrum disorder characterized by abnormal ossification and skeletal patterning of the axial and appendicular skeleton, facial dysmorphism, urogenital anomalies, and hearing loss."
frontotemporal dementia,"['PSEN1', 'CHMP2B', 'MOBP', 'GRN']",MESH:C563003,DOID:9255,A dementia characterized by progressive neuronal loss predominantly involving the frontal and/or temporal lobes of the brain resulting in a gradual and progressive decline in behavior or language.
"fructose-1,6-bisphosphatase deficiency",['FBP1'],MESH:D015319,DOID:5204,"A carbohydrate metabolic disorder that has_material_basis_in a deficiency of fructose-1,6-bisphosphatase resulting in hypoglycemia and metabolic acidosis on fasting due to insufficient fructose bisphosphatase for gluconeogenesis."
fumarase deficiency,['FH'],MESH:C538191,DOID:0111261,"An amino acid metabolic disorder characterized by metabolic acidosis, elevated levels of fumaric acid in the urine, early-onset hypotonia, profound psychomotor retardation, and brain abnormalities that has_material_basis_in homozygous or compound heterozygous mutation in FH on 1q43."
fundus albipunctatus,"['RHO', 'PRPH2', 'RDH5', 'RLBP1']",MESH:C562733,DOID:11105,A fundus dystrophy that is characterized by discrete uniform white dots over the entire fundus with greatest density in the midperiphery and no macular involvement.
fungal infectious disease,['MBL2'],MESH:D009181,DOID:1564,"A disease by infectious agent that results_in infection, has_material_basis_in Fungi, which pass the resistance barriers of the human or animal body."
galactokinase deficiency,['GALK1'],MESH:D005693,DOID:14695,A galactosemia that involves an accumulation of galactose and galactitol secondary to the decreased conversion of galactose to galactose-1-phosphate by galactokinase.
galactose epimerase deficiency,['GALE'],MESH:D005693,DOID:0111458,A galactosemia that has_material_basis_in homozygous or compund heterozygous mutation in the GALE gene on chromosome 1p36.11.
galactosemia,['GALM'],MESH:D005693,DOID:9870,A carbohydrate metabolic disorder that involves a defect in galactose metabolism resulting in toxic levels of galactose 1-phosphate in various tissues.
gallbladder cancer,"['GLI1', 'CCR5', 'RICTOR', 'XRCC1', 'LRP1B', 'CYP17A1', 'AXIN2', 'KEAP1', 'EGF', 'APC', 'CYP1A1', 'APOB']",MESH:D005706,DOID:3121,A biliary tract cancer that is located_in the gallbladder.
gamma-glutamyl transpeptidase deficiency,['GGT1'],MESH:C536836,DOID:0111257,An amino acid metabolic disorder characterized by accumulation of glutathione in the plasma and urine that has_material_basis_in homozygous or compound heterozygous mutation in GGT1 on 22q11.23.
gastrinoma,"['MGMT', 'MEN1']",MESH:D015408,DOID:5577,A neuroendocrine tumor that results_in an overproduction of gastric acid.
gastritis,"['CXCL8', 'ARPC1B', 'NOD2', 'GSTM1']",MESH:D005756,DOID:4029,A stomach disease that is an inflammation of the lining of the stomach.
gastroenteritis,['TGFA'],MESH:D005759,DOID:2326,"A gastrointestinal system infectious disease that involves inflammation of the lining of the stomach and small and large intestines, which is caused by viruses, bacteria, or parasites. Chemicals and drugs also cause gastroenteritis. The symptoms include diarrhea, loss of appetite, nausea, vomiting, cramps, and discomfort in the abdomen."
gastrointestinal system cancer,"['SMAD4', 'CES1']",MESH:D004067,DOID:3119,An organ system cancer located_in gastrointestinal tract that is manifested in organs of the gastrointestinal system.
gastrointestinal system disease,"['VCAM1', 'MECP2', 'TF']",MESH:D004066,DOID:77,A disease of anatomical entity that is located_in the gastrointestinal tract.
gelatinous drop-like corneal dystrophy,['TACSTD2'],MESH:C535480,DOID:0060449,"An epithelial and subepithelial dystrophy that is characterized by severe corneal amyloidosis leading to blindness and that has_material_basis_in homozygous or compound heterozygous mutation in the TACSTD2 gene which encodes the monoclonal antibody-defined, tumor-associated antigen GA733-1, on chromosome 1p32."
generalized epilepsy with febrile seizures plus,['SCN1A'],MESH:C565808,DOID:0060170,An idiopathic generalized epilepsy that is characterized by febrile seizures often with accessory afebrile generalized tonic-clonic seizures with childhood onset.
genetic disease,['COG7'],MESH:D030342,DOID:630,A disease that has_material_basis_in genetic variations in the human genome.
genital herpes,['STAT4'],MESH:D006558,DOID:8704,"A herpes simplex that results_in infection located_in genital system, or located_in rectum, has_material_basis_in Human herpesvirus 1 or has_material_basis_in Human herpesvirus 2, which is transmitted_by sexual contact. The infection has_symptom sores, has_symptom fever, and has_symptom swollen glands."
germinoma,['CDKN2A'],MESH:D018237,DOID:3304,A germ cell cancer that lacks histologic differentiation. It usually refers to a tumor in the brain.
geroderma osteodysplasticum,[],MESH:C537799,DOID:0111266,"A syndrome characterized by lax and wrinkled skin, progeroid features, hip dislocation, joint laxity, severe short stature/dwarfism, severe osteoporosis, vertebral abnormalities and spontaneous fractures, and developmental delay and mild intellectual deficit that has_material_basis_in homozygous or compound heterozygous mutation in GORAB on 1q24.2."
gestational diabetes,"['IL6', 'INSR', 'GCK', 'CDKAL1', 'TCF7L2', 'GAD2', 'HNF1A']",MESH:D016640,DOID:11714,A diabetes mellitus that manifests during pregnancy.
giant axonal neuropathy 1,['GAN'],MESH:D056768,DOID:0090068,"An axonal neuopathy that is characterized by progressive motor and sensitive peripheral, central nervous system neuropathy, with axonal loss and giant axonal swellings filled with neurofilaments, and has_material_basis_in autosomal recessive inheritance of homozygous or compound heterozygous mutation in the gigaxonin (GAN) gene on chromosome 16q23."
gingival fibromatosis,[],MESH:C562884,DOID:0060466,"A gingival overgrowth characterized by benign, slowly progressive, nonhemorrhagic, fibrous enlargement of the oral masticatory mucosa."
glaucoma,"['CNTF', 'FOXC1', 'AGO2', 'BDNF', 'HLA-DRB1', 'OPTN', 'EPO', 'EEF2']",MESH:D005901,DOID:1686,An eye disease that is characterized by an unstable or a sustained increase in the intraocular pressure which the eye cannot withstand without damage to its structure or impairment of its function.
glioblastoma,"['MMP9', 'DMBT1', 'EGF', 'PIK3CB', 'LZTR1', 'FLT3LG', 'MGMT', 'CDK4', 'NRAS', 'FXN', 'XRCC1', 'IDH1', 'PTPRB', 'MAP1LC3A', 'RPL5', 'AKT3', 'MDM2', 'PGF', 'ADGRB1', 'PDGFRB', 'EZH2', 'RB1', 'PDGFB', 'NFKBIA', 'KDR', 'CDKN2A', 'ARRB2']",MESH:D005909,DOID:3068,"A malignant astrocytoma characterized by the presence of small areas of necrotizing tissue that is surrounded by anaplastic cells as well as the presence of hyperplastic blood vessels, and that has_material_basis_in abnormally proliferating cells derives_from multiple cell types including astrocytes and oligondroctyes."
glomangioma,['GLMN'],MESH:D005918,DOID:2436,"A benign perivascular tumor that is a morphologic variant of the glomus tumor characterized by the presence of dilated veins, surrounded by small clusters of glomus cells. Glomangiomas are most often present in patients with multiple lesions."
glomerulonephritis,"['VEGFA', 'SERPINE1', 'F2', 'TPO', 'FCGR3A', 'FCGR2B', 'IL1RN', 'C1QA', 'CNDP1', 'SCGB1A1', 'MTHFR']",MESH:D005921,DOID:2921,A nephritis that causes inflammation of the glomeruli located_in kidney.
glomus tumor,['GLMN'],MESH:D005918,DOID:2431,A hemangiopericytic tumor that is a mesenchymal neoplasm composed of cells that closely resemble the modified smooth muscle cells of the normal glomus body.
glucocorticoid-remediable aldosteronism,['CYP11B1'],MESH:C563177,DOID:14080,"A primary hyperaldosteronism characterized by variably expressed and severe hypertension, hyperaldosteronism and abnormal adrenal steroid production which improve with exogenous glucocorticoid administration that has_material_basis_in a chimeric gene formed of the CYP11B2 and CYP11B1 genes on chromosome 8q24.3."
glucosephosphate dehydrogenase deficiency,"['IL6', 'IL10', 'IFNG']",MESH:D005955,DOID:2862,A carbohydrate metabolic disorder that is characterized by abnormally low levels of glucose-6-phosphate dehydrogenase (abbreviated G6PD or G6PDH).
glutamate formiminotransferase deficiency,['FTCD'],MESH:C537425,DOID:0111679,"A vitamin metabolic disorder characterized by elevated formiminoglutamate in urine and plasma and variable intellectual, developmental, and hematological phenotypes that has_material_basis_in homozygous or compound heterozygous mutation in the FTCD gene on chromosome 21q22.3."
glutamate-cysteine ligase deficiency,['GCLC'],MESH:C565557,DOID:0111681,An amino acid metabolic disorder characterized by decreased levels of cellular glutathione and gamma-glutamylcysteine and hemolytic anemia that has_material_basis_in homozygous or compound heterozygous mutation in the GCLC gene on chromosome 6p12.1.
glutaric acidemia I,['GCDH'],MESH:C536833,DOID:0111254,"An organic acidemia characterized by impaired lysine, hydroxylysine, and tryptophan metabolism, increased urinary excretion of glutaric acid, and accumulation of 3-hydroxyglutaric and glutaric acid, resulting in striatal injury and a severe dystonic dyskinetic movement disorder that has_material_basis_in homozygous or compound heterozygous mutation in the GCDH gene on chromosome 19p13."
glutathione synthetase deficiency,['GSS'],MESH:C536835,DOID:0080699,An amino acid metabolic disorder characterized by the lack of glutathione production.
glycine encephalopathy,"['GLDC', 'AMT']",MESH:D020158,DOID:9268,An amino acid metabolic disorder that involves abnormally high levels of the amino acid glycine in bodily fluids and tissues.
glycogen storage disease,"['SLC2A2', 'PHKA1', 'PYGL', 'RBCK1', 'GYS2', 'GYG1', 'PHKG2']",MESH:D006008,DOID:2747,"A glycogen metabolism disorder that has_material_basis_in enzymes deficiencies necessary in the processing of glycogen synthesis or breakdown within muscles, liver, and other cell types."
glycogen storage disease II,['GAA'],MESH:D006009,DOID:2752,A glycogen storage disease that has_material_basis_in deficiency of the lysosomal acid alpha-glucosidase enzyme resulting in damage to muscle and nerve cells due to an accumulation of glycogen in the lysosome.
glycogen storage disease III,['AGL'],MESH:D006010,DOID:2748,"A glycogen storage disease that is characterized by an accumulation of abnormal glycogen with short outer chains and that has_material_basis_in homozygous or compound heterozygous mutation in the AGL gene, which encodes the glycogen debrancher enzyme, on chromosome 1p21."
glycogen storage disease IV,['GBE1'],MESH:D006011,DOID:2750,"A glycogen storage disease that has_material_basis_in homozygous or compound heterozygous mutation in the GBE1 gene, which encodes the glycogen branching enzyme, on chromosome 3p12."
glycogen storage disease IXb,['PHKB'],MESH:C563008,DOID:0111041,"A glycogen storage disease IX characterized by autosomal recessive inheritance of hepatomegaly, short stature, hypotonia and accumulation of glycogen in both liver and muscle, without clinical symptoms, that has_material_basis_in compound heterozygous mutation in the PHKB gene on chromosome 16q12."
glycogen storage disease IXc,['PHKG2'],MESH:C567809,DOID:0111043,"A glycogen storage disease IX characterized by autosomal recessive inheritance of hepatomegaly, hypotonia, growth retardation, and liver dysfunction with onset in childhood and improvement of symptoms with age that has_material_basis_in homozygous and compound heterozygous mutation in the PHKG2 gene on chromosome 16p11."
glycogen storage disease V,['PYGM'],MESH:D006012,DOID:2746,"A glycogen storage disease that is characterized by onset of exercise intolerance and muscle cramps in childhood or adolescence and that has_material_basis_in homozygous or compound heterozygous mutation in the PYGM gene, which encodes muscle glycogen phosphorylase, on chromosome 11q13."
glycogen storage disease VI,['PYGL'],MESH:D006013,DOID:2754,"A glycogen storage disease characterized by enlargement of the liver, moderately low blood sugar, elevated levels of acetone and other ketone bodies in the blood and moderate growth retardation."
glycogen storage disease VII,['PFKM'],MESH:D006014,DOID:11721,"A glycogen storage disease that is characterized by exercise intolerance, muscle cramping, exertional myopathy, and compensated hemolysis and that has_material_basis_in homozygous or compound heterozygous mutation in the PFKM gene, which encodes muscle phosphofructokinase, on chromosome 12q13."
glycoproteinosis,"['MCOLN1', 'GNPTG']",MESH:D009081,DOID:3343,A mucolipidosis that is characterized by a deficiency of the enzyme alpha-N -acetyl neuraminidase (sialidase).
gnathodiaphyseal dysplasia,['ANO5'],MESH:C536039,DOID:0111533,"An osteochondrodysplasia characterized by cementoosseous lesions of the jawbones, bone fragility, bowing/cortical thickening of tubular bones, and diaphyseal sclerosis of long bones that has_material_basis_in heterozygous mutation in the ANO5 gene on chromosome 11p14.3."
goiter,"['TG', 'SLC26A4']",MESH:D006042,DOID:12176,A thyroid gland disease that involves an abnormal enlargement of the thyroid gland.
gonadal disease,['LHCGR'],MESH:D006058,DOID:2277,An endocrine system disease that is located_in the gonads.
gonadal dysgenesis,['TSPYL1'],MESH:D006059,DOID:14447,A disorder of sexual development that is characterized by a progressive loss of germ cells on the developing gonads of an embryo.
gout,"['HP', 'SLC17A3', 'A1CF', 'ADRB3', 'PRPS1', 'ABCG2']",MESH:D006073,DOID:13189,An arthritis that has_material_basis_in uric acid crystal deposits located_in joint.
graft-versus-host disease,"['FCGR3A', 'LST1', 'IL2', 'PTPN22', 'NOD2', 'HGF', 'IL1A', 'IL10', 'HLA-DPB1', 'IL1RN', 'GSTM1', 'MKI67', 'MTHFR', 'ABO', 'IFNG', 'CTLA4']",MESH:D006086,DOID:0081267,"An immune system disease that is characterized by recognition by mature donor T cells, that contaminate the allogeneic bone marrow, of the recipient's tissue as foreign, causing a severe inflammatory disease characterized by rashes, diarrhea, and liver disease, and that has_material_basis_in an associated with variation in the interleukin-10 gene (IL10) on chromosome 1q32."
granular corneal dystrophy 2,['TGFBI'],MESH:C535474,DOID:0060444,"An corneal granular dystrophy that is characterized by recurrent erosions and stellate or thorn-like opacification located_in the cornea, hyaline and amyloid deposits in the stroma, and progressive vision loss later in life, and has_material_basis_in autosomal dominant inheritance of mutation of transforming growth factor beta-induced gene on chromosome 5q31.1, which encodes keratoepithelin. Abnormalities lead to increased hyaline and amyloid protein deposition and disruption of the corneal surface."
granulomatosis with polyangiitis,"['CCR5', 'FCAR', 'VTN', 'IL10', 'CTLA4']",MESH:D014890,DOID:12132,"An autoimmune disease that is characterized by necrotizing granulomatous inflammation of the upper and lower respiratory tract, glomerulonephritis, vasculitis, and the presence of antineutrophil cytoplasmatic autoantibodies (ANCAs) in patient sera, and is located_in lung, located_in kidney, located_in skin resulting from an autoimmune attack by antineutrophil cytoplasmic antibodies against small and medium-size blood vessels."
granulosa cell tumor,"['VEGFA', 'MGMT', 'FANCF', 'FHIT']",MESH:D006106,DOID:2999,A sex cord-gonadal stromal tumor that has_material_basis_in granulosa cells and arises from the sex cord stroma.
gray platelet syndrome,"['NBEAL2', 'GFI1B']",MESH:D055652,DOID:0111044,"A blood platelet disease characterized by selective deficiency in the number and contents of platelet alpha-granules, macrothrombocytopenia, enlarged platelets, myelofibrosis, splenomegaly, and increased bleeding time that has_material_basis_in homozygous or compound heterozygous mutation in the NBEAL2 gene on chromosome 3p21."
guanidinoacetate methyltransferase deficiency,['GAMT'],MESH:C537622,DOID:0050799,"A cerebral creatine deficiency syndrome that is characterized by severe intellectual disability, seizures, speech problems and involuntary movements, has_material_basis_in homozygous or compound heterozygous mutation in the GAMT gene on chromosome 19p13."
haemophilus meningitis,['FCGR2A'],MESH:D008583,DOID:0080179,A bacterial meningitis that has_material_basis_in Haemophilus influenzae infection.
hair disease,"['KRT81', 'KRT86']",MESH:D006201,DOID:421,An integumentary system disease that is located_in hair.
hairy cell leukemia,['GPX1'],MESH:D007943,DOID:285,A chronic lymphocytic leukemia that is characterized by over production of B cells (lymphocytes) by the bone marrow where the B cells appear hairy under a microscope.
"hand, foot and mouth disease",['REN'],MESH:D006232,DOID:10881,"A viral infectious disease that results_in infection located_in skin, has_material_basis_in Human coxsackievirus A16 or has_material_basis_in Human enterovirus 71, which are transmitted_by contaminated fomites, and transmitted_by contact with nose and throat secretions, saliva, blister fluid and stool of infected persons. The infection has_symptom fever, has_symptom poor appetite, has_symptom malaise, has_symptom sore throat, has_symptom painful sores in the mouth, and has_symptom skin rash on the palms of the hands and soles of the feet."
hawkinsinuria,['HPD'],MESH:C535845,DOID:0111362,An amino acid metabolic disorder characterized by a defect in tyrosine metabolism with transient metabolic acidosis and tyrosinemia that improves with a phenylalanine and tyrosine restricted diet and presence of the hawksin metabolite in the urine throughout life that has_material_basis_in heterozygous mutation in HPD on chromosome 12q24.31.
head and neck cancer,"['GSTT1', 'KDM4C', 'CYP1A1', 'GSTM1']",MESH:D006258,DOID:11934,"An organ system cancer that arises in the head or neck region. This region includes the nasal cavity, sinuses, lips, mouth, salivary glands, throat, or larynx."
head and neck squamous cell carcinoma,"['CYP2C19', 'TNFRSF10B', 'JUNB', 'IL2', 'PTPN13', 'CYP2C9', 'CCND1', 'STAT3', 'CYP2D6', 'OGG1', 'FANCB', 'TNFRSF10A', 'DNMT3B', 'CDKN2A', 'WRAP53', 'FGFR4', 'ING1']",MESH:D000077195,DOID:5520,"A head and neck carcinoma that has_material_basis_in squamous cells that line the moist, mucosal surfaces inside the head and neck."
heart disease,"['GLUL', 'MTR', 'SLC6A4', 'MTRR', 'SOD3']",MESH:D006331,DOID:114,A cardiovascular system disease that involves the heart.
heart valve disease,['ACE'],MESH:D006349,DOID:4079,A heart disease involving one or more of the four valves of the heart (the aortic and mitral valves on the left and the pulmonary and tricuspid valves on the right).
hematologic cancer,"['SLC19A1', 'TP53']",MESH:D019337,DOID:2531,"An organ system cancer located in the hematological system that is characterized by uncontrolled cellular proliferation in blood, bone marrow and lymph nodes."
hematopoietic system disease,"['XK', 'GSTP1']",MESH:D006402,DOID:74,A disease of anatomical entity that has_material_basis_in hematopoietic cells.
hemochromatosis,"['ALAS2', 'TFR2', 'HAMP', 'HJV']",MESH:D006432,DOID:2352,A metal metabolism disorder characterized by the accumulation of iron in various organs of the body.
hemochromatosis type 3,['TFR2'],MESH:C537248,DOID:0111030,A hemochromatosis that has_material_basis_in homozygous or compound heterozygous mutation in the TFR2 gene on chromosome 7q22.
hemochromatosis type 4,['SLC40A1'],MESH:C537249,DOID:0111028,A hemochromatosis that has_material_basis_in heterozygous mutation in the SLC40A1 gene on chromosome 2q32.
hemolytic-uremic syndrome,"['CD46', 'MBL2', 'PLA2G7', 'IL1RN', 'CD36', 'C1GALT1C1']",MESH:D006463,DOID:12554,"A kidney disease that is characterized by hemolytic anemia, thrombocytopenia, and renal failure caused by platelet thrombi in the microcirculation of the kidney and other organs."
hemophilia B,"['F2', 'F9']",MESH:D002836,DOID:12259,"A blood coagulation disease that has_material_basis_in Factor IX deficiency, which makes coagulation much more prolonged. The disease is inherited as an X-linked recessive trait."
hemosiderosis,['CP'],MESH:D006486,DOID:12119,"An iron metabolism disease that has_material_basis_in an accumulation of hemosiderin, an iron-storage complex, resulting in iron overload."
heparin cofactor II deficiency,['SERPIND1'],MESH:C562865,DOID:0111901,A thrombophilia characterized by increased risk of thromboembolism that has_material_basis_in heterozygous mutation in the HCF2 gene on chromosome 22q11.21.
hepatic veno-occlusive disease,"['MTHFR', 'GSTM1']",MESH:D006504,DOID:0080177,A hepatic vascular disease that is characterized by obstruction of some of the small veins of the liver.
hepatic venoocclusive disease with immunodeficiency,['SP110'],MESH:C537257,DOID:0112254,"A syndrome characterized by severe hypogammaglobulinemia, combined T and B cell immunodeficiency, absent lymph node germinal centers, absent tissue plasma cells, hepatic vascular occlusion, and fibrosis that has_material_basis_in homozygous or compound heterozygous mutation in the SP110 gene on chromosome 2q37.1."
hepatitis A,"['XRCC1', 'ACE']",MESH:D006506,DOID:12549,"A viral infectious disease that results_in inflammation located_in liver, has_material_basis_in Hepatitis A virus, which is transmitted_by ingestion of contaminated food or water, or transmitted_by direct contact with an infected person. The infection has_symptom fever, has_symptom fatigue, has_symptom loss of appetite, has_symptom nausea, has_symptom vomiting, has_symptom abdominal pain, has_symptom clay-colored bowel movements, has_symptom joint pain, and has_symptom jaundice."
hepatitis B,"['CCR5', 'CYP27B1', 'IL6', 'IFNA2', 'IL10', 'UGT1A1', 'CXCL10', 'VDR', 'CTLA4', 'MBL2', 'CCL5', 'XRCC1', 'UGT1A6', 'CA9', 'MTHFR', 'ZC3H12A', 'IL18', 'SAMHD1', 'HLA-DPA1', 'KIR3DS1', 'DOCK8', 'PDCD1', 'IFNAR2', 'EFTUD2', 'HLA-DQA1', 'TLR9', 'TLR3', 'NFKBIA', 'CCND2', 'HLA-DPB1', 'IL32', 'EIF2AK2', 'IL4']",MESH:D006509,DOID:2043,"A viral infectious disease that results_in inflammation located_in liver, has_material_basis_in Hepatitis B virus, which is transmitted_by sexual contact, blood transfusions, or fomites like needles or syringes. The infection has_symptom fever, fatigue, loss of appetite, nausea, vomiting, abdominal pain, clay-colored bowel movements, joint pain, and jaundice."
hepatitis C,"['IL6', 'CCR5', 'IFNAR1', 'IFNL3', 'IL10', 'IFNL4', 'LDLR', 'MBL2', 'CCL5', 'HLA-DRB1', 'IFNL1', 'KIR3DL1', 'ITPA', 'IFNG', 'HLA-G', 'GRAP2', 'SAMHD1', 'IL18', 'KIR3DS1', 'AFP', 'PDCD1', 'HLA-DQA1', 'TLR9', 'TLR3', 'NFKBIA', 'IL4']",MESH:D006526,DOID:1883,"A viral infectious disease that results_in inflammation located_in liver, has_material_basis_in Hepacivirus hominis, which is transmitted_by blood from an infected person enters the body of an uninfected person. The infection has_symptom fever, has_symptom fatigue, has_symptom loss of appetite, has_symptom nausea, has_symptom vomiting, has_symptom abdominal pain, has_symptom clay-colored bowel movements, has_symptom joint pain, and has_symptom jaundice."
hepatocellular carcinoma,"['CXCL8', 'POT1', 'BIRC3', 'CDH1', 'SMARCA4', 'SNRPE', 'VEGFA', 'FUBP1', 'RYR3', 'NRAS', 'CCL5', 'SOD2', 'ERBB4', 'GSTM1', 'CCL2', 'BMI1', 'SOCS1', 'ARID2', 'HNRNPL', 'HAVCR2', 'RAD52', 'LRP1B', 'ARG1', 'KIR3DS1', 'EFTUD2', 'JAK1', 'GC', 'TRAF7', 'ARID1A', 'NFKBIA', 'SPAG9', 'NF2', 'HNRNPAB', 'CSF1R', 'IL6', 'ADIPOQ', 'TET2', 'ALDH2', 'ASS1', 'TLR4', 'PPARA', 'MPO', 'LZTR1', 'CTLA4', 'IGF2R', 'RNF43', 'LEPR', 'MBL2', 'TP53', 'SOX30', 'CLPTM1L', 'IL2', 'CALR', 'CCND1', 'ZFHX3', 'IGF1R', 'XPO5', 'PRDM1', 'CCNG1', 'HNF1A', 'IL1B', 'CAT', 'HLA-DPA1', 'GPX1', 'G6PC1', 'CEP164', 'EZH2', 'HLA-DQA1', 'TLR9', 'STAT4', 'ABCB1', 'RECQL', 'CCND2', 'CASP8', 'FES', 'AZIN1', 'PDGFRL', 'MTDH', 'MAP4K4', 'TYMS', 'KMT2B', 'SLC7A5', 'MET', 'IL10', 'RAD21', 'EGF', 'VDR', 'NR1H4', 'FGFR2', 'IL21', 'SF3B1', 'IFNL1', 'KLF4', 'SMO', 'NFKB1', 'GPX3', 'SPP1', 'HAMP', 'CYP2C19', 'IFNA1', 'HILPDA', 'DICER1', 'MDM2', 'PLCG1', 'SPOCK1', 'NFE2L2', 'CAB39', 'GSTT1', 'SMC3', 'KDR', 'ALX4', 'FOXA1', 'TERT', 'SRSF2', 'CDKN3', 'PINX1', 'IFNA2', 'KIF1B', 'APOC3', 'XPO1', 'MTRR', 'APC', 'ACE', 'TLR2', 'AXIN1', 'KDM6A', 'PNPLA3', 'XRCC1', 'WNT2', 'CDK13', 'PTGS2', 'MYD88', 'TEP1', 'IGF2', 'LEP', 'FGFR1', 'LECT2', 'CTNNB1', 'PTPN13', 'IL18', 'SF3B4', 'FLT3', 'PIK3CA', 'RIT1', 'PDCD1', 'SPOP', 'CBX4', 'MCM7', 'MTHFR']",MESH:D006528,DOID:684,A liver carcinoma that has_material_basis_in undifferentiated hepatocytes and located_in the liver.
hereditary angioedema,"['SERPING1', 'PLG', 'MYOF', 'F12', 'ANGPT1', 'KNG1']",MESH:D054179,DOID:14735,An angioedema that is characterized by recurrent episodes of severe swelling of the skin and mucous membranes.
hereditary angioedema type III,['F12'],MESH:D056828,DOID:0080940,"A hereditary angioedema that is characterized clinically by recurrent skin swelling, abdominal pain attacks, and potentially life-threatening upper airway obstruction and that has_material_basis_in heterozygous mutation in the gene encoding coagulation factor XII (F12) on chromosome 5q35."
hereditary breast ovarian cancer syndrome,"['BRCA1', 'RAD51D', 'PALB2', 'RAD51C', 'BRCA2']",MESH:D061325,DOID:5683,A syndrome characterized by the higher than normal tendency associated with BRCA1 and BRCA2 to develop breast and ovarian cancers in genetically related families.
hereditary desmoid disease,['APC'],MESH:C535944,DOID:0111349,A syndrome characterized by extraintestinal manifestation of familial adenomatous polyposis that has_material_basis_in in some cases by extreme 3' mutation in APC on 5q22.2.
hereditary folate malabsorption,['SLC46A1'],MESH:C562799,DOID:0111678,"A vitamin metabolic disorder characterized by impaired intestinal folate absorption and impaired transport of folate into the central nervous system resulting in megaloblastic anemia, diarrhea, immune deficiency, infections, and neurologic deficits that has_material_basis_in homozygous or compound heterozygous mutation in the SLC46A1 gene on chromosome 17q11.2."
hereditary fructose intolerance syndrome,['ALDOB'],MESH:D005633,DOID:9869,"A carbohydrate metabolic disorder characterized by recurrent vomiting, abdominal pain, and hypoglycemia that may be fatal after introduction of fructose or sucrose to the diet that has_material_basis_in homozygous or compound heterozygous mutation in the aldolase B gene (ALDOB) on chromosome 9q31."
hereditary hemorrhagic telangiectasia,"['ENG', 'SMAD4', 'GDF2', 'ACVRL1']",MESH:D013683,DOID:1270,A vascular disease characterized by the presence of multiple arteriovenous malformations that lack intervening capillaries and result in direct connections between arteries and veins.
hereditary multiple exostoses,['EXT1'],MESH:D005097,DOID:206,"An exostosis that has_material_basis_in a mutation on the genes EXT1, EXT2 and EXT3 which results in multiple bony spurs throughout a child's growth."
hereditary neuropathy with liability to pressure palsies,['PMP22'],MESH:C536965,DOID:0060843,"A neuropathy characterized by autosomal dominant inheritance of peroneal muscle weakness, peripheral neuropathy, hyporeflexia, tomacula, segmental demyelination/remyelination, decreased motor nerve conduction that has_material_basis_in deletion or point mutation of the PMP22 gene on chromosome 17p12."
hereditary neutrophilia,['CSF3R'],MESH:C563010,DOID:0090120,"A leukocyte disease characterized by autosomal dominant inheritance of lifelong, persistent elevated neutrophil counts primarily consisting of segmented neutrophils that has_material_basis_in heterozygous mutation in the colony stimulating factor 3 receptor (CSF3R) gene on chromosome 1p34."
hereditary sensory and autonomic neuropathy type 5,['NGF'],MESH:D000699,DOID:0070145,A hereditary sensory neuropathy characterized by impaired pain and thermal perception in the extremities and selective reduction in small myelinated fibers that has_material_basis_in homozygous mutation in the NGF gene on chromosome 1p13.
hereditary sensory neuropathy,"['WNK1', 'DNMT1', 'KIF1A', 'NTRK1']",MESH:D009477,DOID:0050548,"A neuropathy characterized by congenital insensitivity to pain resulting in ulceration to the fingers, tongue, lips, and other distal appendages."
hereditary sensory neuropathy type 4,['NTRK1'],MESH:D009477,DOID:0070146,A hereditary sensory neuropathy characterized by insensitivity to pain and anhidrosis that has_material_basis_in homozygous or compound heterozygous mutation in the NTRK1 gene on chromosome 1q23.
hereditary spastic paraplegia,"['KIF1A', 'HSPD1', 'SPG21', 'L2HGDH', 'ALDH18A1', 'AP5Z1', 'BSCL2']",MESH:D015419,DOID:2476,A paraplegia that is characterized by progressive stiffness and contraction (spasticity) in the lower limbs.
hereditary spherocytosis,"['SPTB', 'SLC4A1', 'SPTA1', 'ANK1', 'EPB42']",MESH:D013103,DOID:12971,"A congenital hemolytic anemia characterized by the production of red blood cells with a sphere shape, rather than the normal biconcave disk shape."
heroin dependence,"['CREB1', 'OPRD1', 'ADRA1A', 'ALDH2', 'COMT', 'ARRB2', 'GRIN2A', 'GAD1', 'GAD2', 'OPRM1', 'DRD2', 'GABBR1', 'CYP2B6', 'ANKK1', 'OPRK1', 'KCNJ6', 'CHRM2', 'PDYN']",MESH:D006556,DOID:9976,An opiate dependence that involves the continued use of heroin despite problems related to use of the substance.
herpes simplex,"['RPL30', 'MBL2', 'IRF5']",MESH:D006561,DOID:8566,"A viral infectious disease that results_in_formation_of lesions, located_in mouth, located_in face, located_in genitalia, or located_in hands, has_material_basis_in Human herpesvirus 1 or has_material_basis_in Human herpesvirus 2, which are transmitted_by direct contact with an active lesion or body fluid of an infected person."
herpes simplex virus keratitis,['IL1RN'],MESH:D007635,DOID:0080158,A keratitis that has_material_basis_in herpes simplex type infection.
herpes zoster,['F2'],MESH:D006562,DOID:8536,"A viral infectious disease that results_in infection located_in nerve fiber, has_material_basis_in Human herpesvirus 3, which reactivates after appearing as chickenpox in childhood. The virus is transmitted_by direct contact with the rash, which can develop into chickenpox in newly-infected individuals. The infection has_symptom rash which is followed by blisters, has_symptom headache, has_symptom fever, has_symptom malaise, has_symptom itching, has_symptom burning pain, and has_symptom paresthesia."
hidradenitis suppurativa,"['PSEN1', 'PSENEN', 'NCSTN']",MESH:D017497,DOID:2280,"A hidradenitis that is characterized by chronic inflammation of the apocrine sweat glands, has_symptom painful nodules, abscesses, sinus tract formation, scarring, erythema, pruritis, and pain, and has_material_basis_in chronic inflammation of the apocrine sweat glands leading to recurrent folliculitis and an accompanying immune response that worsens inflammation."
high grade glioma,"['CDKN1A', 'KDM5B', 'GSTM3', 'PDGFA', 'IL10', 'EGF', 'MAP2K1', 'EPOR', 'FLT3LG', 'ATRX', 'TP53', 'SH3GL1', 'XRCC1', 'IL2', 'GSTP1', 'NF1', 'CCND1', 'IGF1R', 'IDH1', 'GSTM1', 'SOX6', 'ENTPD2', 'CDK6', 'CCN1', 'LIG4', 'ERCC1', 'XRCC3', 'ERBB2', 'DCN', 'PDGFB', 'SLC44A1', 'ERCC5', 'LTA', 'CHAF1A', 'CDKN2A', 'EPO', 'BRCA2']",MESH:D005910,DOID:3070,A cell type cancer that has_material_basis_in glial cells and is located in brain or located in spine.
high molecular weight kininogen deficiency,['KNG1'],MESH:C537060,DOID:0111676,A blood coagulation disease characterized by deficiency of high molecular weight kininogen but not of low molecular weight kininogen resulting in abnormal surface-mediated activation of fibrinolysis that has_material_basis_in homozygous or compound heterozygous mutation in the KNG1 gene on chromosome 3q27.3. Both high and low molecular weight kininogen are encoded by the KNG1 gene.
histidinemia,['HAL'],MESH:C538320,DOID:0060168,A histidine metabolism disease characterized by a deficiency of the enzyme histidase.
holocarboxylase synthetase deficiency,['HLCS'],MESH:D028922,DOID:859,A multiple carboxylase deficiency that involves a deficiency in holocarboxylase synthetase.
holoprosencephaly,"['SIX3', 'PTCH1', 'STAG2', 'ZIC2', 'SHH', 'TGIF1']",MESH:D016142,DOID:4621,A congenital nervous system abnormality characterized by failed or incomplete separation of the forebrain early in gestation; it is accompanied by a spectrum of characteristic craniofacial anomalies.
holoprosencephaly 2,['SIX3'],MESH:C563579,DOID:0110872,A holoprosencephaly that has_material_basis_in mutation in the homeobox-containing SIX3 gene on chromosome 2p21.
holoprosencephaly 3,['SHH'],MESH:C564181,DOID:0110875,A holoprosencephaly that has_material_basis_in heterozygous mutation in the SHH gene on chromosome 7q36.
holoprosencephaly 4,['TGIF1'],MESH:C564180,DOID:0110880,A holoprosencephaly that has_material_basis_in heterozygous mutation in the TGIF gene on chromosome 18p11.
holoprosencephaly 5,['ZIC2'],MESH:C566464,DOID:0110878,A holoprosencephaly that has_material_basis_in heterozygous mutation in the ZIC2 gene on chromosome 13q32.
holoprosencephaly 7,['PTCH1'],MESH:C563660,DOID:0110876,A holoprosencephaly that has_material_basis_in heterozygous mutation in the PTCH1 gene on chromosome 9q22.
holoprosencephaly 9,['GLI2'],MESH:C563659,DOID:0110873,A holoprosencephaly that has_material_basis_in heterozygous mutation in the GLI2 gene on chromosome 2q14.
homocystinuria,"['MTRR', 'CBS']",MESH:D006712,DOID:9263,An amino acid metabolic disorder that involves an accumulation of homocysteine in the serum and an increased excretion of homocysteine in the urine.
human immunodeficiency virus infectious disease,"['CCR5', 'CCR2', 'PRF1', 'IL10', 'HLA-B', 'VDR', 'CXCR1', 'CCL3L1', 'MBL2', 'CCL5', 'HLA-DRB1', 'CCL4L2', 'CCL3', 'KIR3DL1', 'PPIA', 'MKI67', 'CYP2B6', 'IFNG', 'CXCL12', 'KIR3DS1', 'ABCE1', 'CD40LG', 'FAS', 'HLA-DQA1', 'FCGR3A', 'SERPINA1', 'TLR3', 'GC', 'ABCB1', 'CCL11', 'HLA-C', 'PLA2G2A', 'CD209', 'NEFM', 'CX3CR1']",MESH:D015658,DOID:526,"A viral infectious disease that results in destruction of immune system, leading to life-threatening opportunistic infections and cancers, has_material_basis_in Human immunodeficiency virus 1 or has_material_basis_in Human immunodeficiency virus 2, which are transmitted by sexual contact, transmitted by transfer of blood, semen, vaginal fluid, pre-ejaculate, or breast milk, transmitted by congenital method, and transmitted by contaminated needles. The virus infects helper T cells (CD4+ T cells) which are directly or indirectly destroyed, macrophages, and dendritic cells. The infection has symptom diarrhea, has symptom fatigue, has symptom fever, has symptom vaginal yeast infection, has symptom headache, has symptom mouth sores, has symptom muscle aches, has symptom sore throat, and has symptom swollen lymph glands."
hyaline fibromatosis syndrome,['ANTXR2'],MESH:D057770,DOID:0111669,"A connective tissue disease characterized by abnormal growth of hyalinized fibrous tissue especially around the subcutaneous regions on the scalp, ears, neck, face, hands, and feet, gingival hypertrophy, joint contractures, and osteolytic bone lesions that has_material_basis_in homozygous or compound heterozygous mutation in the ANTXR2 gene on chromosome 4q21.21."
hydrocephalus,"['SMARCC1', 'TRIM71', 'L1CAM', 'CCDC88C', 'MPDZ']",MESH:D006849,DOID:10908,"A cerebral degeneration characterized by an abnormal accumulation of cerebrospinal fluid in the ventricles of the brain, leading to progressive enlargement of the head."
hydrolethalus syndrome 1,['HYLS1'],MESH:C565504,DOID:0111355,A hydrolethalus syndrome that has_material_basis_in homozygous or compound heterozygous mutation in the HYLS1 gene on chromosome 11q24.2.
hydrophthalmos,['CYP1B1'],MESH:D006871,DOID:11212,"A primary congenital glaucoma characterized by early onset glaucoma in one or both eyes with elevated intraocular pressure and increased corneal diameter and has_symptom early vision loss, increased corneal diameter, and increased corneal thickness. Hydrophthalmus is caused by congenital defects of the trabecular meshwork and anterior chamber angle that block aqueous outflow and raises intraocular pressure, leading to optic nerve atrophy and early vision loss."
hydroxykynureninuria,[],MESH:C536081,DOID:0112257,"An amino acid metabolic disorder characterized by impaired tryptophan metabolism resulting in high urinary excretion of kynurenine, xanthurenic acid and 3-hydroxykynurenine that has_material_basis_in homozygous or compound heterozygous mutation in the KYNU gene on chromosome 2q22.2."
hyper IgE recurrent infection syndrome 1,['STAT3'],MESH:D007589,DOID:3261,A hyper IgE syndrome that has_material_basis_in heterozygous mutation in the STAT3 gene on chromosome 17q21.
hyperalphalipoproteinemia 1,[],MESH:C564591,DOID:0111369,A cholesterol-ester transfer protein deficiency characterized by elevated levels of alpha-lipoprotein in the blood that has_material_basis_in heterozygous mutation in the CETP gene on chromosome 16q13.
hyperargininemia,['ARG1'],MESH:D020162,DOID:9278,An urea cycle disorder that involves arginase deficiency resulting in elevated levels of plasma arginine.
hyperekplexia 1,['GLRA1'],MESH:D000071017,DOID:0060696,"A hyperekplexia that has_material_basis_in heterozygous, homozygous, or compound heterozygous mutation in the GLRA1 gene on chromosome 5q32."
hypereosinophilic syndrome,"['F5', 'PDGFRA']",MESH:D004802,DOID:999,"A leukocyte disease that is characterized by high numbers of eosinophils which over time enter various tissues, eventually damaging organs."
hyperferritinemia-cataract syndrome,['FTL'],MESH:C538137,DOID:0111256,A syndrome characterized by elevated circulating levels of ferritin without iron overload and early onset cataracts that has_material_basis_in heterozygous mutation in the iron responsive element in the 5-prime noncoding region of FTL on 19q13.33.
hyperhomocysteinemia,"['CBS', 'MTHFR', 'MTR']",MESH:D020138,DOID:9279,An amino acid metabolic disorder that involves an abnormally large level of homocysteine in the blood.
hyperlipoproteinemia type III,['APOC3'],MESH:D006952,DOID:3145,"A familial hyperlipidemia that has_material_basis_in by homozygous, compound heterozygous, or heterozygous mutation in the APOE gene on chromosome 19q13."
hyperlysinemia,['AASS'],MESH:D020167,DOID:9274,An amino acid metabolic disorder that involves an abnormal increase of lysine in the blood.
hypermethioninemia,['MAT1A'],MESH:C564683,DOID:0050544,"An amino acid metabolic disorder that involves an excess of the amino acid methionine, in the blood. This condition can occur when methionine is not broken down properly in the body."
hyperopia,"['NOG', 'MYRF']",MESH:D006956,DOID:9834,"A refractive error that is characterized by rays of light entering the eye parallel to the optic axis are brought to a focus behind the retina, as a result of the eyeball being too short from front to back."
hyperparathyroidism,"['CASR', 'CDC73', 'GCM2', 'TRPV6', 'MEN1']",MESH:D006961,DOID:13543,"A parathyroid gland disease characterized by an overactivity of the parathyroid glands, leading to an excess of parathyroid hormone in the body."
hyperphosphatemia,['PTH'],MESH:D054559,DOID:0050459,"A phosphorus metabolism disease characterized by hyperphosphatemia and abnormal deposits of phosphate and calcium in joints and soft tissues, results from abnormal phosphorus metabolism and has_material_basis_in mutations in the FGF23, GALNT3 or KL gene."
hyperprolactinemia,"['PRLR', 'PGR']",MESH:D002640,DOID:12700,An acquired metabolic disease that has_material_basis_in the presence of abnormally-high levels of prolactin in the blood.
hyperprolinemia type 2,['ALDH4A1'],MESH:C538385,DOID:0080543,A hyperprolinemia that has_material_basis_in homozygous or compound heterozygous mutation in the pyrroline-5-carboxylate dehydrogenase gene on chromosome 1p36.
hypertension,"['DRD1', 'BDKRB1', 'REN', 'MTR', 'ANGPT1', 'F11R', 'AVPR1A', 'AGXT2', 'CORIN', 'VEGFA', 'ATP1A2', 'ADD2', 'SOD2', 'SLC8A1', 'GCH1', 'RETN', 'XRCC3', 'CLCNKB', 'ACE2', 'INVS', 'ESR2', 'LOX', 'SOD1', 'FTO', 'AGTR1', 'NPHP3', 'IL6', 'CYP11B2', 'ALDH2', 'SLC6A2', 'KCNMB1', 'ADD1', 'BMAL2', 'GNB3', 'UCN2', 'LEPR', 'ABCC8', 'ADRB1', 'IL1RN', 'DRD2', 'WNK4', 'RAMP2', 'PON1', 'WNK1', 'CLU', 'CYBA', 'HLA-DQA1', 'AGT', 'MMP2', 'HTRA1', 'HGF', 'HSD11B1', 'EDN2', 'CCR5', 'VHL', 'HTR2A', 'KLK1', 'HMOX1', 'DBH', 'PNMT', 'EDNRA', 'MMP1', 'COL6A3', 'NOS2', 'GPX3', 'CYP2R1', 'ABO', 'EDN1', 'CD14', 'NOS3', 'KIF6', 'NPPC', 'CYP4A11', 'UCP1', 'PTK2B', 'NQO1', 'TRHR', 'COMT', 'BRCA1', 'GSTT1', 'LPL', 'NPY', 'KDR', 'XDH', 'HP', 'MMP9', 'CYP2C9', 'SGK1', 'PRLHR', 'INPPL1', 'CHGA', 'ACE', 'BDKRB2', 'ADRA1A', 'XRCC1', 'EPHX2', 'FABP3', 'ADRB3', 'DDAH1', 'MTTP', 'HSD11B2', 'LEP', 'MOV10', 'UCP2', 'GCK', 'ADRA2B', 'PTGIS', 'GATA5', 'TH', 'CYP2J2', 'LIPE', 'NPPB', 'F7', 'ADRB2', 'PPARG', 'OGG1', 'DIO2']",MESH:D006973,DOID:10763,An artery disease characterized by chronic elevated blood pressure in the arteries.
hypertension and brachydactyly syndrome,['PDE3A'],MESH:C537095,DOID:0111247,"A syndrome characterized by brachydactyly type E, severe salt-independent but age-dependent hypertension, an increased fibroblast growth rate, neurovascular contact at the rostral-ventrolateral medulla, altered baroreflex blood pressure regulation, and increased risk of stroke when untreated that has_material_basis_in heterozygous mutation in PDE3A on 12p12.2."
hyperthyroidism,[],MESH:D006980,DOID:7998,A thyroid gland disease that involves an over production of thyroid hormone.
hyperthyroxinemia,[],MESH:D006981,DOID:2855,A thyroid gland disease that is characterized by elevated thyroxine levels in the blood.
hypertrichotic osteochondrodysplasia Cantu type,['ABCC9'],MESH:C535572,DOID:0060569,"An osteochondrodysplasia that is characterized by congenital hypertrichosis, neonatal macrosomia, and cardiomegaly."
hypertrophic cardiomyopathy,"['TNNI3', 'CTSL', 'LZTR1', 'TNNC1', 'TNNT2', 'MMP1', 'MYH7B', 'MYH7', 'CS', 'CSRP3', 'RETN', 'NDUFS2', 'COX15', 'MYBPC3', 'SLC25A4', 'LAMP2', 'AGT', 'ANKRD1', 'VCL', 'SCO2']",MESH:D002312,DOID:11984,An intrinsic cardiomyopathy that is characterized by abnormal thickening (hypertrophy) of the heart without any obvious cause.
hyperuricemia,['XDH'],MESH:D033461,DOID:1920,An acquired metabolic disease that has_material_basis_in an abnormally high level of uric acid in the blood.
hypobetalipoproteinemia,"['PCSK9', 'APOB']",MESH:D006995,DOID:1390,A hypolipoproteinemia characterized by permanently low levels of apolipoprotein B and LDL cholesterol resulting from an impaired ability to absorb and transport fats.
hypochondroplasia,['FGFR3'],MESH:C562937,DOID:0080041,An osteochondrodysplasia that has_material_basis_in mutation in the FGFR3 gene which affects ossification of cartilage and results_in short limb dwarfism.
hypoglycemia,"['GLUD1', 'GCK', 'CYP2C9', 'PPP1R3A', 'AGTR2', 'HNF4A', 'UCP3']",MESH:D007003,DOID:9993,A glucose metabolism disease that is characterized by abnormally low levels of blood glucose.
hypogonadism,"['PROP1', 'KISS1R']",MESH:D007006,DOID:1924,A gonadal disease that is characterized by diminished functional activity of the gonads.
hypolipoproteinemia,"['APOA1', 'ABCA1']",MESH:D007009,DOID:1387,A lipid metabolism disorder that is characterized by unusually low levels of fats in the blood.
hypoparathyroidism,"['TBCE', 'TBX1', 'GATA3']",MESH:D007011,DOID:11199,"A parathyroid gland disease characterized by decreased function of parathyroid glands with underproduction of parathyroid hormone (PTH), leading to abnormally low ionized calcium levels in the blood."
hypoparathyroidism-deafness-renal disease syndrome,['GATA3'],MESH:C537907,DOID:0060878,"A chromosomal deletion syndrome that is characterized by autosomal dominant inheritance of hypoparathyroidism, sensorineural deafness and progressive renal failure and that has_material_basis_in chromosome deletion that results in haploinsufficiency of the GATA3 gene on chromosome 10p14."
hypoparathyroidism-retardation-dysmorphism syndrome,['TBCE'],MESH:C537157,DOID:0060348,"A syndrome characterized by permanent parathyroid hormone (PTH) deficiency, hypocalcemia, hyperphosphatemia, facial anomalies, and psychomotor retardation that has_material_basis_in homozygous or compound heterozygous mutation in the TBCE gene on chromosome 1q42.3."
hypophosphatasia,['ALPL'],MESH:C562440,DOID:14213,A syndrome characterized by disruption of mineralization of bones and teeth that has_material_basis_in mutation in the ALPL gene on chromosome 1p36.12.
hypophosphatemic nephrolithiasis/osteoporosis 1,['SLC34A1'],MESH:C567363,DOID:0080077,A hypophosphatemic nephrolithiasis/osteoporosis that has_material_basis_in heterozygous mutation in the SLC34A1 gene on chromosome 5q35.
hypophosphatemic nephrolithiasis/osteoporosis 2,['NHERF1'],MESH:C567362,DOID:0080078,A hypophosphatemic nephrolithiasis/osteoporosis that has_material_basis_in heterozygous mutation in the SLC9A3R1 gene on chromosome 17q25.1.
hypopituitarism,"['PROP1', 'MTHFR']",MESH:D007018,DOID:9406,A pituitary gland disease characterized by the decreased secretion of one or more of the eight hormones normally produced by the pituitary gland.
hypoplastic left heart syndrome,"['MYH7', 'NKX2-5', 'GJA1']",MESH:D018636,DOID:9955,A congenital heart disease characterized by abnormal development of the left-sided structures of the heart.
hypoplastic or aplastic tibia with polydactyly,"['LMBR1', 'SHH']",MESH:C535564,DOID:0111564,A syndrome characterized by preaxial polydactyly of the hands and feet and hypoplasia or aplasia of the tibia that has_material_basis_in heterozygous mutation in the SHH regulatory region (ZRS) located in intron 5 of the LMBR1 gene on chromosome 7q36.3.
hypospadias,"['ESR2', 'GSTT1', 'AR', 'GSTM1', 'SRD5A2', 'CYP1A1']",MESH:D007021,DOID:10892,A physical disorder characterized by an abnormally placed urethral opening on the underside of the penis or on the perineum.
hypothyroidism,"['HLA-DRB1', 'PTPN22', 'TSHB']",MESH:D007037,DOID:1459,A thyroid gland disease which involves an underproduction of thyroid hormone.
hypotrichosis,"['DSG4', 'C3orf52']",MESH:D007039,DOID:4535,"A hair disease that is characterized by sparse hair on the scalp resulting from abnormal hair follicle development and has_material_basis_in mutations in proteins involved in hair growth, division or proliferation of cells within hair follicles."
hypotrichosis 5,['EPS8L3'],MESH:C567554,DOID:0110702,A hypotrichosis that has_material_basis_in a mutation on chromosome 1p21.1-q21.3.
hypotrichosis-lymphedema-telangiectasia syndrome,['SOX18'],MESH:C564327,DOID:0111361,"A syndrome characterized by onset at birth or early childhood of progressive hypotrichosis, lymphedema, and telangiectasia that has_material_basis_in homozygous or compound heterozygous mutation in the SOX18 gene on chromosome 20q13.33."
ichthyosis,['KRT2'],MESH:D007057,DOID:1697,A skin disease characterized by drying and scaling of skin with the accumulation of thick scales and cracks that may be painful or bleed.
ichthyosis follicularis-alopecia-photophobia syndrome 1,['MBTPS2'],MESH:C536085,DOID:0111821,"A syndrome characterized by ichthyosis follicularis, atrichia, and photophobia that has_material_basis_in hemizygous or homozygous mutation in the MBTPS2 gene on chromosome Xp22.12."
ichthyosis vulgaris,['FLG'],MESH:D016112,DOID:1702,"An ichthyosis that has_material_basis_in heterozygous mutation in the filaggrin gene (FLG) on chromosome 1q21 and is characterized by dead skin cells accumulate in thick, dry scales on your skin's surface."
idiopathic generalized epilepsy,['KCNMA1'],MESH:D004829,DOID:1827,An epilepsy syndrome that is characterized by generalised seizures with no apparent cause which arise from many independent foci (multifocal epilepsies) or from epileptic circuits that involve the whole brain.
idiopathic interstitial pneumonia,[],MESH:D000080203,DOID:2797,A pneumonia located_in the lung parenchyma of unknown cause.
idiopathic pulmonary fibrosis,"['CXCL5', 'BRD4', 'HLA-DRB1', 'EHMT2', 'SFTPA2', 'SETD2', 'MUC5B', 'PTGS2', 'TERT']",MESH:D054990,DOID:0050156,A pulmonary fibrosis that is characterized by scarring of the lung.
ileitis,['SERPINA1'],MESH:D007079,DOID:0060189,"An inflammatory bowel disease characterized by inflammation located_in ileum, has_symptom diarrhea, has_symptom abdominal pain, often in the right lower quadrant, has_symptom weight loss."
iminoglycinuria,['SLC36A2'],MESH:C536285,DOID:0112265,"A renal tubular transport disease characterized by impaired renal tube reabsorption of proline, hydroxyproline and glycine and elevated urine levels of the imino acids and glycine that has_material_basis_in homozygous mutation in SLC36A2 on chromosome 5q33.1 combined with either heterozygous mutation in SLC6A20 gene on chromosome 3p21.31 or homozygous mutation in SLC6A19 on chromosome 5p15.33."
immune dysregulation-polyendocrinopathy-enteropathy-X-linked syndrome,"['FOXP3', 'DOCK8']",MESH:C580192,DOID:0090110,"An autoimmune disease that is characterized by onset in infancy of refractory diarrhea, endocrinopathies, type 1 diabetes mellitus, and dermatitis that has_material_basis_in X-linked recessive mutation in the forkhead box P3 (FOXP3) gene on chromosome Xp11."
immunodeficiency 10,['STIM1'],MESH:C557827,DOID:0111970,A T cell and NK cell immunodeficiency characterized by onset in childhood of recurrent infections due to defective T- and NK-cell function that has_material_basis_in homozygous mutation in the STIM1 gene on chromosome 11p15.4.
immunodeficiency 14,['PIK3CD'],MESH:C585640,DOID:0111936,A combined T cell and B cell immunodeficiency characterized by B- and T-cell abnormalities and onset of recurrent sinopulmonary and other infections in early childhood that has_material_basis_in heterozygous activating mutation in the PIK3CD gene on chromosome 1p36.22.
immunodeficiency 21,['GATA2'],MESH:D000077428,DOID:0111947,"A primary immunodeficiency disease characterized by profoundly decreased or absent monocytes, B lymphocytes, natural killer (NK) lymphocytes, and circulating and tissue dendritic cells with normal or nearly normal T cell numbers that has_material_basis_in heterozygous mutation in the GATA2 gene on chromosome 3q21.3."
immunodeficiency 25,['CD247'],MESH:C565712,DOID:0111942,"A T cell deficiency characterized by decreased T cell counts, normal B cell counts, and eosinophilia that has_material_basis_in homozygous or compound heterozygous mutation in the CD247 gene on chromosome 1q24.2."
immunodeficiency 27A,[],MESH:C535530,DOID:0111955,"A primary immunodeficiency disease characterized by high circulating levels of IFNG, failure of cellular responses to IFNG, and early and often fatal mycobacterial infections that has_material_basis_in homozygous or compound heterozygous mutation in the IFNGR1 gene on chromosome 6q23.3."
immunodeficiency 33,['IKBKG'],MESH:C567070,DOID:0112003,A combined immunodeficiency characterized by early-onset severe infection and variable immunological abnormalities that has_material_basis_in hemizygous mutation in the IKBKG gene on chromosome Xq28.
immunodeficiency 34,['CYBB'],MESH:C567068,DOID:0112000,A phagocyte bactericidal dysfunction characterized by impaired respiratory burst in all types of phagocytes and increased susceptibility to infection by poorly virulent mycobacteria that has_material_basis_in hemizygous mutation in the CYBB gene on chromosome Xp21.1-p11.4.
immunodeficiency 35,['TYK2'],MESH:C566928,DOID:0111989,"A primary immunodeficiency disease characterized by increased susceptibility to mycobacterial infection after BCG vaccination and impaired cellular responses to IL-12, IFN-alpha/beta, IL-23, and IL-10 that has_material_basis_in homozygous or compound heterozygous mutation in the TYK2 gene on chromosome 19p13.2."
immunodeficiency 41,['IL2RA'],MESH:C565232,DOID:0111968,"A combined immunodeficiency characterized by a defect in T cell regulation with proliferation of CD8+ T cells, impaired antibody specific responses, and elevated cytokines resulting in recurrent viral, fungal, and bacterial infections, lymphadenopathy, and variable autoimmune features that has_material_basis_in homozygous or compound heterozygous mutation in the IL2RA gene on chromosome 10p15.1."
immunodeficiency 43,['B2M'],MESH:C565476,DOID:0111981,"A primary immunodeficiency disease characterized by recurrent infections, reduced serum concentrations of immunoglobulin G and albumin due to rapid degradation of these proteins, abnormal renal or liver function, and excessive gastrointestinal protein that has_material_basis_in homozygous or compound heterozygous mutation in B2M on chromosome 15q21.1."
immunodeficiency 48,['ZAP70'],MESH:C537590,DOID:0111943,"A T cell deficiency characterized by a selective T cell defect where circulating T cells exclusively express CD4, CD3, and T-cell receptor-alpha/beta and not CD8 on their surfaces that has_material_basis_in homozygous or compound heterozygous mutation in the ZAP70 gene on chromosome 2q11.2."
immunodeficiency 54,['MCM4'],MESH:C566492,DOID:0111967,"An NK cell deficiency characterized by severe intra- and extrauterine growth retardation, microcephaly, decreased numbers of CD56(dim) natural killer cells, adrenal insufficiency, and recurrent viral infections that has_material_basis_in homozygous or compound heterozygous mutation in the MCM4 gene on chromosome 8q11.21."
immunodeficiency 59,['HYOU1'],MESH:C565535,DOID:0111974,"A B cell and dendritic cell deficiency characterized by granulocytopenia, B-cell and dentritic cell deficiency, recurrent septic infections of the respiratory tract, skin, and mucous membranes, and stress-induced hypoglycemia that has_material_basis_in homozygous or compound heterozygous mutation in the HYOU1 gene on chromosome 11q23.3."
immunodeficiency 61,['SH3KBP1'],MESH:C538057,DOID:0111999,A B cell deficiency characterized by onset in early childhood of recurrent infections due to an intrinsic defect in the ability of B cells to produce antibodies that has_material_basis_in hemizygous mutation in the SH3KBP1 gene on chromosome Xp22.12.
immunodeficiency 73a with defective neutrophil chemotaxis and leukocytosis,['RAC2'],MESH:C564275,DOID:0112064,"A combined immunodeficiency characterized by onset of recurrent infections in early infancy, leukocytosis, neutrophilia, decreased TCR excision circles, decreased neutrophil chemotaxis, and T-cell abnormalities that has_material_basis_in heterozygous loss of function mutation in the RAC2 gene on chromosome 22q13.1."
immunodeficiency 9,['ORAI1'],MESH:C557826,DOID:0111976,"A T cell deficiency characterized by early onset of recurrent infections due to defective T-cell activation, ectodermal dysplasia, and congenital myopathy that has_material_basis_in homozygous or compound heterozygous mutation in the ORAI1 gene, which encodes a subunit of the plasma membrane calcium channel CRAC, on chromosome 12q24.31."
immunoglobulin alpha deficiency,"['ICOS', 'CTLA4']",MESH:D017098,DOID:0060025,A B cell deficiency that is an autosomal recessive disorder that has_material_basis_in mutation in the IgA (CD79 alpha) antigen receptor.
in situ carcinoma,"['IGF2R', 'RUNX3']",MESH:D002278,DOID:8719,A carcinoma that is an early development defined by the absence of invasion of surrounding tissues.
inclusion body myopathy with Paget disease of bone and frontotemporal dementia,['HNRNPA2B1'],MESH:C563476,DOID:0050881,"A syndrome that is characterized by progressive proximal muscle weakness, steolytic bone lesions consistent with Paget disease, and frontotemporal dementia and has_material_basis_in mutation in the valosin containing protein."
inclusion body myositis,"['MYH2', 'DAG1', 'SOD2', 'TUBG1', 'CLU']",MESH:D018979,DOID:3429,"A myositis that is characterized by late onset of skeletal muscle inflammation, weakness, and atrophy with cytoplasmic granules and vacuoles in the muscle."
infectious mononucleosis,"['GSTT1', 'SOD2', 'HLA-DRB1', 'GSTM1']",MESH:D007244,DOID:8568,"A viral infectious disease that results in inflammation, located in pharynx, has_material_basis_in Human herpesvirus 4 and has symptom fever, has symptom fatigue, has symptom lymphadenopathy, and has symptom splenomegaly."
inflammatory bowel disease,"['ICAM1', 'ALPI', 'IL10', 'SLC11A1', 'TGFB1', 'IL37', 'IGFBP3', 'IL1RN', 'NPSR1', 'GSTM1', 'IL33', 'ANO6', 'B2M', 'AGT', 'GSTT1', 'ADAM17', 'MTHFR']",MESH:D015212,DOID:0050589,An intestinal disease characterized by inflammation located in all parts of digestive tract.
inflammatory bowel disease 10,['ATG16L1'],MESH:C567021,DOID:0110885,An inflammatory bowel disease that has_material_basis_in variation in the ATG16L1 gene on chromosome 2q37.
inflammatory bowel disease 13,['ABCB1'],MESH:C567384,DOID:0110893,An inflammatory bowel disease that has_material_basis_in variation in the ABCB1 gene on chromosome 7q21.1.
inflammatory bowel disease 14,['IRF5'],MESH:C567383,DOID:0110895,An inflammatory bowel disease that has_material_basis_in variation in the IRF5 gene on chromosome 7q32.
inflammatory bowel disease 17,['IL23R'],MESH:C567378,DOID:0110883,An inflammatory bowel disease that has_material_basis_in variation in the IL23R gene on chromosome 1p31.3.
inflammatory bowel disease 19,['IRGM'],MESH:C567372,DOID:0110890,An inflammatory bowel disease that has_material_basis_in variation in the chromosome region 5q33.1.
inherited metabolic disorder,"['LIG1', 'MMAB', 'SLC22A5', 'SUOX', 'NDUFS2', 'SLC25A19', 'UQCRB', 'TBX19', 'BCHE', 'GPHN', 'NDUFS1', 'TPK1', 'HSD11B2']",MESH:D008661,DOID:655,A disease of metabolism that is characterized by enzyme deficiency or accumulation of enzymes or toxins which interfere with normal function due to inherited enzyme abnormality.
inner ear disease,['CENPB'],MESH:D007759,DOID:2952,An auditory system disease that is located in the part of the ear that contains organs of the senses of hearing and equilibrium.
insulinoma,[],MESH:D007340,DOID:3892,A pancreatic cystadenoma that is characterized by the overproduction of insulin.
intermediate spinal muscular atrophy,['SMN1'],MESH:D014897,DOID:0050530,"A childhood spinal muscular atrophy that is characterized by progressive muscular weakness and respiratory failure, develops in children between the ages of 6 and 12 months and drastically reduces length of life, and has_material_basis_in mutations in the SMN1 or SMN2 genes that are required for the survival of motor neurons."
interstitial lung disease,"['SERPINE1', 'MMP9', 'IL2', 'HGF', 'IL1A', 'AP3B1', 'SFTPA1', 'IL4R']",MESH:D017563,DOID:3082,"A lung disease that is characterized by inflammation and altered lung interstitium compromising pulmonary function and often has_symptom shortness of breath, dyspnea, and/or cough."
intestinal disease,"['BMPR1A', 'NOD2', 'SLC10A2']",MESH:D007410,DOID:5295,A gastrointestinal system disease that is located_in the intestine.
intrahepatic cholangiocarcinoma,"['LRP1B', 'IDH2']",MESH:D018281,DOID:4928,A cholangiocarcinoma that arises from the intrahepatic bile duct epithelium in any site of the intrahepatic biliary tree.
intrahepatic cholestasis,"['ABCB11', 'ATP8B1', 'HSD3B7', 'ABCB4']",MESH:D002780,DOID:1852,A cholestasis characterized by impairment of the bile flow caused by obstruction located_in liver.
invasive ductal carcinoma,"['UBR5', 'NEFL', 'AKT1', 'ABCB1', 'XRCC1', 'FHIT', 'ADAM28', 'DLG1', 'CDKN2A', 'CSNK1E', 'RUNX3']",MESH:D018270,DOID:3008,A breast ductal carcinoma that is characterized by infiltration into the fibrous or fatty tissue of the breast outside of the duct where it originated.
invasive lobular carcinoma,"['CDH1', 'CCND2', 'CCND1', 'CD44']",MESH:D018275,DOID:3457,A breast lobular carcinoma that is characterized by infiltration into the tissue of the breast outside of the lobule where it originated.
irritable bowel syndrome,"['RNF43', 'HTR3A']",MESH:D043183,DOID:9778,"An intestinal disease that is characterized by chronic abdominal pain, discomfort, bloating, and alteration of bowel habits in the absence of any detectable organic cause."
ischemia,"['MTHFR', 'CCL2']",MESH:D007511,DOID:326,A vascular disease that is characterized by a restriction in blood supply to tissues.
ischemic colitis,['SERPINE1'],MESH:D017091,DOID:0060181,A colitis caused_by inadequate blood supply to the colon.
ischiocoxopodopatellar syndrome,[],MESH:C535540,DOID:0111382,A dysostosis characterized by hypoplasia or aplasia of the patellas and various anomalies of the pelvis and feet that has_material_basis_in heterozygous mutation in the TBX4 gene on chromosome 17q23.2.
islet cell tumor,['DAXX'],MESH:D007516,DOID:1799,A pancreatic cancer that is located_in the pancreatic islet cells.
isolated cryptophthalmia,['FREM2'],MESH:C565138,DOID:0111717,A cryptophthalmia characterized by absence of the eyelids with skin covering the eye and often an underlying malformed eye.
isolated growth hormone deficiency,"['GH1', 'GHRHR', 'GHR']",MESH:D004393,DOID:0060870,"A hypopituitarism characterized by abnormally low levels, absence or impaired function of growth hormone in the absence of abnormalities in other pituitary hormones."
isolated growth hormone deficiency type II,['GH1'],MESH:C562704,DOID:0060872,An isolated growth hormone deficiency characterized by autosomal dominant inheritance of low but detectable levels of GH1 resulting in variable degrees of dwarfism which are responsive to growth hormone therapy that has_material_basis_in dominant negative mutations in the GH1 gene on chromosome 17q23.3.
isolated sulfite oxidase deficiency,['SUOX'],MESH:C538141,DOID:0111270,"An inherited metabolic disorder characterized by increased sulfite in the urine with markedly decreased inorganic sulfate excretion and resulting in variable phenotypes ranging from severe early onset disease to late-onset, milder disease that has_material_basis_in homozygous or compound heterozygous mutation in SUOX on 12q13.2."
isovaleric acidemia,['IVD'],MESH:C538167,DOID:14753,An organic acidemia that disrupts or prevents normal metabolism of the branched-chain amino acid leucine.
junctional epidermolysis bullosa,"['LAMB3', 'COL17A1', 'LAMC2', 'LAMA3', 'ITGA6', 'ITGA3', 'ITGB4']",MESH:D016109,DOID:3209,"An epidermolysis bullosa that is characterized by recurrent blistering located in the lamina lucida of the basement membrane secondary to minor trauma, which can cause limited wounds, dehydration, electrolyte abnormalities, severe infection, among other issues, and has_material_basis_in mutation in genes related to laminin 332, which strengthens the skin."
juvenile myelomonocytic leukemia,"['JAK3', 'AKAP12', 'CSF2', 'NF1', 'PTPN11', 'CBL']",MESH:D054429,DOID:0050458,A myelodysplastic/myeloproliferative neoplasm that is characterized by the uncontrolled growth of monocytes.
juvenile myoclonic epilepsy,"['EFHC1', 'BRD2']",MESH:D020190,DOID:4890,"A adolescence-adult electroclinical syndrome that is characterized by brief, involuntary twitching of a muscle or a group of muscles (myoclonus) early in the morning with onset between 12 and 18 years."
juvenile polyposis syndrome,"['SMAD4', 'BMPR1A']",MESH:C537702,DOID:0050787,"A gastrointestinal system disease that is characterized by predisposition to hamartomatous benign polyps in the gastrointestinal tract, specifically in the stomach, small intestine, colon, and rectum."
juvenile spinal muscular atrophy,"['SMN2', 'SMN1']",MESH:D014897,DOID:12376,A childhood spinal muscular atrophy that has age of onset after 18 months and is characterized by muscle weakness after early childhood and the ability to stand and walk and that has_material_basis_in homozygous or compound heterozygous mutation in the SMN1 gene on chromosome 5q13.
keratitis,"['TLR4', 'IL6']",MESH:D007634,DOID:4677,A corneal disease that is characterized by inflammation of the cornea.
keratoconus,"['VSX1', 'IL1B', 'HGF', 'IL1A', 'IL1RN']",MESH:D007640,DOID:10126,"A corneal disease characterized by structural changes within the cornea causing it to thin and change, leading to a protruding conical shape."
keratosis,"['CAT', 'MPO', 'GSTM1']",MESH:D007642,DOID:161,A skin disease characterized_by growth of keratin on the skin or mucous membranes.
keratosis palmoplantaris striata 1,[],MESH:C536162,DOID:0081108,A keratosis palmoplantaris striata that is characterized by hyperkeratotic lesions that are restricted to the pressure regions extending longitudinally in the length of each finger to the palm and that has_material_basis_in heterozygous mutation in the DSG1 gene on chromosome 18q12.
keratosis palmoplantaris striata 2,['DSP'],MESH:C565102,DOID:0081109,"A keratosis palmoplantaris striata that is characterized by linear hyperkeratosis of the palms, which is particularly evident in affected individuals who perform manual labor and that has_material_basis_in heterozygous mutation in the DSP gene on chromosome 6p24."
keratosis palmoplantaris striata 3,['KRT1'],MESH:C536163,DOID:0081110,A keratosis palmoplantaris striata that has_material_basis_in heterozygous mutation in the keratin-1 gene (KRT1) on chromosome 12q13.
kidney cancer,['FGF9'],MESH:D007680,DOID:263,A urinary system cancer that is located_in the kidney.
kidney disease,"['HNF1B', 'LIPC', 'CEP290', 'ALOX5AP', 'VPS33B', 'CTLA4']",MESH:D007674,DOID:557,A urinary system disease that is located_in the kidney.
kidney failure,"['GFER', 'DRD1', 'MTHFR', 'ERCC1']",MESH:D051437,DOID:1074,A kidney disease characterized by the failure of the kidneys to adequately filter waste products from the blood.
lactic acidosis,['PYGL'],MESH:D000140,DOID:3650,A metabolic acidosis characterized by buildup of lactate.
language disorder,['FOXP2'],MESH:D007806,DOID:93,A communication disorder that involves the processing of linguistic information.
large cell carcinoma,"['MET', 'STRAP']",MESH:D018287,DOID:4552,"A carcinoma that is composed of large, monotonous rounded or overtly polygonal-shaped cells with abundant cytoplasm."
large congenital melanocytic nevus,['NRAS'],MESH:C536819,DOID:0111359,A skin disease characterized by the presence at birth of a pigmented skin lesion composed of melanocytes of more than 20 cm in projected adult diameter that has_material_basis_in somatic mutation in the NRAS gene on chromosome 11p15.5.
laryngeal squamous cell carcinoma,"['NAT2', 'GPX1']",MESH:D000077195,DOID:2876,A laryngeal carcinoma that has_material_basis_in squamous cells.
larynx cancer,"['ERCC5', 'NOD2', 'GSTM3', 'GSTM1', 'GPX1', 'ERCC6']",MESH:D007822,DOID:2596,A respiratory system cancer that is located_in the larynx.
late-onset retinal degeneration,['C1QTNF5'],MESH:C565309,DOID:0060869,"A retinal degeneration characterized by autosomal dominant inheritance of night blindness and drusen deposits, progressing to severe central and peripheral degeneration, with choroidal neovascularization and chorioretinal atrophy with onset in the fifth to sixth decade of life that has_material_basis_in heterozygous mutation in the C1QTNF5 gene on chromosome 11q23."
latent autoimmune diabetes in adults,['CTLA4'],MESH:D000071698,DOID:0080846,"A type 1 diabetes mellitus that is characterized by a less intensive autoimmune process, highly variable β-cell destruction, different degrees of insulin resistance and heterogeneous titre and pattern of islet autoantibody, sharing features with both type 1 and type 2 diabetes mellitus."
lateral meningocele syndrome,['NOTCH3'],MESH:C537878,DOID:0111343,"A syndrome characterized by facial anomalies, hyperextensibility, hypotonia, and meningocele-related neurologic dysfunction that has_material_basis_in heterozygous mutation in the NOTCH3 gene on chromosome 19p13.12."
learning disability,"['MEIS2', 'IL1RN', 'IKBKG']",MESH:D007859,DOID:8927,"A specific developmental disorder that involves difficulty in scholastic skills such as reading, writing, spelling, reasoning, recalling and/or organizing information resulting from the brain's inability to receive and process information."
leiomyoma,"['COMT', 'XRCC1', 'AR', 'HMGA2', 'KAT6B', 'PTK2']",MESH:D007889,DOID:127,A cell type benign neoplasm that is a benign tumor of smooth muscle cells.
leiomyosarcoma,['MED12'],MESH:D007890,DOID:1967,"A smooth muscle cancer that can arise almost anywhere in the body, but is most common in the uterus, abdomen, or pelvis."
lepromatous leprosy,"['HLA-DQA1', 'MBL2']",MESH:D015440,DOID:10887,"A leprosy that results in early cutaneous lesions which consist of pale macules that are small, diffuse, and symmetric. This form of leprosy is characterized by hypoesthesia over extensor surfaces of the distal extremities, alopecia affecting lateral aspects of the eyebrows, saddle-nose deformity and oral lepromas."
leprosy,"['CXCL8', 'HLA-DRB1', 'NOD2', 'LTA', 'TLR1', 'TLR2', 'SLC11A1']",MESH:D007918,DOID:1024,"A primary bacterial infectious disease that results_in infection located_in superficial peripheral nerves, located_in skin, located_in mucous membranes of the upper respiratory tract, located_in anterior chamber of the eyes, or located_in testes, has_material_basis_in Mycobacterium leprae, which is transmitted_by aerosol spread from infected nasal secretions to exposed nasal and oral mucosa. The infection has_symptom skin lesions, has_symptom sensory loss, has_symptom motor loss and has_symptom eye damage."
lethal congenital contracture syndrome 1,['GLE1'],MESH:C537194,DOID:0060559,A lethal congenital contracture syndrome that has_material_basis_in homozygous or compound heterozygous mutation in the mRNA export mediator the GLE1 gene on chromosome 9q34.
lethal congenital contracture syndrome 2,['ERBB3'],MESH:C564369,DOID:0060560,A lethal congenital contracture syndrome that can be that has_material_basis_in homozygous mutation in the ERBB3 gene on chromosome 12q13.
leukemia,"['NQO1', 'NAT2', 'ETV6', 'PDGFRA', 'JAK2', 'AKR1C3', 'CDKN2A', 'BCR', 'ABO', 'ACE', 'GPX1', 'FADD']",MESH:D007938,DOID:1240,A cancer that affects the blood or bone marrow characterized by an abnormal proliferation of blood cells.
leukocyte adhesion deficiency,['ITGB2'],MESH:D018370,DOID:6612,A combined T cell and B cell immunodeficiency that is characterized by defects affecting how white blood cells respond and travel to the site of a wound or infection affecting the immune system.
leukopenia,"['GSTT1', 'TPMT', 'CXCR4', 'GSTM1']",MESH:D007970,DOID:615,"A leukocyte disorder that is characterized by a decrease in the number of white blood cells (leukocytes) found in the blood, which places individuals at increased risk of infection."
limb-girdle muscular dystrophy,['FKRP'],MESH:D049288,DOID:11724,A muscular dystrophy that is characterized by weakening of the muscles of the hip and shoulders which comprise the limb girdle muscles.
linear skin defects with multiple congenital anomalies 1,['HCCS'],MESH:C537466,DOID:0111808,A syndromic microphthalmia characterized by unilateral or bilateral microphthalmia and linear skin defects on the face and neck in females and in utero lethality in males that has_material_basis_in heterozygous or hemizygous mutation in the HCCS gene on chromosome Xp22.2.
lipid metabolism disorder,"['CPT1A', 'DHCR24', 'MVK', 'PPARA', 'CPT2']",MESH:D008052,DOID:3146,An inherited metabolic disorder that involves the creation and degradation of lipids.
lipoatrophic diabetes mellitus,['LMNA'],MESH:D003923,DOID:11712,A type 2 diabetes mellitus that is characterized by severe insulin resistance and lipodystrophy.
lipodystrophy,"['AGPAT2', 'PPARG', 'BSCL2', 'LMNA']",MESH:D008060,DOID:811,"A connective tissue disease that is characterized by marked reduction, absence, and/or the redistribution of adipose tissue."
lipoma,['HMGA2'],MESH:D008067,DOID:3315,A cell type benign neoplasm that is composed of lipocytes.
liposarcoma,['FUS'],MESH:D008080,DOID:3382,A connective tissue cancer that arises in fat cells in deep soft tissue retroperitoneum and the extremities.
lissencephaly,"['POMGNT1', 'TUBA1A', 'POMT2', 'POMT1', 'PAFAH1B1']",MESH:D054082,DOID:0050453,A congenital nervous system abnormality characterized by the absence of folds in the cerebral cortex and caused_by defective neuronal migration during the 12th to 24th weeks of gestation.
lissencephaly 3,['TUBA1A'],MESH:C566908,DOID:0112232,"A lissencephaly characterized by brain malformations, microcephaly, developmental delay and epilepsy that has_material_basis_in heterozygous mutation in the TUBA1A gene on chromosome 12q13.12."
listeriosis,['IL1RN'],MESH:D008088,DOID:11573,"A primary bacterial infectious disease that results_in infection, has_material_basis_in Listeria monocytogenes, which is transmitted_by ingestion of contaminated food or raw milk or transmitted_by congenital method. Ingestion of Listeria by pregnant women has_symptom nausea, has_symptom vomiting, has_symptom diarrhea, has_symptom fever, has_symptom malaise, has_symptom back pain, and has_symptom headache. Maternal infection with Listeria can result in chorioamnionitis, premature labor, spontaneous abortion, or stillbirth."
liver cancer,"['IKBKB', 'CHUK', 'JAK2', 'CCND2', 'IKBKG']",MESH:D008113,DOID:3571,A hepatobiliary system cancer that is located_in the liver.
long QT syndrome,"['SCN5A', 'ANK2', 'KCNE1', 'SNTA1', 'KCNQ1', 'KCNH2', 'KCNE2']",MESH:D008133,DOID:2843,"An autosomal genetic disease that is characterized by delayed repolarization of the heart following a heartbeat increases the risk of episodes of torsade de pointes (TDP, a form of irregular heartbeat that originates from the ventricles)."
long QT syndrome 10,['SCN4B'],MESH:C567514,DOID:0110651,A long QT syndrome that has_material_basis_in dominant inheritance of mutation in the SCN4B gene on chromosome 11q23.3.
long QT syndrome 11,['AKAP9'],MESH:C567513,DOID:0110652,A long QT syndrome that has_material_basis_in dominant inheritance of mutation in the AKAP9 gene on chromosome 7q21.2.
long QT syndrome 12,['SNTA1'],MESH:C567842,DOID:0110653,A long QT syndrome that has_material_basis_in dominant inheritance of mutation in the SNTA1 gene on chromosome 20q11.21.
long QT syndrome 2,"['ALG10B', 'KCNH2']",MESH:C563614,DOID:0110645,A long QT syndrome that has_material_basis_in dominant inheritance of mutation in the KCNH2 gene on chromosome 7q36.1.
long QT syndrome 3,['SCN5A'],MESH:C565840,DOID:0110646,A long QT syndrome that has_material_basis_in dominant inheritance of mutation in the SCN5A gene on chromosome 3p22.2.
long QT syndrome 5,['KCNE1'],MESH:C566766,DOID:0110647,A long QT syndrome that has_material_basis_in dominant inheritance of mutation in the KCNE1 gene on chromosome 21q22.12.
long QT syndrome 6,['KCNE2'],MESH:C566333,DOID:0110648,A long QT interval syndrome that has_material_basis_in dominant inheritance of mutation in the KCNE2 gene on chromosome 21q22.11.
long QT syndrome 9,['CAV3'],MESH:C567515,DOID:0110650,A long QT syndrome that has_material_basis_in mutation of the CAV3 gene on chromosome 3p25.3.
low tension glaucoma,"['TP53', 'TLR4', 'ADRB1', 'MYOC', 'OPTN', 'CAV2']",MESH:D057066,DOID:13544,"An open-angle glaucoma characterized by increased intrinsic resistance to aqueous outflow without known secondary causes, an anatomically narrow anterior chamber angle, or elevated intraocular pressure compared to the average population. Normal tension glaucoma has_symptom progressive decreased vision and progressive loss of peripheral vision."
lung adenocarcinoma,"['MAP4K4', 'UBR5', 'KMT2C', 'RBM10', 'DNMT3B', 'AXIN2', 'EGF', 'RNF43', 'MSH2', 'IQSEC1', 'XRCC1', 'CALR', 'CYP24A1', 'CLPTM1L', 'CHD4', 'ESCO2', 'ERBB4', 'CCND1', 'ZFHX3', 'SETD2', 'ERBB3', 'PRDM1', 'LECT2', 'LRP1B', 'PTPN13', 'JAK2', 'ADAM28', 'MAP2K7', 'ERBB2', 'CHRNA5', 'SPOP', 'PTPRJ', 'PTCH1', 'RARB', 'HTRA1', 'CCND2', 'FES', 'ALX4', 'MCL1', 'TERT', 'FGFR4']",MESH:D000077192,DOID:3910,A lung non-small cell carcinoma that derives_from epithelial cells of glandular origin.
lung disease,"['NAT2', 'DEFB1', 'SFTPA1', 'MPO', 'TLR2', 'TGFB1', 'GSTP1', 'EDNRA', 'CSF3', 'GSTM1', 'SFTPD', 'IL1B', 'CAT', 'IL18', 'MIF', 'NQO1', 'NR3C1', 'GSTT1', 'HLA-DPB1', 'MEFV']",MESH:D008171,DOID:850,"A lower respiratory tract disease in which the function of the lungs is adversely affected by narrowing or blockage of the airways resulting in poor air flow, a loss of elasticity in the lungs that produces a decrease in the total volume of air that the lungs are able to hold, and clotting, scarring, or inflammation of the blood vessels that affect the ability of the lungs to take up oxygen and to release carbon dioxide."
lung non-small cell carcinoma,"['FAT1', 'BIRC3', 'ERCC3', 'SMARCA4', 'CASP9', 'CDKN2B', 'FH', 'ERBB3', 'PRDM14', 'PBRM1', 'PTPRB', 'RAD52', 'LTF', 'LRP1B', 'CHRNA7', 'JAK2', 'BAD', 'ADAM28', 'MAP2K7', 'JAK1', 'ARID1A', 'ERCC5', 'HDAC3', 'CASP3', 'FHIT', 'SLC3A2', 'FRZB', 'NRP1', 'MCL1', 'IDH2', 'CSF1R', 'TET2', 'MSH3', 'ACVR1B', 'FOXL2', 'KMT2C', 'KDM2A', 'RUNX2', 'CBLB', 'IL7R', 'MSH2', 'KMT2D', 'CLPTM1L', 'GSTP1', 'MAP3K1', 'ZFHX3', 'IL1RN', 'CCND1', 'XPO5', 'E2F1', 'IL1B', 'CDH13', 'RASSF1', 'PLAU', 'CBL', 'GPX1', 'TYMP', 'ABCB1', 'MAP2K4', 'SDHC', 'FBXO11', 'RELA', 'RAD21', 'UGT1A1', 'EGF', 'PRKCB', 'CMPK1', 'CYP24A1', 'NFKB1', 'SFTPD', 'SPP1', 'NSD2', 'CDK6', 'RUNX3', 'ABCC2', 'BAG6', 'IRF1', 'CA12', 'PLCG1', 'CHRNA5', 'NQO1', 'DDR1', 'BRCA1', 'RARB', 'SDHA', 'KDR', 'TERT', 'ERCC6', 'ARID1B', 'MANF', 'POLE', 'NAT1', 'WRAP53', 'XPO1', 'EPAS1', 'CDK4', 'KDM6A', 'TNFRSF1A', 'XRCC1', 'NCOA2', 'IL1A', 'MYD88', 'PTGS2', 'RXRG', 'CA9', 'DNMT1', 'FGFR1', 'ERCC1', 'ESR1', 'HIF1A', 'PAOX', 'TP73', 'CASP7', 'E2F3', 'FGFR4', 'MSH5', 'CYCS']",MESH:D002289,DOID:3908,A lung carcinoma that is characterized as any type of epithelial lung cancer other than small cell lung carcinoma.
lung small cell carcinoma,"['RICTOR', 'ACVR1B', 'FAT1', 'DNMT3B', 'AXIN2', 'ATRX', 'KDM6A', 'KMT2D', 'LAMA3', 'LAMC2', 'CYP24A1', 'CCND1', 'E2F1', 'XPO5', 'PBRM1', 'RAD52', 'LAMB3', 'BCL2', 'PIK3R1', 'MAX', 'TP73', 'RARB', 'PTK2', 'MTHFR', 'CHRNA9']",MESH:D055752,DOID:5409,A lung carcinoma that has_material_basis_in primitive-appearing cells that are smaller than normal cells and is located_in the lung.
lupus nephritis,"['AGER', 'CTLA4', 'HLA-DQA1', 'MBL2', 'TLR9', 'HLA-DRB1', 'FCGR2A', 'ITGAM', 'KLKB1', 'CCL2', 'MPO', 'TNFRSF1B', 'CD40LG', 'PDCD1', 'IFNG', 'SNRPE']",MESH:D008181,DOID:0080162,A glomerulonephritis that is characterized by inflammation of the kidneys resulting from systemic lupus erythematosus.
lymphedema-distichiasis syndrome,[],MESH:C537710,DOID:0111509,A syndrome characterized by lymphedema of the limbs and double rows of eyelashes that has_material_basis_in heterozygous mutation in the FOXC2 gene on chromosome 16q24.1.
lymphoid leukemia,"['BCL2L1', 'ETV6', 'GSTT1', 'GSTP1', 'FCGR2B', 'GSTM1', 'FCGR2A']",MESH:D007945,DOID:1037,A leukemia that has_material_basis_in a B-cell or T-cell lineage involving primarily the bone marrow and the peripheral blood.
lymphoma,"['PAFAH1B2', 'MALT1', 'MAD1L1', 'CHD4', 'RELA', 'PSMB9']",MESH:D008223,DOID:0060058,A hematologic cancer that affects lymphocytes that reside in the lymphatic system and in blood-forming organs.
lymphopenia,"['IL2RA', 'FCGR3A', 'FCGR2A']",MESH:D008231,DOID:614,A leukopenia that is the condition of having an abnormally low level of lymphocytes in the blood.
lymphoplasmacytic lymphoma,"['IL6', 'FCGR3A', 'IL10', 'MYD88', 'CXCR4']",MESH:D008258,DOID:0060901,"A B-cell lymphoma characterized by the accumulation of monoclonal cells in the bone marrow and peripheral lymphoid tissues, and associated with the production of serum immunoglobulin M (IgM) monoclonal protein."
lysinuric protein intolerance,['SLC7A7'],MESH:C562687,DOID:0060439,"An amino acid metabolic disorder characterized by the body's inability to effectively break down lysine, arginine and ornithine and by renal hyperdiaminoaciduria, especially lysinuria, and by impaired formation of urea with hyperammonemia after protein ingestion. It has_material_basis_in homozygous or compound heterozygous mutation in the amino acid transporter gene SLC7A7 on chromosome 14q11."
lysosomal storage disease,"['CTSA', 'AGA']",MESH:D016464,DOID:3211,An inherited metabolic disorder that involve an abnormal accumulation of substances inside the lysosome resulting from defects in lysosomal function.
macrocephaly-autism syndrome,[],MESH:C565342,DOID:0060867,"A syndrome characterized by macrocephaly, facial phenotypes including square outline with frontal bossing, 'dished-out' midface, biparietal narrowing, and long philtrum, developmental delay and autism that has_material_basis_in heterozygous mutation in the PTEN gene on chromosome 10q23."
macular corneal dystrophy,['CHST6'],MESH:D003317,DOID:2565,"A corneal dystrophy that is characterized by corneal haze, bilateral loss of vision, eventually necessitating corneal transplantation resulting from progressive punctate opacities in the cornea."
macular degeneration,"['SERPING1', 'C2', 'ABCA4', 'TLR4', 'GSR', 'PRPH2', 'CFI', 'GSTM1', 'CACNG3', 'IL17A', 'PON1', 'ADIPOR1', 'ESR1', 'NQO1', 'PPARGC1A', 'NFE2L2', 'MMP2', 'CFB', 'KDR', 'BEST1', 'C3', 'CX3CR1']",MESH:D008268,DOID:4448,A retinal degeneration characterized by gradual deterioration of light-sensing cells in the tissues at the back of the eye and has_symptom vision loss.
malaria,"['ICAM1', 'TREM1', 'PKLR', 'GYPB', 'CD36', 'CR1', 'GYPA', 'KIR3DL1', 'NOS2', 'TIRAP', 'NCR3', 'KIR3DS1', 'FCGR2A', 'SLC19A1', 'CBS', 'ABCB1', 'GYPC', 'HBB', 'FCGR2B', 'ACKR1', 'CISH', 'G6PD']",MESH:D008288,DOID:12365,"A parasitic protozoa infectious disease characterized as a vector-borne infectious disease caused by the presence of protozoan parasites of the genus Plasmodium in the red blood cells, transmitted from an infected to an uninfected individual by the bite of anopheline mosquitoes, and characterized by periodic attacks of chills and fever that coincide with mass destruction of blood cells and the release of toxic substances by the parasite at the end of each reproductive cycle."
male breast cancer,['CHEK2'],MESH:D018567,DOID:1614,A breast cancer that occurs in males.
malignant astrocytoma,"['GSTP1', 'GSTM1', 'CADM2']",MESH:D001254,DOID:3069,"A malignant glioma that is has_material_basis_in astrocyte cells, a type of star-shaped glial cell, located in the brain and spinal cord."
malignant hyperthermia,"['RYR1', 'CACNA1S', 'CACNG1']",MESH:D008305,DOID:8545,"A muscle tissue disease that is characterized by a drastic and uncontrolled increase in skeletal muscle oxidative metabolism, which overwhelms the body's capacity to supply oxygen, remove carbon dioxide, and regulate body temperature and that has_material_basis_in heterozygous mutation in the ryanodine receptor gene (RYR1) on chromosome 19q13. Manifestations of malignant hyperthermia (MH) are precipitated by certain volatile anesthetics (i.e., halothane, isoflurane, sevoflurane, desflurane, enflurane), either alone or in conjunction with a depolarizing muscle relaxant (specifically, succinylcholine)."
malignant mesothelioma,"['NAT2', 'ACVR1B', 'XRCC1', 'BCL10', 'SETD2', 'GSTM1', 'WT1']",MESH:D000086002,DOID:1790,A cell type cancer that has_material_basis_in mesothelial tissue that develops from the thin layer of tissue that covers many of the internal organs.
malignant pleural mesothelioma,"['NF2', 'SETD2', 'SMO', 'CHRNA7']",MESH:D000086002,DOID:7474,A pleural cancer that has_material_basis_in mesothelium cells.
mantle cell lymphoma,"['BTK', 'CCDC50', 'CD79B', 'TNFRSF10A']",MESH:D020522,DOID:0050746,A B-cell lymphocytic neoplasm due to CD5 positive antigen-naive pregerminal center B-cell within the mantle zone that surrounds normal germinal center follicles.
maple syrup urine disease,"['PPM1K', 'DLD', 'DBT', 'BCKDHA', 'BCKDHB']",MESH:D008375,DOID:9269,"An organic acidemia that is caused by a deficiency of decarboxylase leading to high concentrations of valine, leucine, isoleucine, and alloisoleucine in the blood, urine, and cerebrospinal fluid and characterized by an odor of maple syrup to the urine, vomiting, hypertonicity, severe mental retardation, seizures, and eventually death unless the condition is treated with dietary measures."
marginal zone lymphoma,['HLA-DQA1'],MESH:D018442,DOID:0050748,A B-cell lymphoma arising from the marginal zone of lymphoid tissues that is characterized by the presence of small to medium sized atypical lymphocytes.
maturity-onset diabetes of the young type 4,['PDX1'],MESH:C563451,DOID:0111103,A maturity-onset diabetes of the young that has_material_basis_in mutation in the PDX1 gene on chromosome 13q12.2.
medium chain acyl-CoA dehydrogenase deficiency,['ACADM'],MESH:C536038,DOID:0080153,"A lipid metabolism disorder that is characterized by a deficiency of the enzyme medium chain acyl-CoA dehydrogenase that results in the inability to convert medium chain fatty acids to energy, particularly during fasting."
medulloblastoma,"['TSC2', 'GSTT1', 'CTNNB1', 'GPR161', 'GSTM1', 'ELP1', 'SUFU', 'APC', 'BRCA2']",MESH:D008527,DOID:0050902,An infratentorial cancer that is located_in the lower part of the brain and is a type of primitive neuroectodermal tumor.
megacystis-microcolon-intestinal hypoperistalsis syndrome,"['ACTG2', 'MYL9', 'LMOD1', 'MYH11', 'MYLK']",MESH:C536138,DOID:0060610,A syndrome that is characterized by marked dilatation of the bladder and microcolon and decreased intestinal peristalsis.
megalencephalic leukoencephalopathy with subcortical cysts,"['AQP4', 'GPRC5B']",MESH:C536141,DOID:0080315,"A leukodystorphy characterized by infantile-onset macrocephaly, often with mild neurologic signs at presentation (such as mild motor delay), which worse with time, leading to poor ambulation, falls, ataxia, spasticity, increasing seizures and cognitive decline."
megalencephalic leukoencephalopathy with subcortical cysts 1,['MLC1'],MESH:C536141,DOID:0080316,"A megalencephalic leukoencephalopathy with subcortical cysts characterized by early-onset macrocephaly and delayed-onset neurologic deterioration, including cerebellar ataxia, spasticity, epilepsy, and mild cognitive decline, that has_material_basis_in homozygous or compound heterozygous mutation in the MLC1 gene on chromosome 22q13."
megaloblastic anemia,"['TCN2', 'AMN', 'SLC19A2']",MESH:D000749,DOID:13382,A macrocytic anemia that is characterized by inhibition of DNA synthesis during red blood cell production.
melanoma,"['ASS1', 'RTEL1', 'TLR4', 'VDR', 'CTLA4', 'TP53', 'NRAS', 'GSTP1', 'IL1RN', 'NFKB1', 'CD40', 'SPP1', 'RNASET2', 'AGER', 'MC1R', 'CAT', 'JUNB', 'LRP1B', 'TYR', 'BMP4', 'FAS', 'FASLG', 'HLA-DQA1', 'NAF1', 'ERCC5', 'NFKBIA', 'CDKN2A', 'TERT', 'BRCA2']",MESH:D008545,DOID:1909,"A cell type cancer that has_material_basis_in abnormally proliferating cells derives_from melanocytes which are found in skin, the bowel and the eye."
melanoma and neural system tumor syndrome,['CDKN2A'],MESH:C536149,DOID:0111511,A syndrome characterized by predisposition to cutaneous melanoma and neural tumor (typically astrocytomas) development that has_material_basis_in heterozygous mutation in the CDKN2A gene on chromosome 9p21.3.
melioidosis,['TLR5'],MESH:D008554,DOID:5052,"A primary bacterial infectious disease that results_in infection, has_material_basis_in Burkholderia pseudomallei, which is transmitted_by contact with the contaminated water or soil. The infection has_symptom fever, has_symptom respiratory distress, has_symptom chest pain, and has_symptom stomach pain."
melorheostosis,['MAP2K1'],MESH:D008557,DOID:4253,An osteosclerosis that has_material_basis_in a mutation of the LEMD3 gene which results_in a hyperdense bony cortex.
meningioma,"['XRCC1', 'MN1', 'SMARCB1', 'GSTM3', 'NF2', 'XRCC3', 'MTRR', 'SMARCE1']",MESH:D008579,DOID:3565,A central nervous system cancer that are manifested in the central nervous system and arise from the arachnoid cap cells of the arachnoid villi in the meninges.
meningococcal meningitis,"['CD46', 'TLR2', 'NOD2', 'TLR4']",MESH:D008585,DOID:0080176,A bacterial meningitis that has_material_basis_in Neisseria meningitidis infection.
metabolic dysfunction-associated steatotic liver disease,"['IL6', 'CCR2', 'ADIPOQ', 'PPARGC1A', 'LEPR', 'ALDH2', 'IL1B', 'PNPLA3', 'ABCC2', 'SOD2', 'SAMM50', 'DGAT2', 'ADIPOR2', 'ADRB3', 'IFNL4', 'MTHFR', 'MTTP']",MESH:D065626,DOID:0080208,"A steatotic liver disease characterized by at least one of five cardiometabolic risk factors (adjusted for age, sex and ethnicity), alcohol consumption below 140g/week (female) or 210g/week (male), and no other discernible cause. The five cardiometabolic risk factors are:\n(1) Body mass index ≥ 25 kg/m2 (adult), 23 kg/m2 (adult Asian), or 85th percentile (pediatric); waist circumference > 94 cm (adult male), 80 cm (adult female), or 95th percentile (pediatric); or ethnicity adjusted equivalents.\n(2) Fasting serum glucose ≥ 5.6 mmol/L, 2-hr post-load glucose levels ≥ 7.8 mmol/L, glycated hemoglobin (HbA1c) ≥ 5.7% (39 mmol/L), type 2 diabetes, treatment for type 2 diabetes, previously diagnosed or treated type 2 diabetes (pediatric only), or serum glucose ≥ 11.1 mmol/L (pediatric only).\n(3) Blood pressure ≥ lower of 130/85 mmHg or 95th percentile (age < 13 years), or 130/85 mmHg (age ≥ 13 years); or specific hypertensive drug treatment.\n(4) Plasma triglycerides ≥ 1.15 mmol/L (age < 10 years) or 1.70 mmol/L (age ≥ 10 years); or lipid lowering treatment.\n(5) Plasma high-density lipoprotein cholesterol ≤ 1.0 mmol/L (adult male, pediatric) or 1.3 mmol/L (adult female); or lipid lowering treatment."
metachondromatosis,['PTPN11'],MESH:C562938,DOID:0111512,An osteochondrodysplasia characterized by the presence of both multiple multiple enchondromas and exostoses that has_material_basis_in heterozygous mutation in the PTPN11 gene on chromosome 12q24.13.
metachromatic leukodystrophy,"['ARSA', 'MAL']",MESH:D007966,DOID:10581,"A sphingolipidosis characterized by the accumulation of sulfatides in cells, especially the myelin producing cells of the nervous system."
metal metabolism disorder,['TRPM6'],MESH:D008664,DOID:896,An inherited metabolic disorder that involves metabolic disturbances in the processing or distribution of dietary minerals.
metatropic dysplasia,['TRPV4'],MESH:C537356,DOID:0111514,"A spondyloepimetaphyseal dysplasia characterized by short limbs with limitation and enlargement of joints, usually severe and progressive kyphoscoliosis, severe platyspondyly, and severe metaphyseal enlargement that has_material_basis_in heterozygous mutation in the TRPV4 gene on chromosome 12q24.11."
methylmalonic aciduria due to methylmalonyl-CoA mutase deficiency,['MMUT'],MESH:C565390,DOID:0060740,A methylmalonic acidemia characterized by accumulation of methylmalonic acid in the blood that is unresponsive to vitamn B12 therapy and that has_material_basis_in mutation in the MUT gene on chromosome 6p12.3.
mevalonic aciduria,['MVK'],MESH:D054078,DOID:0050452,"A peroxisomal disease that is characterized by cortical atrophy, microcephaly, dysmorphic facies, muscular hypotonia and intellectual disability and has_material_basis_in mutation in the MVK gene that results in deficiency of mevalonate kinase and impaired cholesterol. biosynthesis."
microcephalic osteodysplastic primordial dwarfism type I,[],MESH:C537577,DOID:0060608,"A microcephalic osteodysplastic primordial dwarfism that is characterized by dwarfism, microcephaly, mental retardation, brain malformations, and ocular, auditory sensory deficits and that has_material_basis_in homozygous or compound heterozygous mutation in the RNU4ATAC gene, encoding a small nuclear RNA component of the U12-dependent spliceosome, on chromosome 2q14.2."
microcephalic osteodysplastic primordial dwarfism type II,['PCNT'],MESH:C565898,DOID:0060609,"A microcephalic osteodysplastic primordial dwarfism that has_material_basis_in homozygous or compound heterozygous mutation in the PCNT gene, encoding pericentrin, on chromosome 21q22. It is characterized by intrauterine growth retardation, severe proportionate short stature, and microcephaly."
microcephaly,"['EFTUD2', 'IGF1', 'TUBA1A', 'ASPM', 'SLC25A19', 'MCPH1', 'NSD1', 'CDK5RAP2']",MESH:D008831,DOID:10907,A congenital nervous system abnormality that is characterized by a significantly smaller than normal head in infants.
"microcephaly with or without chorioretinopathy, lymphedema, or mental retardation",['KIF11'],MESH:C537711,DOID:0060349,"A syndrome characterized by variable expression of microcephaly, ocular disorders including chorioretinopathy, congenital lymphedema of the lower limbs, and mild to moderate intellectual disability."
microphthalmia,"['HCCS', 'PAX6', 'MFRP', 'LRP5']",MESH:D008850,DOID:10629,An eye disease where one or both eyeballs are abnormally small.
microvillus inclusion disease,['MYO5B'],MESH:C537470,DOID:0060775,"A congenital diarrhea characterized by onset of intractable life-threatening watery diarrhea during infancy, lack of microvilli on the surface of enterocytes and occurrence of intracellular vacuolar structures containing microvilli that has_material_basis_in homozygous or compound heterozygous mutation in the MYO5B gene on chromosome 18q21."
middle lobe syndrome,['SALL1'],MESH:D008878,DOID:2810,"A lung disease that is defined as a recurrent or chronic collapse of the right middle lobe, right upper lobe or lingula of the lung. It is caused by endobronchial tumour, granulomatous infections, lymphadenopathy, foreign bodies, endobronchial silicotic nodules, inspissated mucus associated with cystic fibrosis or inflammation as a result of an infection."
migraine,"['NOS3', 'EDNRA', 'KCNK18', 'PHACTR1', 'TRPV1', 'CACNA1A', 'CALCA', 'ESR1', 'MTHFR']",MESH:D008881,DOID:6364,"A brain disease that is characterized by moderate to severe headaches, nausea, extreme sensitivity to light and sound and intense unilaterial throbbing or pulsing."
migraine with aura,"['DBH', 'ATP1A2', 'DRD2', 'CACNA1A', 'TRPV3', 'MTHFR']",MESH:D020325,DOID:10024,A migraine characterized by migraine headache which is preceded or accompanied by a transient focal neurological phenomenon.
migraine without aura,['LDLR'],MESH:D020326,DOID:12783,A migraine that is characterized by migraine headaches that are not accompanied by an aura.
milk allergy,['IL13'],MESH:D016269,DOID:4376,"A food allergy that results in adverse immune reaction to one or more of the proteins in cow's milk and/or the milk of other animals, which are normally harmless to the non-allergic individual."
mitochondrial DNA depletion syndrome 1,['TYMP'],MESH:C536350,DOID:0080119,"A mitochondrial DNA depletion syndrome that is characterized by onset between the second and fifth decades of life of ptosis, progressive external ophthalmoplegia, gastrointestinal dysmotility, cachexia, diffuse leukoencephalopathy, peripheral neuropathy, and mitochondrial dysfunction, and has_material_basis_in autosomal recessive inheritance of homozygous or compound heterozygous mutation in the nuclear-encoded thymidine phosphorylase gene on chromosome 22q13."
mitochondrial DNA depletion syndrome 2,['TK2'],MESH:C563698,DOID:0080120,"A mitochondrial DNA depletion syndrome that is characterized by childhood onset of muscle weakness associated with depletion of mtDNA in skeletal muscle, and has_material_basis_in autosomal recessive inheritance of homozygous or compound heterozygous mutation in the mitochondrial thymidine kinase gene on chromosome 16q21."
mitochondrial DNA depletion syndrome 3,['DGUOK'],MESH:C580039,DOID:0080121,"A mitochondrial DNA depletion syndrome that is characterized by onset in infancy of progressive liver failure and neurologic abnormalities, hypoglycemia, and increased lactate in body fluids, and has_material_basis_in autosomal recessive inheritance of homozygous or compound heterozygous mutation in the deoxyguanosine kinase gene on chromosome 2p13."
mitochondrial DNA depletion syndrome 5,['SUCLA2'],MESH:C567624,DOID:0080124,"A mitochondrial DNA depletion syndrome that is characterized by infantile onset of hypotonia, progressive neurologic deterioration, a hyperkinetic-dystonic movement disorder, external ophthalmoplegia, deafness, and variable renal tubular dysfunction, and has_material_basis_in autosomal recessive inheritance of homozygous or compound heterozygous mutation in the beta subunit of the succinate-CoA ligase gene on chromosome 13q14."
mitochondrial DNA depletion syndrome 6,['MPV17'],MESH:C538344,DOID:0080125,"A mitochondrial DNA depletion syndrome that is characterized by infantile onset of progressive liver failure, often leading to death in the first year of life, and has_material_basis_in autosomal recessive inheritance of homozygous or compound heterozygous mutation in the mitochondrial inner membrane protein MPV17 gene on chromosome 2p23."
mitochondrial DNA depletion syndrome 7,['TWNK'],MESH:C535523,DOID:0080126,"A mitochondrial DNA depletion syndrome that is characterized by progressive ataxia, hypotonia, hyporeflexia, athetosis and sensory impairment and has_material_basis_in autosomal recessive homozygous or compound heterozygous mutation in the C10ORF2 gene, which encodes the twinkle and twinky proteins, on chromosome 10q24."
mitochondrial DNA depletion syndrome 8a,['RRM2B'],MESH:C536350,DOID:0080127,"A mitochondrial DNA depletion syndrome that is characterized by neonatal hypotonia, lactic acidosis, and neurologic deterioration, and has_material_basis_in autosomal recessive inheritance of homozygous or compound heterozygous mutation in the ribonucleotide reductase regulatory TP53 inducible subunit M2B gene on chromosome 8q22."
mitochondrial DNA depletion syndrome 8b,['RRM2B'],MESH:C536350,DOID:0070331,"A mitochondrial DNA depletion syndrome that is characterized by ophthalmoplegia, ptosis, gastrointestinal dysmotility, cachexia, peripheral neuropathy, and brain MRI changes, known as the MNGIE phenotype, and has_material_basis_in autosomal recessive homozygous or compound heterozygous mutation in the ribonucleotide reductase M2 B gene on chromosome 8q22."
mitochondrial DNA depletion syndrome 9,['SUCLG1'],MESH:C580473,DOID:0080128,"A mitochondrial DNA depletion syndrome that is characterized by infantile onset of hypotonia, lactic acidosis, severe psychomotor retardation, progressive neurologic deterioration, and excretion of methylmalonic acid, and has_material_basis_in autosomal recessive inheritance of homozygous or compound heterozygous mutation in the alpha subunit of the succinate-CoA ligase gene on chromosome 2p11."
mitochondrial complex I deficiency,['NDUFS1'],MESH:C537475,DOID:0060536,"A mitochondrial metabolism disease characterized by a wide range of manifestations including marked and often fatal lactic acidosis, cardiomyopathy, leukoencephalopathy, pure myopathy and hepatopathy with tubulopathy. Among the numerous clinical phenotypes observed are Leigh syndrome, Leber hereditary optic neuropathy and MELAS syndrome. It can have material basis in mutations in multiple different genes, both nuclear-encoded and mitochondrial-encoded."
mitochondrial complex II deficiency,"['SDHA', 'SDHB', 'SDHD', 'SDHAF1']",MESH:C565375,DOID:0060537,"A mitochondrial metabolism disease characterized by a highly variable phenotype. Some patients have multisystem involvement of the brain, heart, muscle, liver, and kidneys resulting in death in infancy, whereas others have only isolated cardiac or muscle involvement with onset in adulthood and normal cognition. It has_material_basis_in homozygous or compound heterozygous mutation in the nuclear-encoded SDHA gene on chromosome 5p, the nuclear-encoded SDHAF1 gene on chromosome 19q, or the nuclear-encoded SDHD gene on chromosome 11q23."
mitochondrial complex III deficiency,"['UQCRFS1', 'UQCRH']",MESH:C565128,DOID:0111139,A mitochondrial metabolism disease characterized by impaired function of one or more of the proteins making up the mitochondrial respiratory chain complex III.
mitochondrial metabolism disease,"['MCCC2', 'DGUOK']",MESH:D028361,DOID:700,An inherited metabolic disorder that involves mitochondrial metabolism dysfunction.
mitochondrial myopathy,"['DNA2', 'FDX2', 'SLC25A4']",MESH:D017240,DOID:699,A myopathy that is characterized by mitochondrial dysfunction.
mitochondrial trifunctional protein deficiency,[],MESH:C566945,DOID:0111277,"A lipid metabolism disorder characterized by abnormal fatty acid oxidation resulting a wide range of clinical manifestations from servere neonatal symptoms including cardiomyopathy, hypoglycemia, metabolic acidosis, skeletal myopathy and neuropathy, liver disease and death to a more mild phenotype including peripheral polyneuropathy, episodic rhabdomyolysis and pigmentary retinopathy that has_material_basis_in homozygous or compound heterozygous mutation in either of the subunits of the mitochondrial trifunctional protein; HADHA or HADHB on 2p23.3."
mitral valve prolapse,"['DZIP1', 'FBN1', 'DCHS1', 'AGT', 'TSHR', 'FLNA', 'HLA-B', 'PLAU', 'ACE']",MESH:D008945,DOID:988,A mitral valve disease where one or both of the cusps of the mitral valve bulge or collapse backward in the left atrium during systole.
mixed connective tissue disease,"['HLA-DRB1', 'SNRPC', 'FBN1', 'SNRPB']",MESH:D008947,DOID:3492,"A collagen disease that is considered an overlap of three diseases, systemic lupus erythematosus, scleroderma, and polymyositis with very high titers of circulating antinuclear antibody to a ribonucleoprotein antigen."
molybdenum cofactor deficiency type A,[],MESH:C565372,DOID:0111164,A molybdenum cofactor deficiency that has_material_basis_in homozygous or compound heterozygous mutation in the MOCS1 gene on chromosome 6p21.
molybdenum cofactor deficiency type B,['MOCS2'],MESH:C565373,DOID:0111163,A molybdenum cofactor deficiency that has_material_basis_in homozygous or compound heterozygous mutation in the MOCS2 gene on chromosome 5q11.
molybdenum cofactor deficiency type C,['GPHN'],MESH:C565374,DOID:0111166,A molybdenum cofactor deficiency that has_material_basis_in homozygous mutation in the GPHN gene on chromosome 14q23.
monilethrix,"['KRT83', 'KRT86', 'KRT81']",MESH:D056734,DOID:0050472,"A hair disease that is characterized by short, easily broken hair that results in alopecia and has_material_basis_in mutations in genes for type II hair cortex keratins."
mood disorder,['AVPR1B'],MESH:D019964,DOID:3324,A cognitive disorder that involves a disturbance in mood as the predominant underlying feature.
morphine dependence,['COMT'],MESH:D009021,DOID:2560,An opiate dependence that involves the continued use of morphine despite despite problems related to use of the substance.
mosaic variegated aneuploidy syndrome,"['SLF2', 'MAD1L1', 'CENATAC', 'SMC5']",MESH:C536987,DOID:0080688,A syndrome that is characterized by cell mosaicism where at least one-quarter of cells have an abnormal number of chromosomes.
motor neuron disease,"['GSTT1', 'SOD1', 'HTRA2']",MESH:D016472,DOID:231,A neurodegenerative disease that is located_in the motor neurons.
motor peripheral neuropathy,['EGR2'],MESH:D015417,DOID:2477,A neuropathy that is characterized by inflammation or degeneration of the peripheral motor nerves.
movement disease,"['GSTP1', 'DRD2', 'GSTM1']",MESH:D009069,DOID:480,A brain disease that is characterized by a clinical syndrome of either hyperkinetic movement or hyperkinetic movement unrelated to weakness or spasticity.
mucinous adenocarcinoma,['MUC1'],MESH:D002288,DOID:3030,"An adenocarcinoma that derives_from epithelial cells originating in glandular tissue, which produce mucin."
mucocutaneous leishmaniasis,['LTA'],MESH:D007897,DOID:9155,"A leishmaniasis that involves a chronic inflammatory process involving the nasal, pharyngeal, and laryngeal mucosa, which can lead to extensive tissue destruction, caused by protozoan parasites belonging to the genus Leishmania. The infection is characterized by granulomatous lesion which can destroy upper respiratory tract mucosa."
mucoepidermoid carcinoma,"['CDH1', 'RAD52']",MESH:D018277,DOID:4531,"A carcinoma that is characterized by the presence of cuboidal mucous cells, goblet-like mucous cells, squamoid cells, cystic changes, and a fibrotic stromal formation."
mucolipidosis III gamma,['GNPTG'],MESH:C565367,DOID:0080678,"A mucolipidosis that has_material_basis_in mutation in the gene encoding the gamma subunit of N-acetylglucosamine-1-phosphotransferase and that is characterized by short stature, skeletal abnormalities, cardiomegaly, and developmental delay."
mucopolysaccharidosis,"['ARSK', 'HYAL1']",MESH:D009083,DOID:12798,A lysosomal storage disease that involves the accumulation of glycosaminoglycans in the tissues and their excretion in the urine.
mucopolysaccharidosis I,['IDUA'],MESH:D008059,DOID:12802,A mucopolysaccharidosis characterized by a deficiency of the lysosomal enzyme alpha-L-iduronidase.
mucopolysaccharidosis II,['IDS'],MESH:D016532,DOID:12799,A mucopolysaccharidosis characterized by a deficiency of the lysosomal enzyme iduronate sulfatase.
mucopolysaccharidosis III,"['GNS', 'NAGLU', 'COASY']",MESH:D009084,DOID:12801,A mucopolysaccharidosis characterized by a deficiency of the lysosomal enzyme resulting in incomplete breakdown of the heparan sulfate sugar chain.
mucopolysaccharidosis IV,['GLB1'],MESH:D009085,DOID:12804,A mucopolysaccharidosis characterized by a deficiency of the lysosomal enzymes galactose 6-sulfate sulfatase (Type A) or beta-galactosidase (Type B) needed to break down the keratan sulfate sugar chain.
mucopolysaccharidosis IVA,['GALNS'],MESH:D009085,DOID:0111391,"A mucopolysaccharidosis IV characterized by intracellular accumulation of keratan sulfate and chondroitin-6-sulfate resulting in short stature, skeletal dysplasia, dental anomalies, and corneal clouding that has_material_basis_in homozygous or compound heterozygous mutation in the GALNS gene on chromosome 16q24.3."
mucopolysaccharidosis Ih,['IDUA'],MESH:D008059,DOID:0111390,"A mucopolysaccharidosis I characterized by a severe phenotype that includes dysostosis multiplex, cognitive impairment, heart disease, respiratory problems, corneal clouding, hepatosplenomegaly, coarse facies and reduced life expectancy that has_material_basis_in homozygous or compound heterozygous mutation in the IDUA gene on chromosome 4p16.3."
mucopolysaccharidosis Ih/s,['IDUA'],MESH:D008059,DOID:0111389,"A mucopolysaccharidosis I characterized by an intermediate severity of symptoms including short stature, corneal clouding, joint stiffening, umbilical hernia, dysostosis multiplex, hepatosplenomegaly, and little to no intellectual dysfunction that has_material_basis_in homozygous or compound heterozygous mutation in the IDUA gene on chromosome 4p16.3."
mucopolysaccharidosis VI,['ARSB'],MESH:D009087,DOID:12800,A mucopolysaccharidosis characterized by a deficiency of the lysosomal enzyme N-acetylgalactosamine 4-sulfatase.
mucopolysaccharidosis type IIIA,[],MESH:D009084,DOID:0111395,A mucopolysaccharidosis III characterized by severe clinical manifestation and earlier age of onset compared to other forms of mucopolysaccharidosis III that has_material_basis_in homozygous or compound heterozygous mutation in the SGSH gene on chromosome 17q25.3.
mucopolysaccharidosis type IIIB,['NAGLU'],MESH:D009084,DOID:0111394,"A mucopolysaccharidosis III characterized by neurodegeneration, behavioral problems, mild skeletal changes, and shortened life span that has_material_basis_in homozygous or compound heterozygous mutation in NAGLU on chromosome 17q21.2."
mucopolysaccharidosis type IIIC,['HGSNAT'],MESH:D009084,DOID:0111393,A mucopolysaccharidosis III that has_material_basis_in homozygous or compound heterozygous mutation in the HGSNAT gene on chromosome 8p11.2-p11.1.
mucopolysaccharidosis type IIID,['GNS'],MESH:D009084,DOID:0111402,A mucopolysaccharidosis III that has_material_basis_in homozygous or compound heterozygous mutation in GNS on chromosome 12q14.3.
mucopolysaccharidosis type IVB,['GLB1'],MESH:D009085,DOID:0111392,"A mucopolysaccharidosis IV characterized by skeletal dysplasia, corneal clouding, and increased urinary keratan sulfate excretion that has_material_basis_in homozygous or compound heterozygous mutation in the GLB1 gene on chromosome 3p22.3."
mucositis,['GSTT1'],MESH:D052016,DOID:0080178,A gastrointestinal system disease that is characterized by painful inflammation and ulceration of the mucous membranes lining the digestive tract.
mucosulfatidosis,['SUMF1'],MESH:D052517,DOID:0050441,"A sphingolipidosis that is characterized by leukodystrophy, ichthyosis, skeletal abnormalities and shortened life expectancy and has_material_basis_in mutation in the SUMF1 gene that results in deficiency in multiple sulfatase enzymes."
mulibrey nanism,['TRIM37'],MESH:D050336,DOID:0050436,"A syndrome that is characterized by global growth retardation of the muscle, liver, brain and eyes as well as constrictive pericarditis and has_material_basis_in mutations in the TRIM37 gene."
multicentric carpotarsal osteolysis syndrome,['MAFB'],MESH:C567171,DOID:0111534,"A syndrome characterized by progressive loss of bone, typically involving the carpal and tarsal bones, and in many cases chronic renal failure that has_material_basis_in heterozygous mutation in the MAFB gene on chromosome 20q12."
multidrug-resistant tuberculosis,['HLA-DRB1'],MESH:D018088,DOID:401,"A tuberculosis that is resistant to isoniazid and rifampicin, the two most powerful first-line anti-TB drugs."
multiple acyl-CoA dehydrogenase deficiency,"['ETFB', 'ETFDH', 'ETFA']",MESH:D054069,DOID:0060358,"An inherited metabolic disorder characterized by the body's inability to break down proteins and fats to produce energy. It is a disorder of fatty acid, amino acid, and choline metabolism and has an autosomal recessive inheritance pattern. It has_material_basis_in mutations in the ETFA, ETFB and ETFDH genes. It presents three clinical phenotypes: a neonatal-onset form with congenital anomalies (type I), a neonatal-onset form without congenital anomalies (type II), and a late-onset form (type III). The neonatal-onset forms are usually fatal."
multiple chemical sensitivity,['CYP2C19'],MESH:D018777,DOID:4661,A syndrome that is an adverse physical reaction to low levels of many common chemicals.
multiple cutaneous and mucosal venous malformations,['TEK'],MESH:C563977,DOID:0050792,A vein disease that is characterized by multiple bluish cutaneous or mucosal venous lesions that has_material_basis_in heterozygous mutation in the TEK gene on chromosome 9p21.
multiple endocrine neoplasia type 1,['MEN1'],MESH:D018761,DOID:10017,"A multiple endocrine neoplasia that has_material_basis_in a mutation in the MEN1 tumor suppressor gene and is characterized by over active endocrine glands frequently involving tumors of the parathyroid glands, the pituitary gland, and the pancreas."
multiple endocrine neoplasia type 2A,['RET'],MESH:D018813,DOID:0050430,"A multiple endocrine neoplasia characterized by medullary carcinoma of the thyroid, pheochromocytoma, hyperparathyroidism, and occasionally cutaneous lichen amyloidosis."
multiple endocrine neoplasia type 2B,['RET'],MESH:D018814,DOID:10016,"A multiple endocrine neoplasia characterized by medullary thyroid carcinoma, pheochromocytoma, multiple mucosal neuromas and intestinal ganglioneuromas, and often a marfanoid habitus and other skeletal abnormalities."
multiple endocrine neoplasia type 4,['CDKN1B'],MESH:C567059,DOID:0080137,A multiple endocrine neoplasia that is characterized by hyperparathyroidism and multiple endocrine tumors and that has_material_basis_in mutations in the CDKN1B gene on chromosome 12p13 resulting in a reduction in the amount of functional p27 tumor suppressor protein which allows cells to grow and divide unchecked.
multiple epiphyseal dysplasia 1,['COMP'],MESH:C535501,DOID:0070303,A multiple epiphyseal dysplasia that has_material_basis_in heterozygous mutation in the COMP gene on chromosome 19p13.
multiple epiphyseal dysplasia 4,['SLC26A2'],MESH:C535504,DOID:0070300,A multiple epiphyseal dysplasia that has_material_basis_in homozygous mutation in the SLC26A2 gene on chromosome 5q32.
multiple epiphyseal dysplasia 5,['MATN3'],MESH:C535505,DOID:0070299,A multiple epiphyseal dysplasia that has_material_basis_in heterozygous mutation in the MATN3 gene on chromosome 2p24.
multiple epiphyseal dysplasia with myopia and deafness,['COL2A1'],MESH:C565046,DOID:0111348,"A syndrome characterized by typically mild epiphyseal dysplasia, progessive myopia, retinal thinning, crenated cataracts, conductive deafness and brachydactyly that has_material_basis_in heterozygous mutation in the COL2A1 gene on chromosome 12q13.11."
multiple intestinal atresia,['TTC7A'],MESH:C562441,DOID:14671,An intestinal disease characterized by the presence of numerous atresic segments in the small and large intestines that has_material_basis_in homozygous or compound heterozygous mutation in the TTC7A gene on chromosome 2p21.
multiple mitochondrial dysfunctions syndrome,['GCSH'],MESH:C565304,DOID:0070330,A mitochondrial metabolism disease that is characterized by reduced function of more than one stage of of energy production resulting from mitochondria impairment.
multiple myeloma,"['ICAM1', 'TYMS', 'SPARC', 'FGG', 'XRCC4', 'MTR', 'MET', 'IL10', 'MTRR', 'ACE', 'RBP1', 'VEGFA', 'CTLA4', 'ABCG2', 'TGFB1', 'POLR1G', 'XRCC5', 'TP53', 'NRAS', 'CBX7', 'HK1', 'SOD2', 'GSTP1', 'IL1A', 'CCND1', 'IRF8', 'TNFRSF10A', 'GSTM1', 'CD40', 'GPX3', 'XPO5', 'SPP1', 'IL1RN', 'MTHFR', 'CYP2C19', 'TFRC', 'IL1B', 'PON1', 'PF4', 'LIG4', 'ERCC1', 'XRCC3', 'GPX1', 'CD40LG', 'CYP1A1', 'FCGR2A', 'NQO1', 'IRF4', 'GSTT1', 'TNFRSF17', 'NFKBIA', 'EPHX1', 'MEFV', 'CDKN2A', 'CFHR1', 'IL4R']",MESH:D009101,DOID:9538,A myeloid neoplasm that is located_in the plasma cells in bone marrow.
multiple sclerosis,"['IL6', 'CCR5', 'MMP9', 'PRF1', 'CNP', 'CIITA', 'H6PD', 'GSTM3', 'KIF1B', 'CD28', 'RGMA', 'CCL13', 'MOG', 'JAG1', 'VDR', 'IFNB1', 'MMP12', 'SLC11A1', 'CTLA4', 'CD46', 'PNMT', 'HLA-DRB1', 'HLA-DRA', 'NOTCH4', 'GSTP1', 'CD86', 'HSP90AB1', 'TNFRSF1A', 'GSTM1', 'CCL2', 'CD40', 'MPHOSPH9', 'SPP1', 'APOC2', 'IFNG', 'PSMB9', 'HLA-DRB3', 'CNTF', 'AGER', 'IL1B', 'TAP2', 'NDUFS2', 'A2M', 'SH2D2A', 'CCL7', 'IL2RA', 'MBP', 'CCL1', 'PDCD1', 'FAS', 'IRF5', 'NECTIN2', 'GABRA3', 'FASLG', 'HLA-DQA1', 'GC', 'IL23R', 'GSTT1', 'CAV1', 'KIF5A', 'HLA-DPB1', 'IL4R', 'IL4', 'CLEC16A']",MESH:D009103,DOID:2377,A demyelinating disease that involves damage to the fatty myelin sheaths around the axons of the brain and spinal cord resulting in demyelination and scarring.
muscular dystrophy,"['POMGNT1', 'DYSF', 'FKRP', 'CAV3', 'POMT1', 'TRIM32', 'FKTN', 'CAPN3', 'POMT2', 'SYNE1', 'MYOT', 'COL6A3', 'SGCA', 'CHKB', 'SGCB', 'LAMA2', 'SGCD']",MESH:D009136,DOID:9884,A myopathy is characterized by progressive skeletal muscle weakness degeneration.
mutism,['CNTNAP2'],MESH:D009155,DOID:4189,A speech disorder that involves a complete inability to speak.
myasthenia gravis,"['HLA-DQA1', 'IL2RB', 'ADRB2', 'HLA-DRB1', 'PTPN22', 'CHRM1', 'ACHE']",MESH:D009157,DOID:437,"An autoimmune disease of the nervous system that has_material_basis_in antibodies to acetylcholine receptors at the neuromuscular junction, has_symptom ptosis, has_symptom diplopia, has_symptom dysphagia, has_symptom dysarthria, has_symptom muscle weakness and has_symptom shortness of breath."
myelitis,['HLA-DPB1'],MESH:D009187,DOID:322,A spinal cord disease that is characterized by inflammation of the white matter or gray matter of the spinal cord.
myelodysplastic syndrome,"['TET2', 'GATA2', 'CDKN1B', 'MTRR', 'ARPC1B', 'DNMT3A', 'SF3B1', 'CDKN2B', 'TP53', 'NRAS', 'PLCB1', 'XRCC1', 'GSTP1', 'GNB1', 'IDH1', 'GSTM1', 'ASXL1', 'ZFPM2', 'ZRSR2', 'EZH2', 'CSF3R', 'FCGR3A', 'ETV6', 'GSTT1', 'MEFV', 'CDKN2A', 'SRSF2']",MESH:D009190,DOID:0050908,"A bone marrow cancer that is characterized by under production of white blood cells, red blood cells and platelets."
myelofibrosis,"['MPL', 'SH2B3', 'CALR', 'JAK2', 'KMT2A', 'ASXL1', 'EZH2']",MESH:D055728,DOID:4971,A myeloid neoplasm that is located in the bone marrow which results in bone marrow being replaced by fibrous (scar) tissue.
myeloid leukemia,"['NSD3', 'CBX7', 'FGFR1', 'GSTT1', 'MN1', 'PDGFRA', 'GSTP1', 'GATA2', 'ERG', 'UGT1A1', 'GSTM1', 'IFNG']",MESH:D007951,DOID:8692,A leukemia that is located_in myeloid tissue.
myelomeningocele,['SLC2A1'],MESH:D008591,DOID:0060326,"A spina bifida characterized by protrusion of the spinal cord through an opening, covered by meningeal membranes."
myocardial infarction,"['SERPINE1', 'CIITA', 'BRINP3', 'PCSK2', 'NRG1', 'CCL2', 'APOH', 'GCLC', 'PHACTR1', 'APEX1', 'PECAM1', 'XRCC3', 'PGF', 'ANG', 'SOD1', 'F13A1', 'FTO', 'AGTR1', 'CCR2', 'ALDH2', 'ADD1', 'LPA', 'TLR4', 'PPARA', 'ITGA2', 'CTLA4', 'IGF1', 'OLR1', 'APOA1', 'F12', 'AGER', 'DAB2IP', 'PON1', 'GP1BA', 'GJA4', 'PLAU', 'CLU', 'AGT', 'LIPG', 'HGF', 'NR1H3', 'ITGB3', 'PSMA6', 'MMP3', 'IL10', 'FGF1', 'KLK1', 'TGFB1', 'LRP8', 'PLAT', 'IL18BP', 'SELP', 'CSF3', 'MMP1', 'COL6A3', 'LRP1', 'SPP1', 'CYP2R1', 'ALOX5AP', 'GCLM', 'CD14', 'PAPPA', 'NOS3', 'KIF6', 'LPL', 'TFPI', 'GH1', 'F5', 'KDR', 'EPO', 'MGP', 'HP', 'MMP9', 'TNFSF4', 'FGB', 'ACE', 'COL4A1', 'LRPAP1', 'ITIH4', 'LGALS2', 'PTGS2', 'GP6', 'ISL1', 'ANXA5', 'VEGFB', 'F2', 'MMP14', 'NPPA', 'PTGIS', 'ADRA2B', 'SOD3', 'ESR1', 'MESP1', 'CYP2J2', 'NPPB', 'HIF1A', 'APOA4', 'F7', 'ADRB2', 'LTA', 'KCNN4', 'MLXIPL', 'WRN', 'MTHFR']",MESH:D009203,DOID:5844,A coronary artery disease characterized by myocardial cell death (myocardial necrosis) due to prolonged ischaemia.
myocarditis,"['S100A9', 'S100A8']",MESH:D009205,DOID:820,An extrinsic cardiomyopathy that is characterized as an inflammation of the heart muscle.
myofibrillar myopathy 3,['MYOT'],MESH:C000598645,DOID:0080094,A myofibrillar myopathy that has_material_basis_in heterozygous mutation in the MYOT gene on chromosome 5q31.
myoglobinuria,['PGAM2'],MESH:D009212,DOID:0080108,A myopathy that is characterized by an increased urinary excretion of myoglobin.
myopia,"['IGF1', 'LRPAP1', 'P4HA2', 'CPSF1', 'MMP2', 'HGF', 'ZNF644', 'LOXL3', 'PARL', 'SCO2', 'ARR3', 'VDR', 'COL2A1', 'LAMA2']",MESH:D009216,DOID:11830,A refractive error characterized by the inability to see farther objects clearly.
myositis,"['HLA-DRB1', 'HLA-DQA1', 'FCGR3A']",MESH:D009220,DOID:633,A myopathy characterized by muscle inflammation.
myostatin-related muscle hypertrophy,['MSTN'],MESH:C536106,DOID:0111072,A muscle tissue disease characterized by increased muscle bulk and strength that has_material_basis_in homozygous mutation in the MSTN gene on chromosome 2q32.2.
myotonia congenita,['CLCN1'],MESH:D009224,DOID:2106,A muscle tissue disease that is characterized by slow muscle relaxation associated with hyperexcitation of the muscle fibres.
myotonic dystrophy type 1,['DMPK'],MESH:D009223,DOID:11722,"A myotonic disease that is characterized by progressive muscle wasting and weakness affecting the distal skeletal and smooth muscles of lower legs, hands, neck, and face along with myotonia and cataracts and has_material_basis_in the autosomal dominant inheritance of the DMPK gene containing an expansion of a CTG trinucleotide repeat in the non-coding region."
myotonic dystrophy type 2,['CNBP'],MESH:D020967,DOID:0050759,"A myotonic disease that is characterized by myotonia and progressive, proximal muscle wasting and weakness affecting the skeletal and smooth muscles of the neck, shoulders, elbows and hips and has_material_basis_in the autosomal dominant inheritance of the CNBP (ZNF9) gene containing an expansion of a CCTG repeat in intron one."
myxoid liposarcoma,[],MESH:D018208,DOID:5363,A liposarcoma that is characterized by the presence of a hypocellular spindle cell proliferation set in a myxoid background and has_material_basis_in chromosomal translocations.
nail disease,['FOXN1'],MESH:D009260,DOID:4123,An integumentary system disease that is located_in nail.
nail-patella syndrome,['LMX1B'],MESH:D009261,DOID:9467,A syndrome characterized by nail dysplasia and absent or hypoplastic patellae that has_material_basis_in heterozygous mutation in the LMX1B gene on chromosome 9q33.3.
narcolepsy,"['HCRT', 'HLA-DQA1', 'HLA-DRB1', 'HLA-DPB1', 'CHKB', 'MOG']",MESH:D009290,DOID:8986,"A sleep disorder that involves an excessive urge to sleep at inappropriate times, such as while at work."
nasopharynx carcinoma,"['TET2', 'TP53', 'MAPK14', 'BRCA1', 'XRCC1', 'MAP2K4', 'CLPTM1L', 'GPX1', 'CHRNA5', 'MST1R', 'CR2', 'CSF1R']",MESH:D009303,DOID:9261,"A pharynx cancer that is located in the nasopharynx, the uppermost region of the pharynx or throat, where the nasal passages and auditory tubes join the remainder of the upper respiratory tract."
nemaline myopathy,['ANKRD1'],MESH:D017696,DOID:3191,A congenital myopathy characterized by generally non-progressive muscle weakness of varying severity and problems with the tone and contraction of skeletal muscles. The muscle cells contain abnormal clumps of threadlike material called nemaline bodies.
nemaline myopathy 1,['TPM3'],MESH:C538348,DOID:0110926,"A nemaline myopathy characterized by onset typically in early childhood of mildly delayed motor development, hypotonia, generalized muscle weakness, and weakness of the proximal limb muscles and neck muscles, resulting in difficulty running and easy fatigability that has_material_basis_in heterozygous, homozygous, or compound heterozygous mutation in the TPM3 gene on chromosome 1q21."
nemaline myopathy 2,['NEB'],MESH:C538349,DOID:0110928,A nemaline myopathy that has_material_basis_in homozygous or compound heterozygous mutation in the NEB gene on chromosome 2q23.
nemaline myopathy 4,['TPM2'],MESH:C538351,DOID:0110932,A nemaline myopathy that has_material_basis_in heterozygous mutation in the TPM2 gene on chromosome 9p13.
nemaline myopathy 5A,[],MESH:C538397,DOID:0110936,"A nemaline myopathy that has_material_basis_in autosomal recessive inheritance of a homozygous mutation in the TNNT1 gene on chromosome 19q13, with infantile onset."
nemaline myopathy 6,['KBTBD13'],MESH:C538398,DOID:0110935,"A nemaline myopathy characterized by autosomal dominant inheritance of childhood onset of slowly progressive proximal muscle weakness, exercise intolerance, and slow movements with stiff muscles that has_material_basis_in heterozygous mutation in the KBTBD13 gene on chromosome 15q22."
nemaline myopathy 7,['CFL2'],MESH:C565198,DOID:0110934,A nemaline myopathy characterized by very early onset of hypotonia and delayed motor development that has_material_basis_in homozygous mutation in the CFL2 gene on chromosome 14q13.
neonatal abstinence syndrome,"['COMT', 'CYP2B6']",MESH:D009357,DOID:9828,A withdrawal disorder that is characterized by a group of problems that occur in a newborn who was exposed to addictive illegal or prescription drugs while in the mother's womb or postnatally following the discontinuance of drug treatment.
neonatal jaundice,['G6PD'],MESH:D007567,DOID:2383,"A pigmentation disease characterized by a high level of bilirubin in the blood, causing a yellowing of the skin and other tissues of a newborn infant."
neovascular inflammatory vitreoretinopathy,"['LTA', 'CAPN5', 'LRP5']",MESH:D018630,DOID:9719,"A retinal and vitreous disease characterized by ocular inflammation, vascular dropout, large spots of hyperpigmentation, neovascularization of the peripheral and posterior retina, vitreous hemorrhage, and retinal detachment that has_material_basis_in heterozygous mutation in the CAPN5 gene on chromosome 11q13.5."
nephritis,"['NOS3', 'SNRPD1', 'PARP1', 'ACE']",MESH:D009393,DOID:10952,A kidney disease that is characterized by an inflammation of the kidneys.
nephroblastoma,"['IGF2R', 'TP73', 'TIMP4', 'GPC3', 'CTNNB1', 'REST', 'IGF1R', 'DIS3L2', 'SIX1', 'WT1', 'MTHFR', 'BRCA2']",MESH:D009396,DOID:2154,A kidney cancer that affects the kidneys and typically located_in children.
nephrogenic diabetes insipidus,['AQP2'],MESH:D018500,DOID:12387,A diabetes insipidus that is characterized by a complete or partial resistance of the kidneys to vasopressin (ADH).
nephrogenic syndrome of inappropriate antidiuresis,[],MESH:C564491,DOID:0112121,"A renal tubular transport disease characterized by inappropriate antidiuretic hormone secretion resulting in inability to excrete a free water load, inappropriately concentrated urine, and undetectable or low plasma arginine vasopressin levels that has_material_basis_in hemizygous gain-of-function mutation in the AVPR2 gene on chromosome Xq28."
nephronophthisis 2,['INVS'],MESH:C566582,DOID:0111113,A nephronophthisis that has_material_basis_in homozygous or compound heterozygous mutation in the INVS gene on chromosome 9q31.
nephronophthisis 3,['NPHP3'],MESH:C565780,DOID:0111114,A nephronophthisis that has_material_basis_in homozygous or compound heterozygous mutation in the NPHP3 gene on chromosome 3q22.
nephronophthisis 4,['NPHP4'],MESH:C564640,DOID:0111115,A nephronophthisis that has_material_basis_in mutation in the NPHP4 gene on chromosome 1p36.31.
nephronophthisis 7,['GLIS2'],MESH:C566930,DOID:0111116,A nephronophthisis that has_material_basis_in homozygous mutation in the GLIS2 gene on chromosome 16p13.
nephrosis,['GATA3'],MESH:D009401,DOID:2527,"A proteinuria that is characterized by the leaking of blood protein into the urine, swelling or edema, and degenerative lesions without inflammation."
nephrotic syndrome,"['PLCE1', 'IL1B', 'IL1RN', 'EPO']",MESH:D009404,DOID:1184,"A nephrosis characterized by marked increase in glomerular protein permeability resulting in marked elevation of urine protein levels, hypoalbuminemia, hyperlipidemia, and hypercoagulability."
neurilemmoma,"['CDKN2A', 'LZTR1', 'NF2']",MESH:D009442,DOID:3192,A neuroma that is characterized as a benign nerve sheath tumor that is composed of Schwann cells.
neuroblastoma,"['ARID1B', 'PHOX2B', 'ARID1A', 'KIF1B', 'CHAF1A', 'IGF1R', 'CDKN2A', 'NSD1', 'PECAM1', 'NME1']",MESH:D009447,DOID:769,An autonomic nervous system neoplasm that derives_from immature nerve cells.
neurocirculatory asthenia,['SLC6A2'],MESH:D009449,DOID:11569,A somatoform disorder that involves heart disease symptoms without any identifiable physiological abnormalities.
neurodegeneration with brain iron accumulation,"['REPS1', 'CRAT']",MESH:C538421,DOID:0110734,"A neurodegenerative disease characterized by progressive iron accumulation in the basal ganglia and other regions of the brain, resulting in extrapyramidal movements, such as parkinsonism and dystonia."
neurodegeneration with brain iron accumulation 3,['FTL'],MESH:C548080,DOID:0110737,A neurodegeneration with brain iron accumulation that has_material_basis_in autosomal dominant inheritance of mutation in the FTL gene on chromosome 19q13.33.
neurodegenerative disease,"['EPO', 'FTL', 'FUS']",MESH:D019636,DOID:1289,A central nervous system disease that results in the progressive deterioration of function or structure of neurons.
neuroendocrine tumor,['CALR'],MESH:D018358,DOID:169,An endocrine gland cancer that has_material_basis_in neuroendocrine cells.
neurofibromatosis 1,['NF1'],MESH:D009456,DOID:0111253,"A neurofibromatosis characterized by multiple cafe-au-lait macules, skin fold freckling, neurofibromas, optic gliomas, Lisch nodules or choroidal abnormalities in the eye, or a specific bone abnormality that has_material_basis_in the NF1 gene on chromosome 17q11.2. Bone abnormalities include a distinctive osseous lesion such as sphenoid dysplasia, anterolateral bowing of the tibia, or pseudarthrosis of a long bone."
neurofibromatosis-Noonan syndrome,['NF1'],MESH:C537393,DOID:0111683,"A RASopathy characterized by neurofibromatosis and manifestations of Noonan syndrome including short stature, ptosis, midface hypoplasia, webbed neck, learning disabilities, and muscle weakness that has_material_basis_in heterozygous mutation in NF1 on chromosome 17q11.2."
neurogenic scapuloperoneal syndrome Kaeser type,['DES'],MESH:C566695,DOID:0111551,"A myopathy characterized by adult onset of foot dorsiflexor weakness, peroneal muscle weakness, scapuloperoneal weakness, and shoulder girdle muscle atrophy that has_material_basis_in heterozygous mutation in DES on chromosome 2q35."
neurogenic-type arthrogryposis multiplex congenita-2,[],MESH:C536614,DOID:0090124,"An arthrogryposis multiplex congenita that is characterized by congenital contractures at the elbows and knees, myopathy, absence of muscle spindles, congenital heart disease and spinal motor neuron depletion, and has_material_basis_in autosomal recessive inheritance of homozygous mutation in the endoplasmic reticulum-golgi intermediate compartment protein 1 gene (ERGIC1) on chromosome region 5q35."
neurohypophyseal diabetes insipidus,['AVP'],MESH:D020790,DOID:12388,A central diabetes insipidus that is characterized by polyuria and polydipsia due to a deficiency in vasopressin synthesis and that has_material_basis_in heterozygous mutation in the arginine vasopressin gene (AVP) on chromosome 20p13.
neuromuscular disease,['GPI'],MESH:D009468,DOID:440,A neuropathy that affect the nerves that control the voluntary muscles.
neuromyelitis optica,"['HLA-DRB1', 'AQP4']",MESH:D009471,DOID:8869,A central nervous system disease characterized by inflammation of the optic nerve (optic neuritis) and inflammation of the spinal cord (myelitis).
nevoid basal cell carcinoma syndrome,['PTCH1'],MESH:D001478,DOID:2512,"A syndrome characterized by multiple early-onset basal cell carcinoma, multiple jaw keratocysts and skeletal abnormalities."
newborn respiratory distress syndrome,"['CAT', 'SOD1', 'SFTPA1', 'SFTPA2', 'NPSR1', 'SFTPD']",MESH:D006819,DOID:12716,"A respiratory failure that is characterized by deficiency of the surfactant coating the inner surface of the lungs, by failure of the lungs to expand and contract properly during breathing with resulting collapse, and by the accumulation of a protein-containing film lining the alveoli and their ducts."
nicotine dependence,"['RAD52', 'RPTOR', 'COMT', 'GRIN2B', 'LCP1', 'SLC6A3', 'GABBR2', 'ARRB2', 'OPRM1', 'HTR2A', 'GABBR1', 'CYP2B6', 'DRD2', 'CHRNA4', 'CHRNA5']",MESH:D014029,DOID:0050742,A substance dependence that is characterized by a physical dependence on nicotine.
night blindness,"['RHO', 'RDH5', 'RLBP1', 'GRK1', 'GNAT1']",MESH:D009755,DOID:8499,A retinal disease that is characterized by difficulty or the inability to see in relatively low light.
non-Hodgkin lymphoma,"['CTLA4', 'PRF1', 'PON1', 'MTRR', 'FCGR2A', 'BCL10', 'GPX1', 'EPHX1', 'CASP10', 'KMT2A', 'CCND1', 'CD40', 'RAD54B', 'TMEM260', 'RAD54L', 'CD79B', 'MALT1']",MESH:D008228,DOID:0060060,A lymphoma that is characterized as any kind of lymphoma except Hodgkin's lymphoma.
non-Langerhans-cell histiocytosis,"['RAB27A', 'PRF1']",MESH:D015616,DOID:4330,A histiocytosis that is characterized by the accumulation of histiocytes that do not meet the phenotypic criteria for the diagnosis of Langerhans cells.
nonepidermolytic palmoplantar keratoderma,['KRT1'],MESH:D015776,DOID:0050428,"A palmoplantar keratosis characterized by a well-demarcated, symmetric keratoderma located_in palms and located_in soles."
nonphotosensitive trichothiodystrophy 5,['RNF113A'],MESH:D054463,DOID:0111868,"A nonphotosensitive trichothiodystrophy characterized by sparse and brittle hair, facial dysmorphism, global developmental delays, growth deficiency, hypogonadism, and structural brain abnormalities that has_material_basis_in hemizygous mutation in the RNF113A gene on chromosome Xq24."
nonsyndromic congenital nail disorder 4,['RSPO4'],MESH:C536377,DOID:0080082,"A nonsyndromic congenital nail disorder that is characterized by complete absence or severe hypoplasia of all fingernails and toenails without significant bone anomalies, and that has_material_basis_in homozygous or compound heterozygous mutation in the R-spondin-4 gene on chromosome 20p13."
nonsyndromic deafness,"['TBC1D24', 'USH2A']",MESH:C580334,DOID:0050563,"An auditory system disease that is associated with permanent hearing loss caused by damage to structures in the inner ear and/or the middle ear, which is not associated with other signs and symptoms."
nuclear type mitochondrial complex I deficiency 20,['ACAD9'],MESH:C567006,DOID:0112072,"A nuclear type mitochondrial complex I deficiency characterized by infantile onset of acute metabolic acidosis, hypertrophic cardiomyopathy, and muscle weakness associated with deficiency of mitochondrial complex I activity in muscle, liver, and fibroblasts that has_material_basis_in homozygous or compound heterozygous mutation in the ACAD9 gene on chromosome 3q21.3."
obesity,"['CNR1', 'GFPT1', 'NMU', 'MKKS', 'PDP1', 'WNT10B', 'APOC1', 'SLC2A1', 'CNTF', 'MC4R', 'RETN', 'MRAP2', 'MIF', 'FAAH', 'FTO', 'BBS4', 'PGR', 'CX3CR1', 'CYP27B1', 'IL6', 'PCSK1', 'NMB', 'CRHR1', 'IL6R', 'ABCA1', 'AR', 'ABCG8', 'FABP2', 'ADCY3', 'HTR2C', 'CRH', 'LEPR', 'MBL2', 'FFAR4', 'DRD2', 'GIPR', 'GIP', 'OPRM1', 'GHRL', 'HK2', 'AGT', 'NR3C1', 'POMC', 'NR1H3', 'NPY2R', 'CIDEA', 'HTR2A', 'ACP1', 'APOD', 'SERPINF1', 'HK1', 'HSPA1B', 'CCKAR', 'CYP2R1', 'EDN1', 'ENPP1', 'SORBS1', 'COMT', 'NR0B2', 'CADM2', 'PLIN1', 'AGRP', 'INPPL1', 'CDK4', 'IGFBP2', 'CAPN10', 'PPARGC1B', 'ADRB3', 'NCOA3', 'HSD11B2', 'MTTP', 'UCP2', 'ADRA2B', 'TH', 'IGFBP6', 'UCP3', 'NPPB', 'F7', 'NR1H2', 'ADRB2', 'PPARG', 'SLC6A3', 'GHSR', 'BBS2']",MESH:D009765,DOID:9970,"An overnutrition that is characterized by excess body fat, traditionally defined as an elevated ratio of weight to height (specifically 30 kilograms per meter squared), has_material_basis_in a multifactorial etiology related to excess nutrition intake, decreased caloric utilization, and genetic susceptibility, and possibly medications and certain disorders of metabolism, endocrine function, and mental illness."
obsessive-compulsive disorder,"['COMT', 'BDNF', 'SLC6A4', 'HTR2A']",MESH:D009771,DOID:10933,"An anxiety disorder that involves unwanted and repeated thoughts, feelings, ideas, sensations (obsessions), or behaviors that make them feel driven to do something (compulsions)."
obstructive lung disease,"['A2M', 'MMP1']",MESH:D008173,DOID:2320,A lung disease that is characterized by narrowing of pulmonary airways.
obstructive sleep apnea,"['LEPR', 'MMP9', 'BDNF', 'NOS3', 'EDNRA', 'ADRB1', 'SLC6A4', 'ACE', 'EDN1']",MESH:D020181,DOID:0050848,"A sleep apnea that is characterized by repeated collapse and obstruction of the upper airway during sleep, which results in reduced airflow (hypopnea) or complete airflow cessation (apnea), oxygen desaturation, and arousals from sleep."
occipital horn syndrome,['ATP7A'],MESH:C537860,DOID:0111272,"A metal metabolism disorder characterized by hyperelastic and bruisable skin, hernias, bladder diverticula, hyperextensible joints, varicosities, abnormal copper transport, and multiple skeletal abnormalities that has_material_basis_in X-linked recessive inheritance of mutations in ATP7A on Xq21.1. This disorder is allelic to Menkes disease."
ocular albinism 1,"['TYR', 'GPR143']",MESH:D016117,DOID:0050633,An eye disease that is characterized by reduced pigmentation of the iris and the resulting impairment of visual acuity without significantly affecting the color of skin or hair and has_material_basis_in mutation in the GPR143 gene that encodes segments of the melanosomes that stores melanin.
ocular hypertension,"['MYOC', 'CDKN1A', 'MMP1']",MESH:D009798,DOID:9282,An eye disease that is characterized by elevated intraocular pressure in the absence of optic nerve damage or visual field loss.
oculoauricular syndrome,['HMX1'],MESH:C567416,DOID:0060482,"A syndrome characterized by microcornea, microphthalmia, anterior-segment dysgenesis, cataract, coloboma of various parts of the eye, abnormalities of the retinal pigment epithelium, and rod-cone dystrophy and a particular cleft ear lobule."
oculocerebrorenal syndrome,['OCRL'],MESH:D009800,DOID:1056,"A syndrome that has_material_basis_in mutation in the OCRL gene on chromosome Xq26 and that is characterized by hydrophthalmia, cataract, mental retardation, vitamin D-resistant rickets, amino aciduria, and reduced ammonia production by the kidney."
oculocutaneous albinism,"['TYR', 'HPS1', 'DCT', 'TYRP1']",MESH:D016115,DOID:0050632,"A syndrome characterized by abnormal pigmentation of the skin, hair and eyes."
oculocutaneous albinism type IB,['TYR'],MESH:C537729,DOID:0070095,An oculocutaneous albinism that has_material_basis_in an autosomal recessive hypomorphic mutation of TYR on chromosome 11q14.3 with retention of some residual protein activity.
oculocutaneous albinism type II,"['OCA2', 'MC1R']",MESH:C537730,DOID:0070096,An oculocutaneous albinism that has_material_basis_in an autosomal recessive mutation of the OCA2 gene on chromosome 15q12-q13.
oculodentodigital dysplasia,['GJA1'],MESH:C563160,DOID:0060291,"A syndrome characterized by craniofacial, neurologic, limb and ocular abnormalities."
oculoectodermal syndrome,[],MESH:C563969,DOID:0111705,An ectodermal dysplasia characterized by epibulbar dermoids and aplasia cutis congenita that has_material_basis_in somatic mosaic mutation in the KRAS gene on chromosome 12p12.1.
oligospermia,['BRDT'],MESH:D009845,DOID:14228,A male fertility issue defined as a low sperm concentration in the ejaculate.
olivopontocerebellar atrophy,['APTX'],MESH:D009849,DOID:14784,"A neurodegenerative disease that is characterized by progressive cerebellar ataxia, leading to clumsiness in body movements, veering from midline when walking, wide-based stance, and falls without signs of paralysis or weakness and has_material_basis_in expansion of CAG triplet repeats (glutamine) resulting in degeneration of neuron in the cerebellum, pons and inferior olives."
omodysplasia 1,['GPC6'],MESH:C537746,DOID:0080844,An omodysplasia that is characterized by severe congenital micromelia with shortening and distal tapering of the humeri and femora to give a club-like appearance and that has_material_basis_in homozygous or compound heterozygous mutation in the GPC6 gene on chromosome 13q32.
omodysplasia 2,['FZD2'],MESH:C567664,DOID:0080845,"An omodysplasia that is characterized by shortened humeri, dislocated radial heads, shortened first metacarpals, craniofacial dysmorphism, and variable genitourinary anomalies and that has_material_basis_in heterozygous mutation in the FZD2 gene on chromosome 17q21."
onchocerciasis,"['HLA-DQA1', 'HLA-DPA1']",MESH:D009855,DOID:11678,"A filariasis that involves parasitic infection caused by the nematode Onchocerca volvulus, which is transmitted to humans through the bite of a blackfly of the genus Simulium. The worms spread throughout the body and, when they die, cause intense itching and a strong immune system response that can destroy nearby tissue. The symptoms include pruritus, dermatitis, blindness, onchocercomata (subcutaneous nodules), and lymphadenopathy."
open-angle glaucoma,"['CDKN2B', 'PON1', 'ADRB2', 'MEIS2', 'TAP1', 'MYOC', 'OPTN', 'AFAP1', 'MTHFR']",MESH:D005902,DOID:1067,A glaucoma characterized by optic nerve damage resulting in progressive loss of visual field and increased pressure in the eye due to trabecular blockage.
opiate dependence,"['OPRD1', 'C9', 'ABCB1', 'BMPER', 'CYP2D6', 'OPRM1', 'ARRB2', 'GAL', 'NAV3', 'PDYN']",MESH:D009293,DOID:2559,A drug dependence that involves the continued use of opiate drugs despite despite problems related to use of the substance.
opisthorchiasis,['ACTR3'],MESH:D009889,DOID:13768,"A parasitic helminthiasis infectious disease that involves parasitic infection of the liver, pancreas and gall bladder by Opisthorchis viverrini or Opisthorchis felineus. The symptoms include dyspepsia, abdominal pain, diarrhea, constipation, hepatomegaly, cholangitis, cholecystitis, and cholangiocarcinoma."
optic atrophy,"['MIEF1', 'OPA1', 'MCAT', 'SSBP1', 'WFS1', 'MECR']",MESH:D009896,DOID:5723,An optic nerve disease that is characterized the death of the retinal ganglion cell axons that comprise the optic nerve.
optic atrophy 3,['OPA3'],MESH:C537128,DOID:0111433,An optic atrophy characterized by optic atrophy and cataract that has_material_basis_in heterozygous mutation in the OPA3 gene on chromosome 19q13.32.
optic atrophy 5,['DNM1L'],MESH:C537126,DOID:0111438,An optic atrophy characterized by degeneration of retinal ganglion cells resulting in slowly progressive visual loss with variable onset from the first to third decades that has_material_basis_in heterozygous of mutation in DNM1L on chromosome 12p11.21.
optic atrophy 7,['TMEM126A'],MESH:C567833,DOID:0111437,"An optic atrophy characterized by juvenile onset, severe bilateral deficiency in visual acuity, optic disc pallor, and central scotoma that has_material_basis_in homozygous or compound heterozygous mutation in the TMEM126A gene on chromosome 11q14.1."
optic nerve disease,['EDN1'],MESH:D009901,DOID:1891,A cranial nerve disease that is located_in the optic nerve.
optic neuritis,"['AQP4', 'SOD2', 'HLA-DRB1', 'CAT', 'GSTT1', 'GSTM1', 'MOG']",MESH:D009902,DOID:1210,An optic nerve disease that results_in inflammation located_in optic nerve which may cause a complete or partial loss of vision.
oral submucous fibrosis,"['GSTT1', 'GSTM1']",MESH:D009914,DOID:5773,A mouth disease that is characterized by juxta-epithelial inflammatory reaction and progressive fibrosis of the submucosal tissues.
organ system cancer,['IL1R2'],MESH:D009371,DOID:0050686,A cancer that is classified based on the organ it starts in.
ornithine carbamoyltransferase deficiency,['OTC'],MESH:D020163,DOID:9271,An urea cycle disorder that involves a mutated and ineffective form of the enzyme ornithine transcarbamylase.
orofacial cleft 10,['SUMO1'],MESH:C566605,DOID:0080403,An orofacial cleft that has_material_basis_in mutation in the SUMO1 gene on chromosome 2q33.
orofacial cleft 11,['BMP4'],MESH:C567410,DOID:0080404,An orofacial cleft that has_material_basis_in heterozygous mutation in the BMP4 gene on chromosome 14q22.
orofacial cleft 5,['MSX1'],MESH:C563843,DOID:0080399,An orofacial cleft that has_material_basis_in mutation in the MSX1 gene on chromosome 4p16.
orofaciodigital syndrome,"['IFT57', 'KIAA0753', 'C2CD3']",MESH:D009958,DOID:4501,"A syndrome that is characterized by malformations of the face, oral cavity, and digits."
orofaciodigital syndrome I,['OFD1'],MESH:D009958,DOID:0060316,"An orofaciodigital syndrome that is characterized by malformations of the face, oral cavity, and digits, has_material_basis_in X-linked dominant inheritance of the OFD1 gene with lethality in males and is associated with polycystic kidney disease."
orofaciodigital syndrome IV,[],MESH:C537133,DOID:0060374,"An orofaciodigital syndrome that is characterized by dysmorphic facies, the development of harmartomas of the tongue, polydactyly and limb dysplasia, has_material_basis_in autosomal recessive inheritance of mutations in the TCTN3 gene."
orofaciodigital syndrome V,[],MESH:C557819,DOID:0060375,An orofaciodigital syndrome that is characterized by postaxial polydactyly and median cleft of the upper lip and has_material_basis_in homozygous mutation in the DDX59 gene on chromosome 1q32.
osteochondrodysplasia,"['BMPR1B', 'FLNB', 'HSPG2', 'COMP', 'COL2A1', 'COL9A3', 'SLC26A2', 'TGFB1', 'TRPS1', 'CHST3', 'PTH1R', 'MATN3', 'COL11A2', 'FLNA', 'LIFR']",MESH:D010009,DOID:2256,A bone development disease that results_in defective development of cartilage or bone.
osteogenesis imperfecta,"['COL1A1', 'CCDC134']",MESH:D010013,DOID:12347,An osteochondrodysplasia that has_material_basis_in a deficiency in type-I collagen which results_in brittle bones and defective connective tissue.
osteogenesis imperfecta type 1,['COL1A1'],MESH:D010013,DOID:0110334,An osteogenesis imperfecta that is characterized by bone fragility and blue sclerae and has_material_basis_in dominantly inherited mutations in the COL1A1 gene on chromosome 17q21.33 or the COL1A2 gene on chromosome 7q21.3.
osteogenesis imperfecta type 7,['CRTAP'],MESH:C565200,DOID:0110337,An osteogenesis imperfecta that has_material_basis_in mutation in the CRTAP gene on chromosome 3p22.
osteoglophonic dysplasia,['FGFR1'],MESH:C536050,DOID:0111532,"An osteochondrodysplasia characterized by rhizomelic dwarfism, craniosynostosis, prominent supraorbital ridge, depressed nasal bridge, nonossifying bone lesions, and multiple unerupted teeth that has_material_basis_in heterozygous missense mutation in the FGFR1 gene on chromosome 8p11.23."
osteonecrosis,"['IL23R', 'F2', 'TRPV4', 'PLAT', 'GSTT1', 'NOS3', 'ANXA2', 'ABCB1', 'CAT', 'TFPI', 'F5', 'GSTM1', 'COL2A1']",MESH:D010020,DOID:10159,An ischemic bone disease that results_in necrosis located_in bone.
osteopathia striata with cranial sclerosis,['AMER1'],MESH:C536053,DOID:0060886,"An osteosclerosis characterized by longitudinal striations of the metaphyses of the long bones, sclerosis of the craniofacial bones, macrocephaly, cleft palate and hearing loss in females and fetal or neonatal lethality in males that has_material_basis_in mutation in the AMER1 gene on chromosome Xq11."
osteopetrosis,"['SLC4A2', 'CA2', 'PLEKHM1']",MESH:D010022,DOID:13533,An osteosclerosis that has_material_basis_in lack of bone resorption which results_in abnormally hard and brittle bones.
osteoporosis,"['DBP', 'CYP19A1', 'WNT1', 'LGR4', 'CALCA', 'LEPR', 'UGT2B17', 'SOD2', 'GSTP1', 'IL1A', 'IL1RN', 'IGF1R', 'LEP', 'NRIP1', 'COL1A1', 'LRP5', 'TNFRSF1B', 'CXCR4', 'ESR1', 'TNFRSF11A', 'PLS3', 'PDLIM4', 'ESR2', 'TNFSF11', 'BMP2', 'CYP17A1', 'IL32', 'BGLAP']",MESH:D010024,DOID:11476,A bone resorption disease characterized by decreased density of normally mineralized bone which results_in the thinning of bone tissue and decreased mechanical strength.
osteoporosis-pseudoglioma syndrome,['LRP5'],MESH:C536063,DOID:0060849,"A syndrome characterized by congenital or infancy-onset blindness, very low bone mass, decreased trabecular bone volume, severe juvenile-onset osteoporosis and spontaneous fractures, pseudoglioma, microphthalmia that has_material_basis_in homozygous or compound heterozygous mutation in the LRP5 gene on chromosome 11q13."
osteosarcoma,"['CHEK2', 'DDR1', 'SERPINF1', 'TP53', 'RB1', 'EFEMP2', 'PTH', 'GSTM3', 'ERCC1', 'E2F1', 'CDC5L', 'CXCR4', 'MTHFR', 'EZH2']",MESH:D012516,DOID:3347,"A bone sarcoma that is located_in bone that has_material_basis_in cells of mesenchymal origin. It usually involves bones and less frequently extraosseous sites. It often involves the long bones (particularly distal femur, proximal tibia, and proximal humerus)."
otitis media,"['IL6', 'MBL2', 'A2ML1', 'IL10', 'CX3CR1']",MESH:D010033,DOID:10754,A otitis which involves inflammation of the middle ear.
otopalatodigital syndrome type 1,['FLNA'],MESH:C536065,DOID:0111783,"An otopalatodigital syndrome spectrum disorder characterized by cleft palate, mild skeletal anomalies including digital anomalies, and conductive deafness caused by ossicular anomalies that has_material_basis_in heterozygous or hemizygous mutation in exon 3, 4, or 5 of the FLNA gene on chromosome Xq28."
otopalatodigital syndrome type 2,['FLNA'],MESH:C538089,DOID:0111784,"An otopalatodigital syndrome spectrum disorder characterized by disabling skeletal anomalies and variable malformations in the hindbrain, heart, intestines, and kidneys that frequently lead to perinatal death in males and less severe phenotypes in females that has_material_basis_in hemizygous or heterozygous mutation in exons 3, 4, or 5 in males or exons 28 or 29 in females of the FLNA gene on chromosome Xq28."
ovarian cancer,"['SMAD4', 'POT1', 'ITGA8', 'CYP19A1', 'MYO6', 'MSLN', 'NOD2', 'CDH1', 'AURKA', 'UGT1A1', 'WRAP53', 'PMS2', 'LEF1', 'MBL2', 'CD59', 'AKT1', 'SOD2', 'MUC16', 'GSTP1', 'MMP1', 'HMGA2', 'CCNG1', 'RUNX3', 'APOB', 'CAMK2N1', 'TFRC', 'GSTA1', 'NOS3', 'CDH13', 'CTNNB1', 'RAD51', 'RASSF1', 'NBN', 'APEX1', 'PIK3CA', 'ERBB2', 'SMAD2', 'JUP', 'JAK1', 'COMT', 'BRCA1', 'FANCA', 'STAT3', 'OGG1', 'EEF1A2', 'CLDN4', 'BRCA2', 'BARD1']",MESH:D010051,DOID:2394,A female reproductive organ cancer that is located_in the ovary.
ovarian dysgenesis 2,['BMP15'],MESH:C564499,DOID:0080494,A 46 XX gonadal dysgenesis that has_material_basis_in mutation in the BMP15 gene on chromosome Xp11.
ovarian hyperstimulation syndrome,"['SERPINF1', 'FSHR']",MESH:D016471,DOID:5425,"An ovarian disease that is characterized by cystic enlargement of the ovaries and a fluid shift from the intravascular to the third space and has_symptom abdominal pain, has_symptom nausea and has_symptom vomiting. This disease is an iatrogenic complication of assisted reproduction technology."
overactive bladder syndrome,"['NGF', 'PENK']",MESH:D053201,DOID:0070355,"A bladder disease characterized by urinary urgency without urinary tract infection or obvious pathology, usually accompanied by urinary frequency and nocturia."
pachyonychia congenita,"['KRT16', 'KRT6A', 'KRT17']",MESH:D053549,DOID:0050449,A syndrome that is characterized by hypertrophic nails and hyperkeratosis of the hands and feet and has_material_basis_in gene mutations that result in changes in keratin.
palmoplantar keratoderma and congenital alopecia 1,['GJA1'],MESH:C537050,DOID:0111244,"An ectodermal dysplasia characterized by autosomal dominant inheritance of severe hyperkeratosis, congenital alopecia, and in some patients nail anomalies that has_material_basis_in heterozygous mutation in GJA1 on 6q22.31."
palmoplantar keratoderma-deafness syndrome,['GJB2'],MESH:C536152,DOID:0111505,A syndrome characterized by sensorineural hearing loss and progressive hyperkeratosis of the palms and soles that has_material_basis_in heterozygous mutation in the GJB2 gene on chromosome 13q12.11.
palmoplantar keratoderma-esophageal carcinoma syndrome,['RHBDF2'],MESH:C536164,DOID:0111506,A syndrome characterized by palmoplantar keratoderma and esophageal cancer that has_material_basis_in heterozygous mutation in the RHBDF2 gene on chromosome 17q25.1.
pancreatic cancer,"['NAT2', 'MUC1', 'FANCG', 'MTR', 'IL13RA2', 'CASP9', 'BCL2L1', 'AKT1', 'NUF2', 'SOD2', 'XRCC2', 'NAP1L1', 'IL13', 'LIG4', 'PALB2', 'BAD', 'XRCC3', 'ERCC4', 'ITGA4', 'ANXA1', 'FANCA', 'RXRA', 'RABL3', 'IL4', 'LUM', 'ACVR1B', 'ALDH2', 'FGF2', 'SEL1L', 'MPO', 'TGFBR2', 'POLB', 'IGF1', 'TP53', 'HSPB1', 'GSTP1', 'IL2', 'FANCC', 'CCND1', 'MKI67', 'IGF1R', 'CCNG1', 'ALOX5', 'STK11', 'IL1B', 'ARPC1A', 'DPYD', 'EPHA3', 'TYMP', 'NCAM1', 'RECQL', 'MAP2K4', 'TCF7L2', 'CASP8', 'CLDN4', 'WNT9A', 'ATR', 'VHL', 'IL10', 'SMAD3', 'RAD54L', 'SMO', 'LIG3', 'SPP1', 'RUNX3', 'ABO', 'ADH1C', 'SNW1', 'BRCA1', 'CYP17A1', 'UGT1A7', 'KDR', 'CDKN2A', 'RRM2', 'BRCA2', 'SMAD4', 'MSLN', 'MANF', 'CCKBR', 'ADM', 'NAT1', 'MTRR', 'APC', 'THBS1', 'XPC', 'PALLD', 'XRCC1', 'CAPN10', 'ILK', 'ITGA11', 'PTGS2', 'MUC4', 'MEN1', 'BID', 'PDGFRA', 'ERCC1', 'CHEK1', 'FASLG', 'PPARG', 'L1CAM', 'OGG1', 'MTHFR', 'CYCS']",MESH:D010190,DOID:1793,An endocrine gland cancer located_in the pancreas.
pancreatic carcinoma,"['KDR', 'CDKN2A']",MESH:C562463,DOID:4905,A pancreas cancer that derives_from epithelial cells located_in the exocrine pancreas.
pancreatic ductal carcinoma,"['MGMT', 'FASLG', 'THBS1', 'MSLN', 'MUC1', 'MAPK3', 'GSTP1', 'SMO', 'VHL', 'HEATR1', 'MDM2', 'CD40', 'CDK6', 'MEN1', 'IL4', 'PMS1']",MESH:D021441,DOID:3587,A pancreatic carcinoma located_in the pancreatic duct.
pancreatic endocrine carcinoma,"['PGF', 'MGMT', 'DAXX']",MESH:D018273,DOID:1798,An islet cell tumor that has_material_basis_in epithelial cells.
pancreatitis,"['SERPING1', 'SPINK1', 'CCL5', 'PRSS1', 'CCL2']",MESH:D010195,DOID:4989,A pancreas disease that is characterized by inflammation of the pancreas.
pancytopenia,['FANCC'],MESH:D010198,DOID:12450,"An anemia that is characterized by a reduction in the number of red blood cells, white blood cells, and platelets."
panhypopituitarism,"['LHX4', 'LHX3', 'PROP1', 'OTX2', 'RNPC3', 'POU1F1']",MESH:C580003,DOID:9410,A hypopituitarism characterized by deficiency in growth hormone and at least one other pituitary hormone.
panic disorder,"['MBL2', 'MAOA', 'HTR1A', 'CCKBR', 'CRH']",MESH:D016584,DOID:594,"An anxiety disorder that is characterized by unexpected and repeated episodes of intense fear accompanied by physical symptoms that may include chest pain, heart palpitations, shortness of breath, dizziness, or abdominal distress."
pantothenate kinase-associated neurodegeneration,['PANK2'],MESH:D006211,DOID:3981,A neurodegeneration with brain iron accumulation that has_material_basis_in autosomal recessive inheritance of mutation in the PANK2 gene on chromosome 20p13.
panuveitis,['IL10'],MESH:D015864,DOID:12030,"An uveitis that is characterized by inflammation of all layers of the uvea (middle layer) of the eye, which includes the iris, ciliary body, and choroid."
papillary renal cell carcinoma,"['MET', 'PRCC']",MESH:C538614,DOID:4465,"A renal cell carcinoma that is characterized by the development of multiple, bilateral papillary renal tumors."
paracoccidioidomycosis,['HLA-DRB1'],MESH:D010229,DOID:12662,"A primary systemic mycosis that results_in systemic fungal infection located_in mucosa, located_in lymph nodes, located_in bone, located_in skin or located_in lungs, has_material_basis_in Paracoccidioides brasiliensis."
paraganglioma,"['SDHB', 'SDHD', 'DLST', 'SLC25A11', 'SDHA', 'SDHC', 'SDHAF2']",MESH:D010235,DOID:0050773,A pheochromocytoma that arises in extraadrenal sympathetic ganglia.
paramyotonia congenita of Von Eulenburg,['SCN4A'],MESH:D020967,DOID:0111538,A neuromuscular disease characterized by onset in infancy or early childhood of bouts of myotonia and muscle weakness that are increased by cold exposure that has_material_basis_in heterozygous mutation in the SCN4A gene on chromosome 17q23.3.
paranoid schizophrenia,"['PAX6', 'KCNN3', 'HSPA1A']",MESH:D012563,DOID:1229,"A schizophrenia characterized by delusions or auditory hallucinations of persecution or being plotted against without thought disorder, disorganized behavior, or affective flattening."
parastremmatic dwarfism,['TRPV4'],MESH:C537172,DOID:0111539,"An osteochondrodysplasia characterized by severe dwarfism, kyphoscoliosis, stiffness of large joints and bowing and twisting of lower limbs that has_material_basis_in heterozygous mutation in the TRPV4 gene on chromosome 12q24.11."
parathyroid carcinoma,['CDC73'],MESH:D010282,DOID:1540,An endocrine gland cancer located_in the parathyroid glands located in the neck.
parietal foramina,"['ALX4', 'MSX2']",MESH:C566826,DOID:0060285,"An inherited neural tube defect that is characterized by enlarged openings in the parietal bones of the skull, has_material_basis_in mutation in the ALX4 gene or MSX2 gene."
paroxysmal extreme pain disorder,['SCN9A'],MESH:C563475,DOID:0111537,"An autonomic nervous system disease characterized by onset in the neonatal period or infancy of paroxysms of rectal, ocular, or submandibular pain with flushing that has_material_basis_in heterozygous mutation in the SCN9A gene on chromosome 2q24.3."
paroxysmal nocturnal hemoglobinuria,"['HLA-DQA1', 'C5', 'PIGT', 'PIGA', 'C3']",MESH:D006457,DOID:0060284,"An acquired hemolytic anemia that is characterized by abdominal pain, hematuria, esophageal dysmotility and thrombosis, has_material_basis_in defect in the cell membrane glycosyl phosphatidylinositols that protect red blood cells from the innate complement immune system."
pathological gambling,"['HTR2A', 'COMT', 'DRD4']",MESH:D005715,DOID:12399,"An impulse control disorder that involves the uncontrollable impulse to gamble, irrespective of the interference the behaviour has on the individual's life."
peanut allergy,['IL13'],MESH:D021183,DOID:4378,A legume allergy that is an allergy or hypersensitivity to dietary substances from peanuts causing an overreaction of the immune system which in a small percentage of people may lead to severe physical symptoms.
peeling skin syndrome,"['CSTA', 'FLG2', 'TGM5', 'CDSN', 'CHST8', 'SERPINB8']",MESH:C564818,DOID:0060283,"A skin disease that is characterized by the painless, continuous peeling of the top layer of skin."
pemphigus,"['HLA-DQA1', 'HLA-DRB1', 'IL2', 'CD36', 'CAST', 'CD40']",MESH:D010392,DOID:9182,"An autoimmune disease of skin and connective tissue that is characterized by blistering of the outer layer of the skin and mucous membranes (mouth, nose, throat, eyes, and genitals), causing lesions and blisters that are easily ruptured."
pemphigus vulgaris,[],MESH:D010392,DOID:0060851,A pemphigus characterized by autosomal dominant blisters and erosions on the skin and mucous membranes erosions cause by autoantibodies to intercellular cement substance.
pentosuria,['DCXR'],MESH:C536652,DOID:0111258,An amino acid metabolic disorder characterized by excretion of excess pentose L-xylulose (1-4 g/day) in the urine that has_material_basis_in homozygous or compound heterozygous mutation in DCXR on 17q25.3.
pericarditis,['PRG4'],MESH:D010493,DOID:1787,A pericardium disease that is characterized by an inflammation of the pericardium and has_symptom chest pain.
periodontal disease,['IL6'],MESH:D010510,DOID:3388,A mouth disease that is relating to or affecting the structures surrounding and supporting the teeth.
peripheral artery disease,"['P2RY12', 'MTHFR', 'DAB2IP']",MESH:D058729,DOID:0050830,"An artery disease that is characterized by build up of plaque in the arteries that carry blood to your head, organs, and limbs."
peripheral nervous system neoplasm,[],MESH:D010524,DOID:1192,A nervous system cancer that is located in the peripheral nervous system.
peripheral vascular disease,"['IL6', 'APOH', 'LIPC', 'MBL2']",MESH:D001157,DOID:341,"A vascular disease that is characterized by obstruction of larger arteries not within the coronary, aortic arch vasculature, or brain."
periventricular nodular heterotopia,"['ARFGEF2', 'ARF1', 'FLNA', 'NEDD4L', 'MAP1B']",MESH:D054091,DOID:0050454,A congenital nervous system abnormality characterized by non proper migration of neurons during the early development of the fetal brain.
pernicious anemia,['CBLIF'],MESH:D000752,DOID:13381,"A nutritional deficiency disease that is characterized by a decrease in red blood cells due to malabsorption of vitamin B12, has_symptom fatigue, pallor, shortness of breath, glossitis, ataxia, and/or paresthesia, has_material_basis_in atrophic gastritis, autoimmune disorder affecting the production or function of intrinsic factor, and/or genetic factors."
peroxisomal acyl-CoA oxidase deficiency,['ACOX1'],MESH:C536662,DOID:0050797,A peroxisomal disease that is characterized by hypotonia and seizures in the neonatal period and neurological regression in early infancy that has_material_basis_in homozygous mutation in the ACOX1 gene on chromosome 17q25.1.
peroxisomal disease,['PHYH'],MESH:D018901,DOID:906,An inherited metabolic disorder that involves peroxisome malfunction.
persistent Mullerian duct syndrome,"['AMH', 'AMHR2']",MESH:C536665,DOID:0050791,"A pseudohermaphroditism that is characterized by the persistence of Mullerian duct derivatives (i.e. uterus, cervix, fallopian tubes and upper two thirds of vagina) in a phenotypically and karyotypically male."
persistent hyperplastic primary vitreous,['ATOH7'],MESH:D054514,DOID:0060282,"A developmental vitreous disease that is characterized by leukocoria, strabismus and vision loss, caused by failure of primary vitreous and hyaloid vasculature to regress during embryological development."
phagocyte bactericidal dysfunction,['CYBA'],MESH:D010585,DOID:3262,A primary immunodeficiency disease where phagocytes have a diminished ability to fight bacterial infection.
phenylketonuria,"['PAH', 'PTS', 'QDPR']",MESH:D010661,DOID:9281,"An amino acid metabolic disorder that is characterized by a mutation in the gene for the hepatic enzyme phenylalanine hydroxylase (PAH), rendering it nonfunctional."
pheochromocytoma,"['MAX', 'SDHB', 'RET', 'HSD17B10', 'VHL', 'TMEM127']",MESH:D010673,DOID:0050771,"An endocrine organ benign neoplasm that arises within the adrenal medulla, releasing epinephrines and norepinephrines hormones that cause either episodic or persistent high blood pressure."
phobic disorder,['MED12'],MESH:D010698,DOID:591,An anxiety disorder where fear and anxiety are triggered by a specific stimulus or situation.
phosphoglycerate kinase 1 deficiency,[],MESH:C567067,DOID:0111933,"A glucose metabolism disease characterized by impaired ability to break down glucose resulting in the variable presentation of hemolytic anemia, myopathy, and neurologic anomalies that has_material_basis_in hemizygous or homozygous mutation in the PGK1 gene on chromosome Xq21.1."
phosphoribosylpyrophosphate synthetase superactivity,['PRPS1'],MESH:C567064,DOID:0111260,An inherited metabolic disorder characterized by increased synthesis of phosphoribosylpyrophosphate resulting in increased production of uric acid and purine that has_material_basis_in X-linked recessive inheritance of mutations in PRPS1 on Xq22.3 that result in increased activity of the gene. The mild form of the disease has late-juvenile or early adult onset while the more severe form has infantile or early-childhood onset.
piebaldism,"['KIT', 'SNAI2']",MESH:D016116,DOID:3263,An integumentary system disease characterized by congenital absence of melanocytes in areas of the skin and hair that has_material_basis_in heterozygous mutation in the KIT gene on chromosome 4q12.
pigmented paravenous chorioretinal atrophy,['CRB1'],MESH:C566801,DOID:0111541,An eye disease characterized by the presence of bone corpuscle pigmentation in a paravenous distribution in the ocular fundus that has_material_basis_in heterozygous mutation in the CRB1 gene on chromosome 1q31.3.
pityriasis rubra pilaris,['CARD14'],MESH:D010916,DOID:9212,"A skin disease that is characterized by hyperkeratotic follicular papules coalescing into orange-red scaly plaques, islands of sparing, and palmoplantar keratoderma."
placental abruption,[],MESH:D000033,DOID:9667,A placenta disease that is characterized by separation of the placental lining from the uterus of the mother.
placental insufficiency,['EPO'],MESH:D010927,DOID:3891,A placenta disease that is characterized by insufficient blood flow to the placenta during pregnancy.
plasma cell leukemia,['CD40'],MESH:D007952,DOID:9513,A plasma cell neoplasm that is characterized by the presence of a circulating clonal plasma cell count that exceeds 2x10^9/L or is 20% of the leukocyte differential count.
plasminogen deficiency type I,['PLG'],MESH:C566897,DOID:0111592,"A syndrome characterized by decreased serum plasminogen activity, decreased plasminogen antigen levels, and chronic mucosal pseudomembranous lesions typically manifesting as ligneous conjunctivitis that has_material_basis_in homozygous or compound heterozygous mutation in PLG on chromosome 6q26."
platelet-type bleeding disorder 17,['GFI1B'],MESH:D055652,DOID:0111049,"A blood platelet disease characterized by autosomal dominant inheritance of increased bleeding tendency, gray platelets, thrombocytopenia, thrombasthenia, abnormal megakaryocytes, decreased or absent alpha-granules in platelets, and myelofibrosis that has_material_basis_in heterozygous mutation in the GFI1B gene on chromosome 9q34."
pleomorphic adenoma,['PLAG1'],MESH:D008949,DOID:452,A gastrointestinal system benign neoplasm that is a located_in the salivary glands.
pleural empyema,['PLAU'],MESH:D016724,DOID:3798,"A soft tissue infectious disease that involves accumulation of pus in the pleural cavity as a result of infection within the lung (pneumonia) or a lung abscess spreading into the space. The symptoms include cough, fever, chest pain, sweating and shortness of breath."
pleural tuberculosis,"['CCR2', 'IL1RN', 'ADA', 'IL1B']",MESH:D014396,DOID:106,"An extrapulmonary tuberculosis that results_in lymphocyte-predominant exudative pleural effusion, located_in pleura. This results from an allergic response to tuberculoprotein causing the permeabiltity of the pleural vasculature to alter leading to a sub-pleural caseous focus rupture into the pleural sac."
pleuropulmonary blastoma,['DICER1'],MESH:C537516,DOID:4769,A pulmonary blastoma that derives_from the lung or pleural cavity.
pneumoconiosis,[],MESH:D011009,DOID:10316,An interstitial lung disease that is caused by the inhalation of dust.
pneumonia,"['SERPINE1', 'FCGR3A', 'NFKBIA', 'C5', 'MIF', 'TNFRSF1B', 'IL1RN', 'VDR', 'SFTPD', 'ACE', 'SOD3', 'ABO', 'CYP1A1', 'HMOX1']",MESH:D011014,DOID:552,"A lung disease that involves lung parenchyma or alveolar inflammation and abnormal alveolar filling with fluid (consolidation and exudation). It results from a variety of causes including infection with bacteria, viruses, fungi or parasites, and chemical or physical injury to the lungs. It is accompanied by fever, chills, cough, and difficulty in breathing."
poikiloderma with neutropenia,['USB1'],MESH:C565820,DOID:0060551,"A skin disease characterized by poikiloderma, hyperkeratotic nails, generalized hyperkeratosis on palms and soles, neutropenia, short stature, and recurrent pulmonary infections and has_material_basis_in mutation in the C16ORF57 gene on chromosome 16q13."
polyarteritis nodosa,['ELN'],MESH:D010488,DOID:9810,A vasculitis that is characterized by necrotizing inflammation of medium or small arteries.
polycystic liver disease,"['ALG8', 'GANAB', 'PRKCSH', 'LRP5', 'SEC63']",MESH:C536330,DOID:0050770,A liver disease that is characterized by the presence of multiple cysts located_in the liver.
polycystic ovary syndrome,"['CYP19A1', 'CAPN10', 'VDR', 'CYP1A1', 'FST']",MESH:D011085,DOID:11612,"An ovarian dysfunction that is characterized by hyperandrogenism, polycystic ovaries, hirsutism, oligomenorrhea or amenorrhea, anovulation and excessive body weight."
polycythemia,"['HBB', 'VHL', 'EPAS1', 'ACE', 'EPOR', 'EGLN1']",MESH:D011086,DOID:8432,A bone marrow disease characterized by an increased number of red blood cells in the bloodstream resulting in thicker blood and reduced blood flow.
polycythemia vera,"['GSTM1', 'JAK2']",MESH:D011087,DOID:8997,"A myeloproliferative neoplasm characterized by erythroid hyperplasia, myeloid leukocytosis, thrombocytosis, and splenomegaly."
polydactyly,"['SHH', 'GLI3']",MESH:C562429,DOID:1148,A physical disorder that is characterized by the presence of more than five fingers per hand or five toes per foot.
"polyhydramnios, megalencephaly, and symptomatic epilepsy",['STRADA'],MESH:C567020,DOID:0070511,"A syndrome characterized by polyhydramnios, distinctive craniofacial features, infantile-onset epilepsy, hypotonia, macrocephaly, and global developmental delay that has_material_basis_in homozygous mutation in the STRADA gene on chromosome 17q23.3."
polymicrogyria,['WDR62'],MESH:D065706,DOID:0080918,A brain disease that is characterized by malformation of the developing brain characterized by abnormal cortical lamination and an unusual folding pattern of the cerebral cortex such that all or part of the brain surface is taken up by an excessive number of small folds (gyri).
polymyalgia rheumatica,['MBL2'],MESH:D011111,DOID:853,"A collagen disease that is characterized by pain, stiffness, and tenderness of the proximal muscle groups including the shoulder, pelvic girdle and the neck."
polymyositis,"['ELN', 'PMS1', 'STAT4']",MESH:D017285,DOID:0080745,A myositis that is characterized by muscle weakness affecting both sides of your body.
polyneuropathy,"['HLA-DRB1', 'SOD2', 'SOD3', 'FCGR3A']",MESH:D011115,DOID:1389,"A peripheral system disease that is characterized by damage affecting peripheral nerves (peripheral neuropathy) in roughly the same areas on both sides of the body, featuring weakness, numbness, pins-and-needles, and burning pain."
pontocerebellar hypoplasia,['PRDM13'],MESH:C580383,DOID:0060264,A neurodegenerative disease that is characterized by underdevelopment of the pons and cerebellum.
pontocerebellar hypoplasia type 2A,['TSEN54'],MESH:C564738,DOID:0060267,"A severe pontocerebellar hypoplasia that is characterized by progressive microcephaly, chorea, epilepsy and hyperreflexia, has_material_basis_in autosomal recessive inheritance of mutation in the TSEN54 gene."
pontocerebellar hypoplasia type 2B,['TSEN2'],MESH:C567325,DOID:0060268,"A severe pontocerebellar hypoplasia that is characterized by progressive microcephaly, clonus, dysphagia and failure to thrive, has_material_basis_in autosomal recessive inheritance of mutation in the TSEN2 gene."
pontocerebellar hypoplasia type 2C,['TSEN34'],MESH:C567324,DOID:0060269,"A severe pontocerebellar hypoplasia that is characterized by progressive microcephaly, extrapyramidal dyskinesia, seizure and failure to thrive, has_material_basis_in autosomal recessive inheritance of mutation in the TSEN34 gene."
pontocerebellar hypoplasia type 3,['PCLO'],MESH:C548072,DOID:0060272,"A pontocerebellar hypoplasia that is characterized by progressive microcephaly, hypotonia, dysmorphic features, profound intellectual disability and seizure, has_material_basis_in autosomal recessive inheritance of mutation in the PCLO gene."
pontocerebellar hypoplasia type 4,['TSEN54'],MESH:C536716,DOID:0060273,"A pontocerebellar hypoplasia that is characterized by progressive microcephaly, hypertonia, myoclonus, seizure and early lethality, has_material_basis_in autosomal recessive inheritance of mutation in the TSEN54 gene."
pontocerebellar hypoplasia type 5,['TSEN54'],MESH:C537745,DOID:0060274,"A pontocerebellar hypoplasia that is characterized by severe olivopontocerebellar hypoplasia and degeneration leading to early lethality, has_material_basis_in autosomal recessive inheritance of mutation in the TSEN54 gene."
pontocerebellar hypoplasia type 6,['RARS2'],MESH:C548074,DOID:0060275,"A pontocerebellar hypoplasia that is characterized by olivopontocerebellar hypoplasia and developmental delay, has_material_basis_in autosomal recessive inheritance of mutation in the RARS2 gene."
popliteal pterygium syndrome,['IRF6'],MESH:C562509,DOID:0060055,"A syndrome characterized by abnormal development of the face, skin and genitals. Clinical expressions of the disease include cleft lip, with or without cleft palate, contractures of the lower extremities, abnormal external genitalia, syndactyly of fingers and/or toes, and a pyramidal skin fold over the hallux nail. It has_material_basis_in mutations in the IRF6 gene on chromosome 1."
porencephaly,['COL4A2'],MESH:D065708,DOID:0060263,A brain disease that is characterized by encephalomalacia and cystic brain lesions.
porphyria,['EPO'],MESH:D011164,DOID:13268,An inherited metabolic disorder that involves certain enzymes in the heme bio-synthetic pathway resulting in the overproduction and accumulation of the porphyrins.
porphyria cutanea tarda,"['CYP1A2', 'UROD', 'GSTM1', 'ALAD', 'CYP1A1']",MESH:D017119,DOID:3132,"An acute porphyria characterized by painful, blistering skin lesions that develop on sun-exposed skin."
post-traumatic stress disorder,"['OPRM1', 'BDNF']",MESH:D013313,DOID:2055,An anxiety disorder which results from a traumatic experience that results in psychological trauma.
postaxial acrofacial dysostosis,['DHODH'],MESH:C537680,DOID:0111259,"A syndrome characterized by severe micrognathia, cleft lip and/or palate, hypoplasia or aplasia of the postaxial elements of the limbs, coloboma of the eyelids, cup-shaped ears, and supernumerary nipples that has_material_basis_in homozygous or compound heterozygous mutation in DHODH on 16q22.2."
postpartum depression,['TPH1'],MESH:D019052,DOID:9478,"An endogenous depression that involves intense, sustained and sometimes disabling depression experienced by women after giving birth."
pre-eclampsia,"['CYP11B2', 'HP', 'ACE', 'CORIN', 'CD46', 'VEGFA', 'GSTP1', 'STOX1', 'HNF1A', 'F2', 'FLT1', 'TNFRSF1B', 'CLU', 'FAS', 'FASLG', 'ESR2', 'AGT', 'PPARG', 'ITGAM', 'EPHX1', 'F5', 'HSD11B1', 'HLA-A']",MESH:D011225,DOID:10591,"A hypertension occurring during pregnancy characterized by large amounts of protein in the urine (proteinuria) and edema, usually by the last trimester of pregnancy."
prediabetes syndrome,"['IL6', 'CCR2', 'GCG', 'PTPRN2', 'UCP3']",MESH:D011236,DOID:11716,"A glucose metabolism disease that is characterized by blood glucose levels are high, but not high enough to be classified as type 2 diabetes."
premature menopause,[],MESH:D008594,DOID:10787,An ovarian dysfunction that is the loss of normal ovarian function before age 40.
preterm premature rupture of the membranes,['SERPINH1'],MESH:C563032,DOID:0111144,A female reproductive system disease characterized by rupture of chorioamniotic membranes before 37 weeks of gestation.
priapism,['F13A1'],MESH:D011317,DOID:9286,A peripheral vascular disease characterized by blood trapped in the penis that is unable to drain.
primary biliary cholangitis,"['HLA-DQA1', 'ABCB4', 'LBR', 'STAT4', 'UTP4', 'CENPB', 'NUP62', 'VDR', 'CTLA4']",MESH:D008105,DOID:12236,A liver cirrhosis characterized by chronic and slow progressive destruction of intrahepatic bile ducts.
primary ciliary dyskinesia,"['STK36', 'TP73', 'BRWD1', 'DNAH7', 'NME5', 'CFAP74', 'DAW1']",MESH:D002925,DOID:9562,"A ciliopathy that is characterized by impaired function of the cilia lining the respiratory tract (lower and upper, sinuses, Eustachian tube, middle ear) and fallopian tube."
primary cutaneous T-cell non-Hodgkin lymphoma,"['CDKN2B', 'CDKN2A']",MESH:D016410,DOID:0060061,A non-Hodgkin's lymphoma that has_material_basis_in a mutation of T cells.
primary failure of tooth eruption,['PTH1R'],MESH:C565114,DOID:0111341,A tooth disease characterized by incomplete tooth eruption despite the presence of a clear eruption pathway that has_material_basis_in heterozygous mutation in the PTHR1 gene on chromosome 3p21.31.
primary hyperaldosteronism,"['CYP11B1', 'CACNA1H', 'CYP11B2', 'CLCN2', 'KCNJ5']",MESH:D003480,DOID:446,An adrenal gland hyperfunction disease that results in the overproduction of aldosterone by the adrenal glands.
primary hyperoxaluria,['GRHPR'],MESH:D006959,DOID:2977,A carbohydrate metabolic disorder characterized by impaired glyoxylate metabolism resulting in accumulation of oxalate throughout the body typically manifesting as kidney and bladder stones.
primary hyperoxaluria type 1,['AGXT'],MESH:C536414,DOID:0111670,A primary hyperoxaluria characterized by failure to transaminate glyoxylate resulting in accumulation of calcium oxalate in various tissues that has_material_basis_in homozygous or compound heterozygous mutation in the AGXT gene on chromosome 2q37.3.
primary hyperoxaluria type 2,['GRHPR'],MESH:C536415,DOID:0111671,"A primary hyperoxaluria characterized by elevated urinary excretion of oxalate and L-glycerate, recurrent nephrolithiasis and nephrocalcinosis, and end-stage renal disease that has_material_basis_in homozygous or compound heterozygous mutation in the GRHPR gene on chromosome 9p13.2."
primary hyperparathyroidism,['VDR'],MESH:D049950,DOID:11202,A hyperparathyroidism that is characterized by overproduction of parathyroid hormone and elevated levels of calcium in the blood.
primary immunodeficiency disease,"['TET2', 'IFNAR1', 'SPPL2A', 'ZNFX1', 'CARD9', 'RNF31', 'LCP2', 'IL6ST', 'IRAK4', 'MPEG1', 'IL7R', 'CEBPE', 'TOM1', 'FADD', 'TNFRSF9', 'CTLA4', 'PIK3CG', 'CD8A', 'IL2', 'FCHO1', 'IFIH1', 'TBX21', 'MCM10', 'MYD88', 'OTULIN', 'MAP3K14', 'DPP9', 'REL', 'CTNNBL1', 'TPP2', 'SYK', 'DEF6', 'OAS1', 'STK4', 'IKZF3', 'FOXN1', 'SLC19A1', 'POLR3F', 'ARPC5', 'TLR3', 'CARD10', 'TLR8', 'CASP8', 'FNIP1', 'LIG1']",MESH:D007153,DOID:612,An immune system disease that results when one or more essential parts of the immune system is missing or not working properly at birth due to a genetic mutation.
primary open angle glaucoma,"['ADIPOQ', 'CDKN1A', 'TLR4', 'MYOC', 'OPTN', 'THBS1', 'TP53', 'SOD2', 'MMP1', 'COL6A3', 'GSTM1', 'PON1', 'NOS3', 'ACVR1', 'CAV1', 'CYP1B1', 'ESR2', 'GSTT1', 'ADRB2', 'LAMB2', 'OGG1', 'CAV2']",MESH:D005902,DOID:1070,"An open-angle glaucoma that is characterized by the absence of any apparent obstruction of aqueous outflow through the trabecular meshwork with gonioscopy, but often with elevated intraocular pressure."
primary ovarian insufficiency,"['FANCA', 'TP63', 'BMP15', 'MSH4', 'KASH5', 'XPO5', 'BBS9']",MESH:D016649,DOID:5426,An ovarian disease where ovaries do not produce estrogen despite high levels of circulating gonadotropins in women under 40.
primary pigmented nodular adrenocortical disease,"['PDE8B', 'PRKAR1A', 'PDE11A']",MESH:C566469,DOID:0060280,An adrenal cortex disease characterized by small to normal sized adrenal glands containing multiple small cortical pigmented nodules.
primary progressive multiple sclerosis,"['HLA-DRB1', 'ADAMTS14', 'GRN', 'IL4R']",MESH:D020528,DOID:0050784,"A multiple sclerosis that is characterized by steady worsening of neurologic functioning, without any distinct relapses or periods of remission. The rate of progression may vary over time, with occasional plateaus or temporary improvements, but the progression is continuous."
primary sclerosing cholangitis,[],MESH:D015209,DOID:0060643,"A sclerosing cholangitis characterized by fibroobliterative inflammation of the biliary tract, leading to cirrhosis and portal hypertension."
prion disease,['SOD1'],MESH:D017096,DOID:649,"A brain disease that is characterized by brain damage resulting from the abnormal folding, clumping and accumulation of cellular proteins in the brain induced by prion proteins."
progeria,"['GH1', 'LMNA']",MESH:D011371,DOID:3911,"A progeroid syndrome characterized by extreme short stature, low body weight, early loss of hair, lipodystrophy, scleroderma, decreased joint mobility, osteolysis, and facial features that resemble aged persons that has_material_basis_in mutation in the LMNA gene on chromosome 1q22."
progressive familial heart block type IB,[],MESH:C567037,DOID:0111076,A progressive familial heart block characterized by that has_material_basis_in heterozygous mutation in the TRPM4 gene on chromosome 19q13.
progressive familial intrahepatic cholestasis 1,['ATP8B1'],MESH:C535933,DOID:0070226,A progressive familial intrahepatic cholestasis characterized by autosomal recessive inheritance that has_material_basis_in mutation in the ATP8B1 gene on chromosome 18q21.
progressive familial intrahepatic cholestasis 2,['ABCB11'],MESH:C535934,DOID:0070222,A progressive familial intrahepatic cholestasis characterized by autosomal recessive inheritance that has_material_basis_in mutation in the ABCB11 gene on chromosome 2q31.
progressive familial intrahepatic cholestasis 3,['ABCB4'],MESH:C535935,DOID:0070223,A progressive familial intrahepatic cholestasis characterized by autosomal recessive inheritance of intrahepatic cholestasis and elevated serum GGT1 activity that has_material_basis_in mutation in the ABCB4 gene on chromosome 7q21.12.
progressive myoclonus epilepsy,"['SEMA6B', 'EPM2A', 'SLC7A6OS']",MESH:D020191,DOID:891,A variable age at onset electroclinical syndrome characterized by a relentlessly progressive disease course until death.
progressive myoclonus epilepsy 3,['KCTD7'],MESH:C567095,DOID:0111446,A progressive myoclonus epilepsy characterized by onset of intractable myoclonic seizures before age 2 years and developmental regression that has_material_basis_in homozygous or compound heterozygous mutation in the KCTD7 gene on chromosome 7q11.21.
progressive myoclonus epilepsy 4,['SCARB2'],MESH:D020191,DOID:0111444,A progressive myoclonus epilepsy characterized by progressive myoclonic epilepsy often associated with renal failure that has_material_basis_in homozygous or compound heterozygous of mutation in the SCARB2 gene on chromosome 4q21.1.
progressive osseous heteroplasia,[],MESH:C562735,DOID:0111535,A syndrome characterized by infantile onset of dermal ossification followed by progressive bone formation in skeletal muscle and deep fascia that has_material_basis_in heterozygous loss of function mutation in the Gs-alpha isoform of the GNAS gene on chromosome 20q13.32.
progressive supranuclear palsy,"['NAT2', 'MAP2K6']",MESH:D013494,DOID:678,"A movement disease that is characterized by serious and progressive problems with control of gait and balance, along with complex eye movement and thinking problems. It involves gradual deterioration and death of specific volumes of the brain."
prolidase deficiency,[],MESH:D056732,DOID:0111540,"An amino acid metabolic disorder characterized by massive imidodipeptiduria, chronic and slowly healing ulcerations, recurrent infections, dysmorphic facial features, variable cognitive impairment, splenomegaly, and lack of or reduced prolidase activity that has_material_basis_in homozygous or compound heterozygous mutation in the PEPD gene on chromosome 19q13.11."
proliferative vasculopathy and hydranencephaly-hydrocephaly syndrome,['FLVCR2'],MESH:C565593,DOID:0111666,"A syndrome characterized by hydranencephaly, glomeruloid vasculopathy of the central nervous system and retinal vessels, diffuse clastic ischemic lesions of the brain stem, basal ganglia, and spinal cord with calcifications, and fetal akinesia with arthrogryposis that has_material_basis_in homozygous or compound heterozygous mutation in the FLVCR2 gene on chromosome 14q24.3."
propionic acidemia,"['PCCA', 'PCCB']",MESH:D056693,DOID:14701,An organic acidemia that involes a nonfunctional propionyl CoA carboxylase affecting conversion of amino acids and fats into sugar for energy.
proprotein convertase 1/3 deficiency,['PCSK1'],MESH:C563423,DOID:0111698,"A syndrome characterized by severe childhood obesity, hypoadrenalism, hypogonadism, reactive hypoglycaemia, and elevated circulating levels of certain prohormones that has_material_basis_in homozygous or compound heterozygous mutation in the PCSK1 gene on chromosome 5q15."
prostate cancer,"['BMP7', 'NAT2', 'CDH1', 'VEGFA', 'EPHB1', 'AKT1', 'HLA-DRB1', 'BIK', 'GSTM1', 'CDC25A', 'SOCS1', 'SREBF2', 'AGAP2', 'CADM1', 'AKT3', 'LIG4', 'BCL2', 'CYP1A1', 'ANG', 'CD55', 'JUP', 'JAK1', 'ESR2', 'ACP3', 'THRB', 'NFKBIA', 'FHIT', 'EIF3H', 'KLF6', 'ICAM1', 'IKBKB', 'CDK2', 'RNASEL', 'RTEL1', 'AR', 'MX1', 'PIK3CB', 'MSR1', 'CDC25C', 'TP53', 'VDAC1', 'GSTP1', 'IGFBP3', 'ZFHX3', 'TMEFF2', 'DAB2IP', 'CDH13', 'MAD1L1', 'RASSF1', 'ERBB2', 'CXCR4', 'TCF7L2', 'SULT2A1', 'CCND2', 'STAT3', 'IL16', 'ENO2', 'CHEK2', 'VDR', 'PEBP1', 'ACSL3', 'KLK4', 'NFKB1', 'CCNB1', 'KLK10', 'NOS3', 'CHD1', 'FAS', 'CHUK', 'COMT', 'RB1', 'BMP2', 'GSTT1', 'BRCA1', 'CYP17A1', 'KIF5A', 'CDKN2A', 'SRD5A2', 'BGLAP', 'BRCA2', 'GRB2', 'NAT1', 'CHGA', 'APC', 'TLR2', 'CDK4', 'MXI1', 'XRCC1', 'CD44', 'SRD5A1', 'PTGS2', 'PDPK1', 'TSG101', 'NBN', 'FLT3', 'ESR1', 'BIRC5', 'MAP3K7', 'HIF1A', 'CAV1', 'BAG1', 'TSPY1', 'OGG1', 'FGFR4', 'CCNA1']",MESH:D011471,DOID:10283,A male reproductive organ cancer that is located_in the prostate.
protein C deficiency,[],MESH:D020151,DOID:3756,A thrombophilia that is characterized by recurrent venous thrombosis and that has_material_basis_in heterozygous mutation in the PROC gene on chromosome 2q14.
protein S deficiency,"['PROS1', 'TFPI']",MESH:D018455,DOID:2451,A thrombophilia that is characterized by increased risk of developing abnormal blood clots.
proteinuria,"['AGER', 'MYH9', 'TLR9', 'PLA2G7', 'SNRPD1', 'IL1RN', 'ACE']",MESH:D011507,DOID:576,A kidney disease that is characterized by the presence of excess proteins in the urine.
prothrombin deficiency,['F2'],MESH:C562724,DOID:2235,"A thrombophilia that is characterized by bleeding symptoms due to low levels of circulating prothrombin, and has_material_basis_in autosomal recessive inheritance of homozygous or compound heterozygous mutation in the gene encoding coagulation factor II, also known as prothrombin, on chromosome 11p11."
prune belly syndrome,['CHRM3'],MESH:D011535,DOID:0060889,"A syndrome that is characterized by megacystis with disorganized detrusor muscle, cryptorchidism, and thin abdominal musculature with overlying lax skin and that has_material_basis_in homozygous mutation in the CHRM3 gene on chromosome 1q43."
pseudoachondroplasia,['COMP'],MESH:C535819,DOID:0080047,An osteochondrodysplasia that has_material_basis_in mutations in the COMP gene which results_in short limb dwarfism.
pseudohypoparathyroidism type IB,['STX16'],MESH:C548075,DOID:0080222,"A pseudohypoparathyroidism characterized by isolated renal parathyroid hormone (PTH) resistance resulting in hypocalcemia, hyperphosphatemia and elevated PTH levels that has_material_basis_in mutations that alter the methylation pattern of GNAS on 20q13.32."
pseudoxanthoma elasticum,"['VEGFA', 'XYLT1', 'CAT', 'SOD2', 'ABCC6', 'MMP2', 'ELN', 'GPX1', 'XYLT2']",MESH:D011561,DOID:2738,"A connective tissue disease that is characterized by the accumulation of deposits of calcium and other minerals in elastic fibers, which are a component of connective tissue, this can result in changes in the skin, eyes, cardiovascular system and gastrointestinal system."
psoriasis,"['ICAM1', 'NAT2', 'C2', 'IL10', 'VDR', 'CTLA4', 'VEGFA', 'MBL2', 'IL20', 'PTPN22', 'TAP1', 'CD40', 'IL17A', 'PSMB9', 'AGER', 'IL13', 'TAP2', 'BANK1', 'CYP1A1', 'IL23R', 'HLA-DQA1', 'COMT', 'STAT4', 'ADRB2', 'LTA', 'CFB', 'STAT3', 'CAST', 'CADM2', 'CX3CR1']",MESH:D011565,DOID:8893,A skin disease that is characterized by patches of thick red skin and silvery scales.
psoriatic arthritis,"['CCR2', 'IL13', 'STAT4', 'IRAK1', 'PTPN22', 'LTA', 'STAT3', 'PECAM1', 'CYP1A1', 'IL17A']",MESH:D015535,DOID:9008,An arthritis that is characterized by joint inflammation that usually occurs in combination with psoriasis.
ptosis,[],MESH:D001763,DOID:0060260,An eye disease characterized by the drooping or falling of the upper or lower eyelid.
pulmonary alveolar microlithiasis,['SLC34A2'],MESH:C562405,DOID:12117,A lung disease that is characterized the accumulation of tiny fragments of calcium phosphate gradually accumulate in the alveoli of the lungs.
pulmonary alveolar proteinosis,"['CSF2RB', 'CSF2', 'ABCA3', 'CSF2RA']",MESH:D011649,DOID:12120,"A lung disease that is characterized by abnormal accumulation of surfactant occurs within the alveoli, interfering with gas exchange."
pulmonary edema,"['SFTPA1', 'ADRB2', 'IL13', 'AGT']",MESH:D011654,DOID:11396,A respiratory failure that is characterized by the accumulation of fluid in the lung tissues causing disturbance of the gas exchange that may lead to respiratory failure.
pulmonary embolism,"['F2', 'DAB2IP', 'F13A1', 'BHMT', 'F5', 'FTO']",MESH:D011655,DOID:9477,"An artery disease characterized by a blockage of the main artery of the lung or one of its branches by a substance that has travelled from elsewhere in the body, e.g. a blood clot."
pulmonary fibrosis,"['TGFB1', 'CXCL8', 'SERPINE1', 'MBL2', 'BDKRB1', 'TFPI', 'CHRM3', 'IL1A', 'AP3B1', 'IL1RN', 'SFTPA1', 'PTGS2', 'PLAU']",MESH:D011658,DOID:3770,"An interstitial lung disease that is characterized by destruction, scarring, and thickening of the interstitial lung tissues and progressive pulmonary function loss in a restrictive pattern, has_symptom progressive shortness of breath, fatigue, and chronic cough, possibly has_material_basis_in exposure to certain chemicals, autoimmune conditions, and radiation."
pulmonary hypertension,"['SERPINE1', 'ACVRL1', 'MMP9', 'HP', 'ATP2A2', 'SLC6A4', 'ADM', 'EPAS1', 'HMOX1', 'KCNA5', 'TGFB1', 'CSF3', 'EDNRA', 'IL1RN', 'NOS2', 'ALOX5', 'VEGFB', 'NOS3', 'BMPR2', 'ACE2', 'CYP2J2', 'IL23R', 'MAPK3', 'F5', 'MAPK1', 'AGTR1', 'PTK2', 'EPO', 'CX3CR1']",MESH:D006976,DOID:6432,"A hypertension characterized by an increase of blood pressure in the pulmonary artery, pulmonary vein or pulmonary capillaries."
pulmonary sarcoidosis,"['CCR5', 'TGFB1', 'HLA-DRB1', 'VIP', 'NOD2', 'LTA', 'ABO']",MESH:D017565,DOID:13406,"A sarcoidosis that is characterized by noncaseating granulomatous infiltration of the lungs and supporting lymph nodes, bilateral hilar adenopathy, and pulmonary issues, has_symptom shortness of breath, fatigue, wheezing, and chronic cough, and develops_from a type IV hypersensitivity reaction."
pulmonary tuberculosis,"['NAT2', 'NOD2', 'TLR4', 'SFTPA1', 'CD36', 'VDR', 'TLR2', 'SLC11A1', 'FOXP3', 'MBL2', 'CCL5', 'AKT1', 'HLA-DRB1', 'CLEC4M', 'PTPN22', 'TAP1', 'IL1RN', 'EREG', 'GSTM1', 'CCL2', 'NOS2', 'IL27', 'ALOX5', 'CD14', 'IL1B', 'TAP2', 'CD1D', 'MIF', 'KIR3DS1', 'CCL1', 'TLR9', 'GSTT1', 'GBE1', 'ABCB1', 'LTA', 'HLA-DPB1', 'CD209']",MESH:D014397,DOID:2957,"A tuberculosis that is a contagious disease located_in lungs. The infection has_symptom fever, has_symptom cough, has_symptom difficulty in breathing, has_symptom inflammatory infiltrations, has_symptom formation of tubercles, has_symptom caseation, has_symptom pleural effusion, and has_symptom fibrosis."
purine nucleoside phosphorylase deficiency,['PNP'],MESH:C562587,DOID:5813,A combined T cell and B cell immunodeficiency that is a rare autosomal recessive metabolic disorder that has_material_basis_in mutation in the PNP gene and characterized mainly by decreased T-cell function.
pycnodysostosis,['CTSK'],MESH:D058631,DOID:0080038,"An osteochondrodysplasia that has_material_basis_in a mutation in the CTSK gene which results_in dwarfism, brittle bones, osteopetrosis, shortening of the distal phalanges."
pyridoxamine 5'-phosphate oxidase deficiency,['PNPO'],MESH:C566449,DOID:0111329,A vitamin metabolic disorder characterized by vitamin B6 deficienc resulting in neonatal-onset of severe seizures that can be controlled with pyridoxal 5'-phosphate treatment that has_material_basis_in homozygous or compound heterozygous mutation in PNPO on 17q21.32.
pyridoxine-dependent epilepsy,['ALDH7A1'],MESH:C536254,DOID:0080768,An epilepsy that is characterized by intractable seizures within the first weeks to months of life that are not controlled with antiepileptic drugs but respond both clinically and electrographically to large daily supplements of pyridoxine.
pyruvate carboxylase deficiency disease,['PC'],MESH:D015324,DOID:3651,"A carbohydrate metabolic disorder that is characterized by deficiency of pyruvate carboxylase causing decreased utilization of carbohydrates and toxic accumulation of lactic acid, possibly has_symptom periodic lactate elevations, gastrointestinal upset, neonatal onset of metabolic acidosis, failure to thrive, developmental delay, seizures, death, and has_material_basis_in autosomal recessive inheritance of mutation in the PC gene, which encodes pyruvate carboxylase, a critical protein in the citric acid cycle and in gluconeogenesis."
pyruvate decarboxylase deficiency,"['DLAT', 'PDP1', 'PDHA1', 'PDHB']",MESH:D015325,DOID:3649,A carbohydrate metabolic disorder characterized by the buildup of lactic acid in the body and a variety of neurological problems and caused by a deficiency of one of the three enzymes in the pyruvate dehydrogenase complex.
pyruvate kinase deficiency of red cells,['PKLR'],MESH:C564858,DOID:0111077,A congenital nonspherocytic hemolytic anemia that has_material_basis_in homozygous or compound heterozygous mutation in the PKLR gene on chromosome 1q22.
rapadilino syndrome,['RECQL4'],MESH:C535288,DOID:0050774,"A syndrome that is characterized by radial ray defect, patellae hypoplasia, cleft palate, diarrhea, dislocated joints, limb malformations, long nose and normal intelligence, has_material_basis_in homozygous or compound heterozygous mutation in the DNA helicase gene RECQL4 on chromosome 8q24."
reactive arthritis,"['SOD2', 'TAP2', 'TAP1', 'HLA-B', 'CYP1A1']",MESH:D016918,DOID:6196,An arthritis that is an autoimmune disease which develops due to an infection located elsewhere in the body.
rectal benign neoplasm,"['MTHFR', 'PIK3CA', 'MAPK8']",MESH:D012004,DOID:1984,An intestinal benign neoplasm located_in the rectum.
rectum cancer,"['IL6', 'XRCC5', 'MRE11', 'MAPK14', 'CYP24A1', 'CHD4', 'MAP3K1', 'NBN', 'GPX3']",MESH:D012004,DOID:1993,A colorectal cancer that is located_in the rectum.
recurrent hypersomnia,['CHKB'],MESH:D006970,DOID:8619,A sleep disorder that involves recurring bouts of excessive amounts of sleepiness.
relapsing-remitting multiple sclerosis,"['KLC1', 'CSPG4', 'NOD2', 'ADAMTS14', 'FAS']",MESH:D020529,DOID:2378,"A multiple sclerosis that is characterized by relapse (attacks of symptom flare-ups) followed by remission (periods of recovery). Symptoms may vary from mild to severe, and relapses and remissions may last for days or months. More than 80 percent of people who have MS begin with relapsing-remitting cycles."
renal agenesis,"['FGF20', 'ITGA8', 'GFRA1']",MESH:C563261,DOID:14766,A renal disease that is characterized by the failure of one or both kidneys to develop.
renal cell carcinoma,"['MMP3', 'EGLN3', 'MANF', 'CDK2', 'VHL', 'CDH1', 'MET', 'MAP2K1', 'APC', 'EGLN1', 'CTLA4', 'HNF1B', 'ABCG2', 'TGFB1', 'ATP5MC2', 'ARNT', 'HLA-DRB1', 'XRCC1', 'KDM4C', 'IL2', 'MMP1', 'IL1RN', 'CCND1', 'GSTM1', 'TNFRSF10A', 'WIF1', 'CA9', 'PBRM1', 'FTO', 'HNF1A', 'HAVCR2', 'PSMB9', 'KIT', 'C4B', 'LTF', 'SLC49A4', 'RNF139', 'AKT3', 'RASSF1', 'C4A', 'EGLN2', 'BCL2', 'ERBB2', 'FLCN', 'CYP1A1', 'PDGFRB', 'FAS', 'TP73', 'JUP', 'COMT', 'NR3C1', 'GSTT1', 'ABCB1', 'TFE3', 'THRB', 'FHIT', 'PAK1', 'MAPK1', 'STAT3', 'OGG1', 'THRA', 'CDKN2A', 'RELA', 'IL4R', 'MTHFR', 'HOXB13', 'CSF1R']",MESH:D002292,DOID:4450,A renal carcinoma that has_material_basis_in the lining of the proximal convoluted renal tubule of the kidney.
renal hypomagnesemia 5 with ocular involvement,['CLDN19'],MESH:C536148,DOID:0060881,"A hypomagnesemia characterized by autosomal recessive inheritance of renal magnesium wasting with hypercalcinosis, progressive renal failure and severe ocular involvement that has_material_basis_in homozygous mutation in the CLDN19 gene on chromosome 1p34.2."
renal tuberculosis,['IL4R'],MESH:D014398,DOID:9733,An urogenital tuberculosis that results_in formation of granulomas located_in kidney.
renal tubular acidosis,"['ATP6V0A4', 'SLC4A1', 'ATP6V1B1', 'SLC4A4']",MESH:D000141,DOID:14219,"A renal tubular transport disease characterized by excess levels of acid in the blood, due to a failure of the kidneys to appropriately acidify the urine."
renal-hepatic-pancreatic dysplasia,"['NEK8', 'NPHP3']",MESH:C567142,DOID:0060259,"A physical disorder characterized by pancreatic fibrosis, renal dysplasia and hepatic dysgenesis; it is usual fatal soon after birth."
respiratory syncytial virus infectious disease,"['CCR5', 'IL18', 'TLR4', 'SFTPA1', 'SFTPD', 'RSAD2', 'ACE2']",MESH:D018357,DOID:1273,"A viral infectious disease that results_in infection located_in upper respiratory tract or located_in lower respiratory tract, has_material_basis_in Human respiratory syncytial virus, which is transmitted_by droplet spread of nasal secretions from an infected person while coughing or sneezing, or transmitted_by contaminated fomites. The infection has_symptom runny nose, has_symptom fever, has_symptom cough, has_symptom wheezing, and has_symptom respiratory distress."
restless legs syndrome,['TF'],MESH:D012148,DOID:0050425,"A central nervous system disease characterized by throbbing, pulling creeping or other unpleasant sensations in the legs and the irresistible urge to move them."
restrictive cardiomyopathy,"['KIF20A', 'MAP2K6', 'TNNT2', 'TNNI3', 'DES', 'MAP2K3']",MESH:D002313,DOID:397,"An intrinsic cardiomyopathy characterized by impaired ventricular filling, with normal or decreased diastolic volume of either or both ventricles typically resulting from increased stiffness of the myocardium."
restrictive dermopathy,['ZMPSTE24'],MESH:C536920,DOID:0060762,"A skin disease characterized by thin, tightly adherent translucent skin with erosions at flexure sites, superficial vessels, typical facial dysmorphism, and generalized joint ankylosis. Prenatal signs may include intrauterine growth retardation, reduced fetal movements, polyhydramnios, and premature rupture of the membranes. Most infants die within the first week of life."
reticular dysgenesis,['AK2'],MESH:C538361,DOID:0060020,"A severe combined immunodeficiency that is the most severe form of SCID and has_material_basis_in mutations in the gene encoding mitochondrial adenylate kinase 2. It is characterized by congenital agranulocytosis, lymphopenia, and lymphoid and thymic hypoplasia with absent cellular and humoral immunity functions."
retinal cone dystrophy 3A,['PDE6H'],MESH:C566483,DOID:0081025,"A cone dystrophy that is characterized by reduced visual acuity, photoaversion, night blindness, and abnormal color vision and that has_material_basis_in mutation in the gene encoding the gamma subunit of cone cGMP-phosphodiesterase (PDE6H0) on chromosome 12p13."
retinal cone dystrophy 3B,['KCNV2'],MESH:C563678,DOID:0081022,"A cone dystrophy that is characterized by onset in the first or second decade of life of very marked photophobia, myopia, reduced color vision along the red-green axis with relatively preserved tritan discrimination, and central scotomata with peripheral widespread sensitivity loss predominating in the superior visual field and that has_material_basis_in homozygous or compound heterozygous mutation in the KCNV2 gene on chromosome 9p24."
retinal cone dystrophy 4,['CACNA2D4'],MESH:C566470,DOID:0081023,A cone dystrophy that has_material_basis_in homozygous mutation in the CACNA2D4 gene on chromosome 12p13.
retinal degeneration,"['RD3', 'SERPINF1', 'PRPH2', 'ABCA4', 'HDAC4', 'HGF', 'PKD2', 'BCL2', 'TFPI2']",MESH:D012162,DOID:8466,A retinal disease that is characterized by deterioration of the retina caused by the progressive and eventual death of the cells of the retina.
retinal disease,[],MESH:D012164,DOID:5679,An eye disease that is located_in the retina.
retinal vasculitis,"['HLA-B', 'CX3CR1']",MESH:D031300,DOID:11563,"A vasculitis that is characterized by inflammation of the vascular branches of the retinal artery and has_symptom painless decrease of visual acuity, visual floaters, dark spot in vision, decreased ability to distinguish colors, and distortion of images such as linear images."
retinal vasculopathy with cerebral leukodystrophy,['TREX1'],MESH:C566007,DOID:0111567,"A vascular disease characterized by adult onset of microvascular endotheliopathy resulting in central nervous system degeneration with progressive loss of vision, stroke, motor impairment, and cognitive decline that has_material_basis_in heterozygous mutation in TREX1 on chromosome 3p21.31."
retinitis pigmentosa,"['RHO', 'AIPL1', 'POMGNT1', 'IMPDH1', 'ARHGEF18', 'ABCA4', 'PRPF3', 'RPGR', 'MFRP', 'CNGB1', 'SERPINF1', 'CC2D2A', 'IFT140', 'HK1', 'PRPH2', 'NRL', 'RP2', 'RPGRIP1', 'WDR19', 'PRPF8', 'RPE65', 'CERKL', 'CAT', 'GUCY2D', 'CNGA1', 'FSCN2', 'RGR', 'USH2A', 'IMPG1', 'RLBP1', 'LRAT', 'OFD1', 'SOD1', 'SNRNP200', 'SAG', 'CRB1', 'RAX2', 'PRPS1', 'TULP1']",MESH:C538365,DOID:10584,A retinal degeneration characterized by the gradual deterioration of the photoreceptors or the retinal pigment epithelium of the retina leading to progressive sight loss.
retinitis pigmentosa 1,['RP1'],MESH:C538365,DOID:0110390,A retinitis pigmentosa that has_material_basis_in mutation in the RP1 gene on chromosome 8q12.
retinitis pigmentosa 10,['IMPDH1'],MESH:C566715,DOID:0110388,A retinitis pigmentosa that has_material_basis_in mutation in the IMPDH1 gene on chromosome 7q32.
retinitis pigmentosa 11,['PRPF31'],MESH:C563991,DOID:0110408,A retinitis pigmentosa that has_material_basis_in mutation in the PRPF31 gene on chromosome 19q13.
retinitis pigmentosa 12,['CRB1'],MESH:C563999,DOID:0110358,A retinitis pigmentosa that has_material_basis_in mutation in the CRB1 gene on chromosome 1q31.3.
retinitis pigmentosa 13,['PRPF8'],MESH:C564008,DOID:0110403,A retinitis pigmentosa that has_material_basis_in mutations in the PRPF8 gene on chromosome 17p13.3.
retinitis pigmentosa 14,['TULP1'],MESH:C563992,DOID:0110381,A retinitis pigmentosa that has_material_basis_in mutation in the TULP1 gene on chromosome 6p21.
retinitis pigmentosa 18,['PRPF3'],MESH:C563320,DOID:0110356,A retinitis pigmentosa that has_material_basis_in mutation in the PRPF3 gene on chromosome 1q21.
retinitis pigmentosa 19,['ABCA4'],MESH:C566637,DOID:0110354,A retinitis pigmentosa that has_material_basis_in mutation in the ABCA4 gene on chromosome 1p22.
retinitis pigmentosa 2,['RP2'],MESH:C567523,DOID:0110415,A retinitis pigmentosa that has_material_basis_in mutation in the RP2 gene on chromosome Xp11.3.
retinitis pigmentosa 20,['RPE65'],MESH:C566718,DOID:0110353,A retinitis pigmentosa that has_material_basis_in mutation in the RPE65 gene on chromosome 1p31.
retinitis pigmentosa 25,['EYS'],MESH:C566425,DOID:0110384,A retinitis pigmentosa that has_material_basis_in mutation in the EYS gene on chromosome 6q12.
retinitis pigmentosa 26,['CERKL'],MESH:C564249,DOID:0110368,A retinitis pigmentosa that has_material_basis_in mutation in the CERKL gene on chromosome 2q31.
retinitis pigmentosa 27,['NRL'],MESH:C563526,DOID:0110397,A retinitis pigmentosa that has_material_basis_in mutation in the NRL gene on chromosome 14q11.
retinitis pigmentosa 3,"['RPGR', 'IQCB1', 'RPGRIP1L']",MESH:C564520,DOID:0110414,A retinitis pigmentosa that has_material_basis_in mutation in the RPGR gene on chromosome Xp11.
retinitis pigmentosa 30,['FSCN2'],MESH:C564310,DOID:0110406,A retinitis pigmentosa that has_material_basis_in mutation in the FSCN2 gene on chromosome 17q25.
retinitis pigmentosa 31,['TOPORS'],MESH:C563685,DOID:0110391,A retinitis pigmentosa that has_material_basis_in mutation in the TOPORS gene on chromosome 9p21.
retinitis pigmentosa 32,['CLCC1'],MESH:C563689,DOID:0110355,A retinitis pigmentosa that has_material_basis_in variation in the chromosome region 1p21.3-p13.3.
retinitis pigmentosa 33,['SNRNP200'],MESH:C563676,DOID:0110366,A retinitis pigmentosa that has_material_basis_in mutation in the SNRNP200 gene on chromosome 2q11.
retinitis pigmentosa 35,['SEMA4A'],MESH:C565206,DOID:0110357,A retinitis pigmentosa that has_material_basis_in mutation in the SEMA4A gene on chromosome 1q22.
retinitis pigmentosa 36,['PRCD'],MESH:C566431,DOID:0110405,A retinitis pigmentosa that has_material_basis_in mutation in the PRCD gene on chromosome 17q25.
retinitis pigmentosa 37,['NR2E3'],MESH:C567005,DOID:0110399,A retinitis pigmentosa that has_material_basis_in mutation in the NR2E3 gene on chromosome 15q23.
retinitis pigmentosa 4,['RHO'],MESH:C566706,DOID:0110372,A retinitis pigmentosa that has_material_basis_in mutation in the RHO gene on chromosome 3q22.
retinitis pigmentosa 41,['PROM1'],MESH:C567422,DOID:0110376,A retinitis pigmentosa that has_material_basis_in mutation in the PROM1 gene on chromosome 4p15.
retinitis pigmentosa 42,['KLHL7'],MESH:C567854,DOID:0110386,A retinitis pigmentosa that has_material_basis_in mutation in the KLHL7 gene on chromosome 7p15.3.
retinitis pigmentosa 46,['IDH3B'],MESH:C567249,DOID:0110409,A retinitis pigmentosa that has_material_basis_in mutation in the IDH3B gene on chromosome 20p13.
retinitis pigmentosa 7,"['PRPH2', 'ROM1']",MESH:C564284,DOID:0110383,A retinitis pigmentosa that has_material_basis_in mutation in the PRPH2 gene on chromosome 6p21.
retinitis pigmentosa 9,['RP9'],MESH:C566716,DOID:0110387,A retinitis pigmentosa that has_material_basis_in mutation in the RP9 gene on chromosome 7p14.
retinoblastoma,"['MGMT', 'SERPINF1', 'RB1', 'MTR', 'IFNB1']",MESH:D012175,DOID:768,A retinal cell cancer and malignant neoplasm of retina and neuroblastoma and neuroendocrine tumors that derives_from the tissues of the retina.
rhabdoid cancer,"['SMARCA4', 'SMARCB1']",MESH:D018335,DOID:3672,"A childhood kidney neoplasm that is located_in the kidney, liver, muscle, heart, lung, soft tissues, skin and central nervous system."
rheumatic fever,"['GC', 'HLA-DRB1', 'HLA-DQA1']",MESH:D012213,DOID:1586,"A connective tissue disease that develops from an antecedent Group A Streptococcal pharyngeal infection and has_symptom carditis, has_symptom polyarthritis, has_symptom chorea, has_symptom erythema marginatum, has_symptom subcutaneous nodules, has_symptom arthralgia, has_symptom prolonged PR interval, and/or has_symptom fever."
rheumatic heart disease,"['HLA-DRB1', 'HLA-DQA1']",MESH:D012214,DOID:0050827,"A heart valve disease that is characterized by repeated inflammation with fibrinous repair caused by an autoimmune reaction to Group A beta-hemolytic streptococci (GAS) that results in valvular damage. The cardinal anatomic changes of the valve include leaflet thickening, commissural fusion, and shortening and thickening of the tendinous cords."
rheumatoid arthritis,"['CCR5', 'TYMS', 'BTNL2', 'CIITA', 'IL10', 'DNMT3B', 'ELN', 'VDR', 'SLC11A1', 'MBD4', 'HLA-DRB1', 'TNFRSF1A', 'IL2', 'PTPN22', 'IL1A', 'IL1RN', 'NPSR1', 'ITPA', 'NCF4', 'PTGS2', 'CD40', 'PLAUR', 'SPP1', 'CD244', 'SLC22A4', 'ADRB3', 'GSTM1', 'IGF2', 'IL17A', 'IFNG', 'EDN1', 'NFKBIL1', 'C4B', 'TAP2', 'OPRM1', 'IL3', 'IRF5', 'FAS', 'FCGR2A', 'THBD', 'IL23R', 'NCF2', 'ESR2', 'VIM', 'GSTT1', 'HLA-DQA1', 'FCGR3A', 'KIF5A', 'CCR1', 'STAT3', 'CAST', 'BGLAP', 'IL4R', 'MTHFR', 'CLEC16A']",MESH:D001172,DOID:7148,An arthritis that is an autoimmune disease which attacks healthy cells and tissue located_in joint.
rhinitis,"['CCR2', 'SERPINE1', 'NOD2', 'HDC', 'CCL24', 'ADAM33', 'BDKRB2', 'TLR2', 'MBL2', 'IL2', 'TAP1', 'IL1RN', 'CCL26', 'SFTPD', 'IL17A', 'CD14', 'LEP', 'CCR3', 'IL13', 'IL1B', 'CYP2D6', 'TLR6', 'IL23R', 'HLA-DQA1', 'MS4A2', 'BDNF', 'IL4R', 'CYSLTR1']",MESH:D012220,DOID:4483,"A upper respiratory infectious disease which involves irritation and inflammation of the mucous membrane of the nose due to viruses, bacteria or irritants. The inflammation results in generation of excessive amounts of mucus leading to runny nose, as well as nasal congestion and post-nasal drip."
rhinoscleroma,['HLA-DQA1'],MESH:D012226,DOID:11336,"A primary bacterial infectious disease that involves the inflammation of mucosa lining the nasal cavity, pharynx, larynx, trachea and bronchi that is characterized by the formation of granulomas, dense induration of the tissues and nodular deformity caused by Klebsiella rhinoscleromatis."
rhizomelic chondrodysplasia punctata,['AGPS'],MESH:D018902,DOID:2580,"A chondrodysplasia punctata that is characterized by disproportionately short stature primarily affecting the proximal parts of the extremities, a typical facial appearance including a broad nasal bridge, epicanthus, high-arched palate, dysplastic external ears, and micrognathia, congenital contractures, characteristic ocular involvement, dwarfism, and severe mental retardation with spasticity."
rhizomelic chondrodysplasia punctata type 2,['GNPAT'],MESH:C537607,DOID:0110852,A rhizomelic chondrodysplasia punctata that has_material_basis_in autosomal recessive inheritance of homozygous or compound heterozygous mutation in the GNPAT gene on chromosome 1q42.2.
rhizomelic chondrodysplasia punctata type 3,['AGPS'],MESH:C537608,DOID:0110853,A rhizomelic chondrodysplasia punctata that has_material_basis_in autosomal recessive inheritance of homozygous or compound heterozygous mutation in the AGPS gene on chromosome 2q31.2.
riboflavin deficiency,['SLC52A1'],MESH:D012257,DOID:8454,"A nutritional deficiency disease that is characterized by stomatitis, cheilosis, glossitis, conjunctivitis, and anemia, develops_from vitamin B2 (riboflavin) deficiency, has_symptom red chapped lips, painful swollen tongue, sore throat, blurred vision, and fatigue, and has_material_basis_in inadequate intake, endocrine disorder, liver disorder, alcoholism, and dialysis."
rickets,"['CYP27B1', 'VDR']",MESH:D012279,DOID:10609,"A bone remodeling disease that has_material_basis_in impaired mineralization or calcification of bones before epiphyseal closure due to deficiency or impaired metabolism of vitamin D, phosphorus or calcium which results_in softening and deformity located_in bone."
rigid spine muscular dystrophy 1,['SELENON'],MESH:C535683,DOID:0110633,"A congenital muscular dystrophy characterized by intrasarcoplasmic aggregates of desmin resulting in spinal rigidity, abnormal posture (limitation of neck and trunk flexure), progressive scoliosis of the spine, early marked cervico-axial muscle weakness with relatively preserved strength and function of the extremities and progressive respiratory insufficiency that has_material_basis_in homozygous or compound heterozygous mutation in the SEPN1 gene on chromosome 1p36."
ring dermoid of cornea,['PITX2'],MESH:C535684,DOID:0111548,A corneal disease characterized by annular limbal dermoids with corneal and conjunctival extension that has_material_basis_in heterozygous mutation in the PITX2 gene on chromosome 4q25.
salivary gland adenoid cystic carcinoma,['XRCC4'],MESH:D003528,DOID:4866,A salivary gland carcinoma that is characterized by a distinctive pattern in which abnormal nests or cords of epithelial cells surround and/or infiltrate ducts or glandular structures within the affected organ. These structures are typically filled with a mucous-like material or contain abnormal fibrous membranes.
sarcoidosis,"['CD14', 'CCR2', 'CCR5', 'IFNA17', 'IL23R', 'HLA-DRB1', 'BTNL2', 'HLA-B', 'PTGS2', 'AGTR1', 'ACE', 'SLC11A1', 'CTLA4']",MESH:D012507,DOID:11335,A hypersensitivity reaction type IV disease characterized by the growth of collections of inflammatory cells (granulomas) in multiple organs.
sarcosinemia,['SARDH'],MESH:C537236,DOID:0112307,An amino acid metabolic disorder characterized by increased concentrations of sarcosine in plasma and urine that has_material_basis_in homozygous or compound heterozygous mutation in the SARDH gene on chromosome 9q34.2.
scalp-ear-nipple syndrome,['KCTD1'],MESH:C536623,DOID:0111550,"An ectodermal dysplasia characterized by cutis aplasia of the scalp, breast anomalies that range from hypothelia or athelia to amastia, and minor anomalies of the external ears that has_material_basis_in heterozygous mutation in the KCTD1 gene on chromosome 18q11.2."
scapuloperoneal spinal muscular atrophy,['TRPV4'],MESH:D009134,DOID:0111552,"A motor neuron disease characterized by progressive scapuloperoneal atrophy and weakness, laryngeal palsy, congenital absence of muscles and in some cases developmental abnormalities of the bones that has_material_basis_in heterozygous mutation in the TRPV4 gene on chromosome 12q24.11."
schizophrenia,"['PPP3CC', 'KIF5C', 'CNR1', 'DNMT3B', 'PPP1R1B', 'AKT1', 'TAP1', 'GAD2', 'GSTM1', 'TPH1', 'IMPA2', 'DTNBP1', 'CHRNA7', 'ANK3', 'SLC18A1', 'CTNND2', 'GSK3B', 'ARHGAP18', 'SYN2', 'MBD2', 'ITGA8', 'UFD1', 'HPS4', 'HTR2C', 'HSPA1L', 'GRM8', 'AGER', 'CNTNAP2', 'SLC25A27', 'CHI3L1', 'OPRM1', 'GRIN2B', 'GAD1', 'ATN1', 'TRPV3', 'BCL11A', 'IL10', 'HTR2A', 'FGF1', 'DISC1', 'LRP8', 'FZD3', 'HSPA1B', 'APOL2', 'CHL1', 'NCSTN', 'CHRM2', 'DRD3', 'COMT', 'S100B', 'PAICS', 'KCNN3', 'CNP', 'DAOA', 'GRIN2A', 'FYN', 'NOTCH4', 'CACNA1I', 'CYFIP1', 'BRD1', 'NTSR1', 'FOXP2', 'GRIA4', 'HSPA1A', 'MED15', 'L1CAM', 'RTN4R', 'FOXP1', 'PAK1', 'CLDN5', 'MTHFR', 'NTRK1']",MESH:D012559,DOID:5419,A psychotic disorder that is characterized by a disintegration of thought processes and of emotional responsiveness.
schizotypal personality disorder,['AGER'],MESH:D012569,DOID:10646,"A personality disorder that involves a need for social isolation, anxiety in social situations, odd behavior and thinking, and often unconventional beliefs."
schneckenbecken dysplasia,['SLC35D1'],MESH:C536637,DOID:0050775,"An osteochondrodysplasia that is characterized by hypoplastic iliac bones, hypoplastic vertebral bodies, short ribs and broad long bones, prenatally lethal, has_material_basis_in homozygous or compound heterozygous mutation in the SLC35D1 gene on chromosome 1p31."
schwannomatosis,"['LZTR1', 'SMARCB1']",MESH:C536641,DOID:3204,A RASopathy characterized by the development of schwannomas or hybrid nerve sheath tumors.
scleroderma,['HLA-A'],MESH:D012594,DOID:419,"A rheumatic disease that involves the abnormal growth of connective tissue, which supports the skin and internal organs."
sclerosteosis,['SOST'],MESH:C537525,DOID:0060251,"A hyperostosis characterized by excessive bone formation most prominent in the skull, mandible, clavicle, ribs and diaphyses of long bones; bone formation occurs throughout life."
scoliosis,"['ELP1', 'FBN2', 'TPH1', 'FBN1']",MESH:D012600,DOID:0060249,A bone structure disease characterized by an appreciable lateral deviation in the normally straight vertical line of the spine.
sea-blue histiocytosis,[],MESH:D012618,DOID:4423,A sphingolipidosis characterized by dysfunctional metabolism of sphingolipids.
seborrheic dermatitis,['TLR2'],MESH:D012628,DOID:8741,"A dermatitis that is an inflammatory skin condition resulting in flaky, white to yellowish scales on oily areas such as the scalp or inside the ear, which is caused due to a combination of an over production of skin oil and irritation from a yeast Malassezia furfur. The symptoms include itching, skin lesions and scales, redness, plaques and hair loss."
selective pituitary thyroid hormone resistance,['THRB'],MESH:C564154,DOID:0111374,"A hyperthyroidism characterized by mild to moderate hyperthyroidism, impaired pituitary response to thyroid hormone, elevated levels of thyroid hormone, and association with thyrotoxic features that has_material_basis_in heterozygous mutation in the THRB gene on chromosome 3p24.2."
seminoma,"['SMAD4', 'KIT', 'POU5F1', 'XRCC1']",MESH:D018239,DOID:4440,A germinoma that has_material_basis_in cells that make sperm and eggs.
sensorineural hearing loss,"['MYO6', 'STRC', 'MYO1A', 'TBX1', 'HLA-B', 'MYO7A', 'TMC1', 'ITGA2', 'MYH9', 'BSND', 'CLCNKA', 'MBL2', 'HLA-DRB1', 'IL2', 'TMIE', 'IFNG', 'F2', 'GPSM2', 'KCNQ4', 'BCAP31', 'EYA4', 'GATA3', 'TMPRSS3', 'GSDME', 'WHRN', 'MYH14', 'F5', 'WFS1']",MESH:D006319,DOID:10003,"An inner ear disease that is characterized by hearing loss resulting from damage to the cochlea, auditory nerve and/or brainstem."
"sensory ataxic neuropathy, dysarthria, and ophthalmoparesis",[],MESH:C537583,DOID:0111276,"A mitochondrial metabolism disease characterized by mitochondrial dysfunction resulting in adult onset of sensory ataxic neuropathy, dysarthria, and progressive external ophthalmoparesis that has_material_basis_in homozygous or compound heterozygous mutation in POLG on 15q26.1."
sepiapterin reductase deficiency,['SPR'],MESH:C562657,DOID:0111168,"A dystonia characterized by sustained muscle contractions with diurnal fluctuations, axial hypotonia, oculogyric crises, delays in motor and cognitive development and severe dopamine and serotonin deficiencies that has_material_basis_in mutation in the SPR gene on chromosome 2p resulting in sepiapterin reductase deficiency."
septooptic dysplasia,[],MESH:D025962,DOID:0060857,"A syndrome characterized by the classical triad of optic nerve hypoplasia, pituitary gland hypoplasia and midline brain defects that has_material_basis_in mutation in the HESX1 gene on chromosome 3p14."
serous cystadenocarcinoma,['XPC'],MESH:D018284,DOID:3114,A cystadenocarcinoma that derives_from epithelial cells originating in glandular tissue forming serous lesions.
severe acute respiratory syndrome,"['CCL5', 'HLA-DRB1', 'CLEC4M', 'HLA-B', 'ACE2', 'ABO', 'IFNG']",MESH:D045169,DOID:2945,"A Coronavirus infectious disease that results_in infection located_in respiratory tract, has_material_basis_in SARS coronavirus (SARS-CoV), which is transmitted_by droplet spread of respiratory secretions, transmitted_by ingestion of contaminated food, or transmitted_by fomites. The infection has_symptom fever, has_symptom headache, has_symptom body aches, has_symptom dry cough, and has_symptom hypoxia."
severe combined immunodeficiency,"['RAG1', 'JAK3', 'ADA', 'RAG2', 'NHEJ1', 'RFX5', 'TAPBP', 'IL2RG', 'RFXANK', 'ZAP70', 'IL7R', 'CD3D', 'DCLRE1C']",MESH:D016511,DOID:627,A combined T cell and B cell immunodeficiency that is caused by a defect in infection-fighting immune cells resulting in individuals with non-functional immune systems.
severe combined immunodeficiency with sensitivity to ionizing radiation,['DCLRE1C'],MESH:C537589,DOID:0090012,"A severe combined immunodeficiency characterized by being T cell-negative, B cell-negative and natural killer cell-positive with sensitivity to ionizing radiation and that has_material_basis_in mutation in the DCLRE1C gene on chromosome 10p13."
"severe combined immunodeficiency, autosomal recessive, T cell-negative, B cell-negative, Nk cell-positive","['RAG1', 'RAG2']",MESH:C563311,DOID:0090013,"A severe combined immunodeficiency characterized by being T cell-negative, B cell-negative and natural killer cell-positive and that has_material_basis_in mutation in the RAG1 and RAG2 genes on chromosome 11p12."
severe congenital encephalopathy due to MECP2 mutation,['MECP2'],MESH:C566878,DOID:0111932,"A brain disease characterized by severe neonatal encephalopathy, developmental delay, and microcephaly that has_material_basis_in hemizygous mutation in the MECP2 gene on chromosome Xq28."
short bowel syndrome,['CLMP'],MESH:D012778,DOID:10605,An intestinal disease that is characterized by a reduced ability to absorb nutrients due to the physical loss or the loss of function of a portion of the small and/or large intestine.
sialuria,"['GNE', 'SLC17A5']",MESH:D029461,DOID:3659,A lysosomal storage disease characterized by increased sialic acid in the urine.
sickle cell anemia,"['BCL11A', 'CYP2C19', 'HBG2', 'HBE1', 'NOS3', 'GCH1', 'GSTT1', 'HBB', 'CFB', 'ALAD', 'GPX1', 'MTHFR', 'C3', 'APOB']",MESH:D000755,DOID:10923,"A blood protein disease that is characterized by low number of red blood cells, repeated infections, and periodic episodes of pain, resulting from atypical hemoglobin molecules called hemoglobin S, which can distort red blood cells into a sickle, or crescent, shape."
sideroblastic anemia,"['CALR', 'HSCB', 'ALAS2']",MESH:D000756,DOID:8955,An aplastic anemia where the bone marrow produces ringed sideroblasts rather than healthy red blood cells (erythrocytes).
silicosis,"['IL1RN', 'C3']",MESH:D012829,DOID:10325,"A pneumoconiosis that is an inflammation and scarring of the uper lobes of the lungs causing nodular lesions resulting from inhalation of silica, quartz or slate particles."
sitosterolemia,"['ABCG5', 'ABCG8']",MESH:C537345,DOID:0090019,"An intestinal disease that is characterized by autosomal recessive inheritance of unrestricted intestinal absorption of both cholesterol and plant-derived cholesterol-like molecules resulting in xanthomas, arthralgia, premature atherosclerosis, and hemolytic anemia with stomatocytosis and macrothrombocytopenia that has_material_basis_in homozygous or compound heterozygous mutation in the ABCG8 gene or in the ABCG5 gene, both of which are located on chromosome 2p21."
situs inversus,[],MESH:D012857,DOID:758,A visceral heterotaxy that is characterized by complete right-to-left reversal of the position of the major thoracic and abdominal organs.
skin cancer,['PML'],MESH:D012878,DOID:4159,An integumentary system cancer located_in the skin that is the uncontrolled growth of abnormal skin cells.
skin disease,['IL10'],MESH:D012871,DOID:37,An integumentary system disease that is located_in skin.
skin melanoma,"['ICAM1', 'DDR1', 'MMP9', 'ARHGAP44', 'GSTT1', 'VDR', 'FANCA', 'MMP1', 'CTCF', 'CDKN2A', 'GSTM1', 'OCA2', 'CCL2', 'TYR', 'BRCA2']",MESH:C562393,DOID:8923,A skin cancer that has_material_basis_in melanocytes.
sleep apnea,['IL18'],MESH:D012891,DOID:0050847,A sleep disorder characterized by repeated cessation and commencing of breathing that repeatedly disrupts sleep.
smallpox,"['MTHFR', 'IRF1']",MESH:D012899,DOID:8736,"A viral infectious disease that results in infection located in skin, has_material_basis_in Variola virus, which is transmitted by droplets from oral, nasal or pharyngeal mucosa, transmitted by contact with the body fluids, or transmitted by fomites. The infection results in formation of lesions, first on the face, hands and forearms and later on the trunk."
snowflake vitreoretinal degeneration,['KCNJ13'],MESH:C536677,DOID:0111570,"An eye degenerative disease characterized by fibrillar degeneration of the vitreous humor, early-onset cataract, minute crystalline deposits in the neurosensory retina, and retinal detachment that has_material_basis_in heterozygous mutation in KCNJ13 on chromosome 2q37.1."
social phobia,['CNTNAP2'],MESH:D000072861,DOID:11257,"A phobic disorder that involves social anxiety occurring only in specific public or social situations, interactions with others or being evaluated or scrutinized by other people."
spastic ataxia,"['CHP1', 'AFG3L2']",MESH:C564815,DOID:0050952,"A hereditary ataxia that is characterized by early onset of cerebellar ataxia, pyramidal tract signs and peripheral neuropathy."
spermatogenic failure 5,['AURKC'],MESH:C562903,DOID:0070183,"A spermatogenic failure that is characterized by autosomal recessive inheritance of large-headed, multiflagellar, polyploid spermatozoa that has_material_basis_in mutation in the AURKC gene on chromosome 19q13."
spermatogenic failure 6,['SPATA16'],MESH:D000072660,DOID:0070167,A male infertility characterized by autosomal recessive inheritance of globozoospermia that has_material_basis_in mutation in the SPATA16 gene on chromosome 3q26.
spermatogenic failure 7,[],MESH:C567832,DOID:0070173,A spermatogenic failure that is characterized by autosomal recessive inheritance of impaired or absent sperm motility and increased incidence of morphologically abnormal sperm that has_material_basis_in mutation in the CATSPER1 gene on chromosome 11q13.
sphingolipidosis,['ASAH1'],MESH:D013106,DOID:1927,A lipid storage disease characterized by functional deficiencies in the enzymes needed for lysosomal degradation of sphingolipid substrates.
spina bifida,"['MTHFD1', 'MTR', 'GLI2', 'APEX1', 'MTRR', 'MTHFR']",MESH:D016135,DOID:0080016,A neural tube defect that is characterized by incomplete closing of the spine and membranes around the spinal cord during early development.
spinal muscular atrophy,"['HEXB', 'DPP6', 'ANKRD1', 'AR', 'VAPB', 'SMN1']",MESH:D009134,DOID:12377,A motor neuron disease that is a degenerative neuromuscular disease characterized by lower motor neuron degeneration associated with progressive muscle weakness and atrophy.
spinal muscular atrophy with progressive myoclonic epilepsy,['ASAH1'],MESH:C537563,DOID:0111527,A motor neuron disease characterized by severe and progressive myoclonic epilepsy and lower-motor-neuron disease that has_material_basis_in homozygous or compound heterozygous mutation in the ASAH1 gene on chromosome 8p22.
spinocerebellar ataxia type 25,['PNPT1'],MESH:C537202,DOID:0050974,"An autosomal dominant cerebellar ataxia that is characterized by ataxia and sensory neuropathy, has_material_basis_in repeat CAG expansion on chromosome 2p15-p21."
spinocerebellar ataxia type 26,['EEF2'],MESH:C537203,DOID:0050975,"An autosomal dominant cerebellar ataxia that is characterized by slowly progressive ataxia and oculomotor abnormalities, has_material_basis_in mutation in the EEF2 gene."
spinocerebellar ataxia type 4,['ZFHX3'],MESH:D020754,DOID:0050957,"An autosomal dominant cerebellar ataxia that is characterized by progresive ataxia, dysarthria and peripheral neuropathy, has_material_basis_in mutation in the SCA4 gene."
split hand-foot malformation 4,['TP63'],MESH:C574275,DOID:0090023,A split-hand/foot malformation that has_material_basis_in heterozygous mutation in the TP63 gene on chromosome 3q28.
split hand-foot malformation 6,['WNT10B'],MESH:C574275,DOID:0090026,A split-hand/foot malformation that has_material_basis_in homozygous mutation in the WNT10B gene on chromosome 12q13.
"spondyloepimetaphyseal dysplasia, Genevieve-type",['NANS'],MESH:C535785,DOID:0080576,"A spondyloepimetaphyseal dysplasia that is characterized by infantile-onset severe developmental delay and skeletal dysplasia, including short stature, premature carpal ossification, platyspondyly, longitudinal metaphyseal striations, and small epiphyses and has_material_basis_in homozygous or compound heterozygous mutation in the NANS gene on chromosome 9q22."
"spondyloepimetaphyseal dysplasia, Missouri type",['MMP13'],MESH:C566574,DOID:0080030,"A spondyloepimetaphyseal dysplasia that has_material_basis_in mutations in the MMP13 gene which results_in a pear-shaped vertebrae, abnormal metaphyseal changes, and genu varum deformities."
"spondyloepimetaphyseal dysplasia, Pakistani type",['PAPSS2'],MESH:C567551,DOID:0050812,"A spondyloepimetaphyseal dysplasia that is characterized by short stature, short and bowed lower limbs, mild brachydactyly, kyphoscoliosis, abnormal gait, enlarged knee joints, precocious osteoarthropathy, and normal intelligence."
spondyloepiphyseal dysplasia Kimberley type,['ACAN'],MESH:C564252,DOID:0112282,A spondyloepiphyseal dysplasia that has_material_basis_in heterozygous mutation in the ACAN gene on chromosome 15q26.1.
spondyloepiphyseal dysplasia congenita,['COL2A1'],MESH:C535788,DOID:14789,"A spondyloepiphyseal dysplasia characterized by disproportionate short stature (short trunk), abnormal epiphyses, and flattened vertebral bodies that has_material_basis_in heterozygous mutation in the COL2A1 gene on chromosome 12q13.11."
spondylolysis,['SLC26A2'],MESH:D013169,DOID:2300,A bone structure disease that involves a defect located_in lumbar vertebral column.
"spondylometaepiphyseal dysplasia, short limb-hand type",['DDR2'],MESH:C564794,DOID:0112196,"A spondyloepimetaphyseal dysplasia characterized by short stature, short limbs and hands, and typical radiological features which include platyspondyly, metaphyseal, and epiphyseal involvement, short tubular bones of the limbs, and abnormal calcification of cartilage that has_material_basis_in homozygous or compound heterozygous mutation in the DDR2 gene on chromosome 1q23.3."
spondylometaphyseal dysplasia Kozlowski type,['TRPV4'],MESH:C535797,DOID:0111554,"A spondylometaphyseal dysplasia characterized by vetebral platyspondyly and overfaced pedicles, scoliosis, and mild metaphyseal abnormalities in the pelvis that has_material_basis_in heterozygous mutation in the TRPV4 gene on chromosome 12q24.11."
spondylometaphyseal dysplasia Sedaghatian type,['GPX4'],MESH:C535798,DOID:0112298,"A spondylometaphyseal dysplasia characterized by neonatal lethality, severe metaphyseal chondrodysplasia with mild limb shortening, platyspondyly, delayed epiphyseal ossification, irregular iliac crests, pulmonary hemorrhage, severe hypotonia and cardiorespiratory problems that has_material_basis_in homozygous or compound heterozygous mutation in the GPX4 gene on chromosome 19p13.3."
spondylometaphyseal dysplasia corner fracture type,['FN1'],MESH:C535793,DOID:0112297,"A spondylometaphyseal dysplasia characterized by flake-like, triangular, or curvilinear ossification centers at the edges of irregular metaphyses that simulate fractures that has_material_basis_in heterozygous mutation in FN1 on chromosome 2q35."
spondylometaphyseal dysplasia with cone-rod dystrophy,[],MESH:C563825,DOID:0112300,"A spondylometaphyseal dysplasia characterized by postnatal growth deficiency, profound short stature, rhizomelia with bowing of the lower extremities, platyspondyly with anterior vertebral protrusions, progressive metaphyseal irregularity and cupping with shortened tubular bones, and early-onset progressive visual impairment associated with a pigmentary maculopathy and electroretinographic evidence of cone-rod dysfunction that has_material_basis_in homozygous or compound heterozygous mutation in the PCYT1A gene on chromosome 3q29."
spondylosis,['KL'],MESH:D055009,DOID:2247,A bone structure disease that involves degeneration between vertebra located_in vertebral column.
squamous cell carcinoma,"['TP53', 'KMT2C', 'MANF', 'IRAK1', 'WWOX', 'GSTP1', 'IL2', 'FHIT', 'CCND1', 'STAT3', 'OCA2', 'VDR', 'LZTS1', 'RNF6', 'MTHFR', 'ING1', 'CTLA4']",MESH:D002294,DOID:1749,A carcinoma that derives_from squamous epithelial cells.
squamous cell neoplasm,['STRAP'],MESH:D018307,DOID:3168,A cell type benign neoplasm composed_of epithelial cells located_in the ectodermal or endodermal cells linking body cavities.
steatocystoma multiplex,['KRT17'],MESH:D062685,DOID:0111556,A sebaceous gland disease characterized by the presence of multiple benign sebaceous cysts that has_material_basis_in heterozygous mutation in the KRT17 gene on chromosome 17q21.2.
steatotic liver disease,"['HTR2B', 'ADRB2', 'PNPLA3', 'HTR2A', 'VDR', 'MTHFR']",MESH:D005234,DOID:9452,A lipid storage disease characterized by the accumulation of large vacuoles of triglyceride fat in at least 5% of hepatocytes.
stiff skin syndrome,['FBN1'],MESH:C566112,DOID:0111561,"A skin disease characterized by hard, thick skin, usually over the entire body, limiting joint mobility and causing flexion contractures that has_material_basis_in heterozygous mutation in the FBN1 gene on chromosome 15q21.1."
stomach cancer,"['IL6', 'TET2', 'CAPN9', 'ACVR1B', 'IL5', 'KLF6', 'IL6R', 'KMT2C', 'KDM4B', 'CASP10', 'IL10', 'ERCC6', 'PTPN11', 'IL7R', 'FGFR2', 'TMEM260', 'APC', 'ACE', 'DNMT3A', 'FOSL1', 'KDM6A', 'TP53', 'MUTYH', 'SOD2', 'XRCC1', 'MAP3K1', 'GSE1', 'IL1RN', 'GSTM1', 'TEP1', 'GPX3', 'ZFP91', 'HDAC2', 'BCOR', 'DAB2IP', 'IL1B', 'EMX2', 'NTRK3', 'LRP1B', 'IRF1', 'JAK2', 'ERCC1', 'ERBB2', 'PIK3CA', 'CXCR4', 'GPX1', 'EEF2', 'EZH2', 'CYP1A1', 'JAK1', 'MAP3K8', 'PTCH1', 'HLA-DQA1', 'GSTT1', 'BRCA1', 'ARID1A', 'ERCC5', 'CASP3', 'FUT11', 'DDR2', 'KDR', 'IL32', 'FOXA1', 'FGFR4', 'ATP4B']",MESH:D013274,DOID:10534,A gastrointestinal system cancer that is located_in the stomach.
stomach disease,[],MESH:D013272,DOID:76,A gastrointestinal system disease that is located_in the stomach.
stuttering,['AP4E1'],MESH:D013342,DOID:0060243,An articulation disorder characterized by involuntary sound repetition and disruption or blocking of speech.
subacute sclerosing panencephalitis,['ACE'],MESH:D013344,DOID:8970,A viral infectious disease that results_in infection located_in brain and that has_material_basis_in Measles virus which is immune resistant.
subcortical band heterotopia,"['EML1', 'DCX']",MESH:D054221,DOID:0111169,A congenital nervous system abnormality characterized by migration of neurons to ectopic locations in the brain where the neurons form areas that appear as band-like clusters of white tissue underneath the gray tissue of the cerebral cortex.
substance-related disorder,['FAAH'],MESH:D019966,DOID:303,"A disease of mental health involving the abuse or dependence on a substance that is ingested in order to produce a high, alter one's senses, or otherwise affect functioning."
succinic semialdehyde dehydrogenase deficiency,['ALDH5A1'],MESH:C535803,DOID:0060175,A gamma-amino butyric acid metabolism disorder that is characterized by a deficiency of succinic semialdehyde dehydrogenase resulting in elevated levels of gamma-hydroxybutyric acid.
sudden infant death syndrome,"['SCN5A', 'SNTA1', 'TSPYL1']",MESH:D013398,DOID:9007,A syndrome that is characterized by the sudden death of an infant that is not predicted by medical history and remains unexplained after a thorough forensic autopsy and detailed death scene investigation.
supravalvular aortic stenosis,['ELN'],MESH:D021921,DOID:1929,An aortic valve stenosis that is characterized by a narrowing of the section of the aorta just above the valve that connects the aorta to the heart.
sympathetic ophthalmia,['HLA-DRB1'],MESH:D009879,DOID:12029,"A panuveitis that is characterized by bilateral diffuse intraocular inflammation following penetrating trauma to an eye, has_symptom blurry vision, watering, pain, and photophobia."
syndactyly,"['IRF6', 'GLI3']",MESH:D013576,DOID:11193,A synostosis that results_in the fusion of two or more digits.
syndactyly type 3,['GJA1'],MESH:C538154,DOID:0111817,A syndactyly characterized by complete and bilateral syndactyly between the 4th and 5th fingers that has_material_basis_in heterozygous mutation in the GJA1 gene on chromosome 6q22.31.
syndactyly type 4,"['LMBR1', 'SHH']",MESH:C566092,DOID:0111818,A syndactyly characterized by complete bilateral syndactyly involving all digits 1 to 5 that has_material_basis_in heterozygous mutation of a SHH regulatory element in intron 5 of the LMBR1 gene on chromosome 7q36.3.
syndactyly type 5,['HOXD13'],MESH:C538155,DOID:0111819,A syndactyly characterized by postaxial syndactyly of the hands and feet associated with metacarpal and metatarsal fusion typically affecting the 4th and 5th or the 3rd and 4th digits that has_material_basis_in heterozygous mutation in the HOXD13 gene on chromosome 2q31.1.
syndactyly type 8,['FGF16'],MESH:C564100,DOID:0111813,A syndactyly characterized by isolated fusion of the fourth and fifth metacarpals that has_material_basis_in hemizygous or homozygous mutation in the FGF16 gene on chromosome Xq21.1.
syndactyly-telecanthus-anogenital and renal malformations syndrome,['CCNQ'],MESH:C567475,DOID:0111931,"A syndrome characterized by toe syndactyly, telecanthus and anogenital and renal malformations that has_material_basis_in heterozygous mutation in the FAM58A gene on chromosome Xq28."
syndromic X-linked intellectual disability 14,['UPF3B'],MESH:C537724,DOID:0060821,"A syndromic X-linked intellectual disability characterized by mild to severe intellectual disability, autistic features, slender build, poor musculature, long, thin face, high-arched palate, high nasal bridge, and pectus deformities that has_material_basis_in mutation in the UPF3B gene on chromosome Xq24."
syndromic X-linked intellectual disability 5,['AP1S2'],MESH:C535773,DOID:0060800,"A syndromic X-linked intellectual disability characterized by intellectual disability and variable features including; choreoathetosis, hydrocephalus, Dandy-Walker malformation, seizures, and iron or calcium deposition in the brain that has_material_basis_in mutation in the AP1S2 gene on chromosome Xp22."
syndromic X-linked intellectual disability Lubs type,['MECP2'],MESH:C537723,DOID:0060799,"A syndromic X-linked intellectual disability characterized by moderate to profound intellectual disability, infantile hypotonia, mild dysmorphic features, poor speech development, autistic features, seizures, progressive spasticity, and recurrent infections in males that has_material_basis_in duplication or triplication of the MECP2 gene on chromosome Xq28."
syndromic X-linked intellectual disability Siderius type,['PHF8'],MESH:C537333,DOID:0060812,"A syndromic X-linked intellectual disability characterized by mild to moderate intellectual disability, long face and a broad nasal tip with in some cases cleft lip/palate, preaxial polydactyly and cryptorchidism that has_material_basis_in mutation in the PHF8 gene on chromosome Xp11.22."
syndromic microphthalmia 2,['BCOR'],MESH:C537465,DOID:0111809,"A syndromic microphthalmia characterized by dental radiculomegaly, congenital cataract, microphthalmia, facial dismorphism and congenital heart disease that has_material_basis_in heterozygous mutation in the BCOR gene on chromosome Xp11.4."
syndromic microphthalmia 3,['SOX2'],MESH:C565948,DOID:0111801,"A syndromic microphthalmia characterized by clinical anophthalmia or microphthalmia, with various extraocular symptoms that has_material_basis_in heterozygous mutation in the SOX2 gene on chromosome 3q26.33."
syndromic microphthalmia 5,['OTX2'],MESH:C566441,DOID:0111806,A syndromic microphthalmia characterized by unilateral or bilateral microphthalmia or clinical anophthalmia and variable additional features that has_material_basis_in heterozygous mutation in the OTX2 gene on chromosome 14q22.3.
syndromic microphthalmia 6,['BMP4'],MESH:C566440,DOID:0111805,"A syndromic microphthalmia characterized by clinical anophthalmia or microphthalmia, retinal dystrophy, and/or myopia, associated in some cases with cerebral anomalies that has_material_basis_in heterozygous mutation in the BMP4 gene on chromosome 14q22.2."
syndromic microphthalmia 9,['STRA6'],MESH:C537768,DOID:0111807,"A syndromic microphthalmia characterized by bilateral clinical anophthalmia, pulmonary hypoplasia or aplasia, cardiac malformations, and diaphragmatic defects that has_material_basis_in homozygous or compound heterozygous mutation in the STRA6 gene on chromosome 15q24.1."
synovial sarcoma,"['SS18', 'SSX2']",MESH:D013584,DOID:5485,A synovium cancer which develops in the synovial membrane of the joints.
synovitis,['HLA-B'],MESH:D013585,DOID:2703,A connective tissue disease that results_in inflammation located_in synovial membrane that lines a synovial joint which causes pain and swelling.
syphilis,['KIR3DS1'],MESH:D002601,DOID:4166,"A primary bacterial infectious disease that is a sexually transmitted systemic disease, has_material_basis_in Treponema pallidum subsp pallidum, which is transmitted_by sexual contact, transmitted_by blood product transfusion, transmitted_by congenital method from mother to fetus or transmitted_by contact with infectious lesions. If left untreated, produces chancres, rashes, and systemic lesions in a clinical course with three stages continued over many years."
systemic lupus erythematosus,"['NAT2', 'CIITA', 'NOD2', 'IL10', 'ELN', 'SNRPD1', 'IL21', 'RPL14', 'DNASE1', 'SLC11A1', 'CTLA4', 'EPOR', 'HSPA1L', 'SNRNP70', 'MBL2', 'HLA-DRB1', 'SOD2', 'APOA1', 'IL2', 'PTPN22', 'IL1RN', 'IRF8', 'GSTM1', 'TLR5', 'CD40', 'CCL2', 'RPL12', 'AGER', 'F2', 'C4B', 'IL1B', 'BLK', 'TAP2', 'C4A', 'SNRPC', 'HSPA1A', 'KLKB1', 'BANK1', 'TREX1', 'CYP1A1', 'CR2', 'FCGR2A', 'IRF5', 'FAS', 'PDCD1', 'VIM', 'TLR9', 'STAT4', 'ESR2', 'FCGR3A', 'SNRPD2', 'SNRPD3', 'FCGR2B', 'CHAF1A', 'CAST', 'C3']",MESH:D008180,DOID:9074,"A lupus erythematosus that is an inflammation of connective tissue marked by skin rashes, joint pain and swelling, inflammation of the kidneys and inflammation of the tissue surrounding the heart."
systemic primary carnitine deficiency disease,['SLC22A5'],MESH:C536778,DOID:14365,"An amino acid metabolic disorder that involves defective proteins called carnitine transporters, which bring carnitine into cells and prevent its escape from the body preventing the body cannot utilize fats for energy."
systemic scleroderma,"['MMP3', 'NAT2', 'MMP9', 'IL1R1', 'ELN', 'SLC11A1', 'CD86', 'NOTCH4', 'PTPN22', 'GSTM1', 'ANXA5', 'IFNG', 'IL1B', 'ESR1', 'BANK1', 'IL23R', 'CAV1', 'FBN1', 'HLA-DQA1', 'STAT4', 'HGF', 'LTA', 'HNRNPL', 'CX3CR1']",MESH:D012595,DOID:418,"A scleroderma that is characterized by fibrosis (or hardening) of the skin and major organs, as well as vascular alterations, and autoantibodies."
tauopathy,[],MESH:D024801,DOID:680,A neurodegenerative disease that has_material_basis_in the pathological aggregation of tau protein in so-called neurofibrillary tangles (NFT) in the human brain.
temporal arteritis,"['MBL2', 'MMP9', 'FCGR3A', 'HLA-DRB1', 'IL4', 'MMP2', 'MFGE8', 'PTPN22', 'IL18', 'TLR4', 'ELN', 'IL17A', 'CCL2', 'IFNG', 'FCGR2A']",MESH:D013700,DOID:13375,"A central nervous system vasculitis that is characterized by inflammation of the lining of arteries, often arteries in the head."
temporal lobe epilepsy,"['AQP4', 'NPY', 'PDYN']",MESH:D004833,DOID:3328,"A focal epilepsy that is characterized by recurrent, unprovoked focal seizures that originate in the temporal lobe of the brain and last about one or two minutes."
temtamy preaxial brachydactyly syndrome,['CHSY1'],MESH:C536958,DOID:0050814,"A syndrome that is characterized by brachydactyly, hyperphalangism of digits, facial dysmorphism, dental anomalies, sensorineural hearing loss, delayed motor and mental development, and growth retardation and has_material_basis_in homozygous mutation in the CHSY1 gene."
teratoma,"['PGM1', 'PGM3', 'NME1', 'NME2']",MESH:D013724,DOID:3307,A germ cell and embryonal cancer that is an encapsulated tumor with tissue or organ components resembling normal derivatives of all three germ layers.
terminal osseous dysplasia,['FLNA'],MESH:C564554,DOID:0112149,"A syndrome characterized by skeletal dysplasia of the limbs, pigmentary defects of the skin, and recurrent digital fibroma during infancy that has_material_basis_in heterozygous mutation in the FLNA gene on chromosome Xq28."
testicular cancer,['GSTP1'],MESH:D013736,DOID:2998,A male reproductive system cancer that is located_in the testicles.
thalassemia,['GSTM1'],MESH:D013789,DOID:10241,A hemolytic anemia characterized by decreased synthesis of one or more hemoglobin polypeptide chains.
thanatophoric dysplasia,['FGFR3'],MESH:D013796,DOID:13481,An osteochondrodysplasia that results_in short arms and legs with excess folds of skin.
thiamine-responsive megaloblastic anemia syndrome,['SLC19A2'],MESH:C536510,DOID:0090117,"A syndrome that is characterized by megaloblastic anemia, non-type I diabetes mellitus, and sensorineural deafness where the anemia and sometimes diabetes is repsonsive to high doses of thiamine, and that has_material_basis_in homozygous mutation in the solute carrier family 19 member 2 (SLC19A2) gene on chromosome 1q24."
thiopurine S-methyltransferase deficiency,['TPMT'],MESH:C536512,DOID:0080172,An inherited metabolic disease that is characterized by significantly reduced activity of an enzyme that helps the body process drugs called thiopurines.
thoracic aortic aneurysm,"['PRKG1', 'FOXE3', 'THSD4', 'MMP9', 'LOX', 'MMP1', 'ACTA2', 'MYH11', 'MYLK', 'MFAP5']",MESH:D017545,DOID:14004,An aortic aneurysm that is located_in the thoracic aorta.
thrombocytopenia,"['IKZF5', 'MASTL', 'MPL', 'WAS', 'GATA1', 'IFNL3', 'THPO', 'IL10', 'ITGA2', 'MYH9', 'MBL2', 'ITPA', 'CCL2', 'ITGA2B', 'IL1B', 'TUBA8', 'ACTB', 'BRIP1', 'FCGR2A', 'FYB1', 'ANKRD26', 'F7', 'ETV6', 'RAP1B', 'ITGB3', 'PTPRJ', 'MTHFR', 'FLI1', 'CYCS']",MESH:D013921,DOID:1588,A blood platelet disease that is characterized by low a platelet count in the blood.
thrombocytopenia-absent radius syndrome,['RBM8A'],MESH:C536940,DOID:14699,A chromosomal deletion syndrome that is characterized by absence of the radius bone and platelet deficiency and bilateral absence of the radii with the presence of both thumbs and generally transient thrombocytopenia (less than 50 platelets/nL) and that has_material_basis_in compound heterozygosity for a rare null mutation involving the RBM8A gene on chromosome 1q12 on 1 allele and 1 of 2 low-frequency noncoding single-nucleotide polymorphisms in RBM8A on the other.
thrombocytosis,"['IL1B', 'MPL', 'CALR', 'JAK2', 'THPO']",MESH:D013922,DOID:2228,A blood platelet disease that is characterized by the presence of high platelet counts in the blood.
thrombophilia,"['HLA-DQA1', 'SERPINA10', 'PLG', 'FGA', 'MTHFR']",MESH:D019851,DOID:2452,A blood coagulation disease that is characterized by an increased tendency to form clots.
thrombophilia due to activated protein C resistance,['F5'],MESH:C566056,DOID:0111902,A thrombophilia characterized by resistance of F5 to cleavage and inactivation and increased tendency for thrombosis that has_material_basis_in heterozygous mutation in F5 on chromosome 1q24.2.
thrombophilia due to thrombomodulin defect,['THBD'],MESH:C566057,DOID:0111908,A thrombophilia characterized by increased risk of developing arterial but not venous thrombosis that has_material_basis_in mutation in the THBD gene on chromosome 20p11.21.
thrombophlebitis,['HLA-B'],MESH:D013924,DOID:3875,A phlebitis that results from a blood clot in the vessel.
thrombosis,"['MMP3', 'F11', 'SERPINE1', 'F2', 'MMP9', 'SERPINC1', 'VTN', 'JAK2', 'MMP1', 'F5', 'HRG', 'FGB', 'ITGA2', 'FCGR2A']",MESH:D013927,DOID:0060903,"A vascular disease caused by the formation of a blood clot inside a blood vessel, obstructing the flow of blood through the circulatory system."
thymoma,['DNMT3B'],MESH:D013945,DOID:3275,"A thymus cancer that derives_from epithelial cells located_in the thymus. The tumor cells in a thymoma look similar to the normal cells of the thymus, grow slowly, and rarely spread beyond the thymus."
thyroid dyshormonogenesis 1,['SLC5A5'],MESH:C564766,DOID:0112185,A familial thyroid dyshormonogenesis that has_material_basis_in homozygous or compound heterozygous mutation in SLC5A5 on chromosome 19p13.11.
thyroid dyshormonogenesis 2A,['TPO'],MESH:C563206,DOID:0112186,A familial thyroid dyshormonogenesis that has_material_basis_in homozygous or compound heterozygous mutation in TPO on chromosome 2p25.3.
thyroid dyshormonogenesis 3,['TG'],MESH:C562769,DOID:0112187,A familial thyroid dyshormonogenesis that has_material_basis_in homozygous or compound heterozygous mutation in TG on chromosome 8q24.22.
thyroid dyshormonogenesis 4,[],MESH:C562770,DOID:0112188,A familial thyroid dyshormonogenesis that has_material_basis_in homozygous or compound heterozygous mutation in IYD on chromosome 6q25.1.
thyroid dyshormonogenesis 5,[],MESH:C562771,DOID:0112184,A familial thyroid dyshormonogenesis that has_material_basis_in homozygous or compound heterozygous mutation in DUOXA2 on chromosome 15q21.1.
thyroid dyshormonogenesis 6,['DUOX2'],MESH:C564608,DOID:0112189,A familial thyroid dyshormonogenesis that has_material_basis_in homozygous or compound heterozygous mutation in DUOX2 on chromosome 15q21.1.
thyroid gland Hurthle cell carcinoma,['NDUFA13'],MESH:C536913,DOID:8161,"A thyroid gland follicular carcinoma that is characterized by the presence of large cells with eosinophilic granular cytoplasm and pleomorphic nuclei with prominent, eosinophilic nucleoli."
thyroid gland carcinoma,['ATP6V0C'],MESH:D013964,DOID:3963,A thyroid gland cancer that has_material_basis_in epithelial cells.
thyroid gland disease,"['DIO1', 'SECISBP2']",MESH:D013959,DOID:50,An endocrine system disease that is located_in the thyroid.
thyroid gland papillary carcinoma,"['WDR3', 'TP53', 'NRAS', 'KMT2D', 'XRCC1', 'NKX2-1', 'SRGAP1', 'MINPP1', 'HABP2', 'FOXE1']",MESH:D000077273,DOID:3969,A differentiated thyroid gland carcinoma that is characterized by the small mushroom shape of the tumor which has a stem attached to the epithelial layer and arises from the follicular cells of the thyroid gland.
tibial muscular dystrophy,['TTN'],MESH:D049310,DOID:0111078,A distal myopathy that is characterized by autosomal dominant inheritance of late-onset muscular dystrophy beginning in the anterior comparment of the legs that has_material_basis_in heterozygous mutation in the gene encoding the giant skeletal muscle protein titin (TTN) on chromosome 2q31.
tooth agenesis,"['EDA', 'BMP2', 'MSX1', 'LRP6', 'WNT10B', 'WNT10A', 'BMP4', 'PAX9', 'GREM2', 'TSPEAR']",MESH:D000848,DOID:0050591,A tooth disease characterized by failure to develop one or more missing teeth.
tooth and nail syndrome,['MSX1'],MESH:C536736,DOID:6678,"A syndrome that affects the teeth, nails, hair, and/or skin. It is characterized by absence (hypodontia) and/or malformation of certain primary (deciduous) and secondary (permanent) teeth occurring in association with improper development of the nails, particularly the toenails."
toxic encephalopathy,"['ABCB1', 'GSTP1', 'EPHX1', 'IGF1R', 'GSTM1', 'ABCG2']",MESH:D020258,DOID:3602,"A nervous system disease that results from exposure to neurotoxicants and is characterized by an altered mental status, memory loss, and visual problems."
toxic shock syndrome,"['SERPING1', 'SERPINE1', 'MBL2', 'ADRB2', 'SERPINC1', 'TFPI', 'HSPA1B', 'IL1RN', 'IL10', 'ACE']",MESH:D012772,DOID:14115,"A commensal bacterial infectious disease that results_in infection, has_material_basis_in Streptococcus pyogenes or has_material_basis_in Staphylococcus aureus, which produce toxins that are absorbed systemically and produce the systemic manifestations. The infection has_symptom fever, has_symptom rash, has_symptom hypotension, has_symptom multiorgan failure, has_symptom desquamation, has_symptom vomiting, has_symptom diarrhea, has_symptom headache, and has_symptom nonfocal neurologic abnormalities."
toxoplasmosis,['NFKBIA'],MESH:D014123,DOID:9965,"A coccidiosis that has_material_basis_in protozoan Toxoplasma gondii. The parasite effects most genera of warm-blooded animals, including humans, but the primary host is the felid (cat) family. Animals are infected by eating infected meat, by ingestion of feces of a cat that has itself recently been infected, or transmission_by mother to fetus. The symptoms include bilateral, nontender cervical or axillary lymphadenopathy, fever, malaise, myalgia, hepatosplenomegaly, anemia and leukopenia."
trachoma,"['IL10', 'HLA-B', 'CXCL8']",MESH:D014141,DOID:11265,"A commensal bacterial infectious disease that results_in infection located_in eye, has_material_basis_in Chlamydia trachomatis (A, B, Ba and C serovars), which is transmitted_by contact with eye discharge from the infected person and transmitted_by congenital method. The infection causes eyelid to turn inward which makes eyelashes to scratch the cornea."
transient bullous dermolysis of the newborn,['COL7A1'],MESH:C536979,DOID:0111345,"An epidermolysis bullosa dystrophica characterized by generalized blistering at birth that usually regresses by 6 to 24 months of age that has_material_basis_in heterozygous, compound heterozygous or homozygous mutation in COL7A1 on chromosome 3p21.31."
transient cerebral ischemia,"['SERPINF1', 'NAMPT', 'SOD1', 'CSF3', 'TFPI', 'IL1RN', 'ERCC1', 'F12', 'GOT1', 'EPO']",MESH:D002546,DOID:224,A brain ischemia that is characterized by ischemia of brief duration and without resultant tissue death.
transitional cell carcinoma,"['NAT2', 'APC', 'CDKN2B', 'MSH2', 'BCL2L1', 'FGFR3', 'XRCC1', 'IGFBP3', 'CD44', 'GSTM1', 'SFN', 'RASSF1', 'RAD50', 'BCL2', 'TYMP', 'BIRC5', 'TP63', 'CCND2', 'CDKN2A', 'OGG1', 'MTHFR']",MESH:D002295,DOID:2671,A carcinoma that derives_from transitional epithelial cells.
trichodontoosseous syndrome,['DLX3'],MESH:C536549,DOID:0111565,"A syndrome characterized by curly kinky hair at birth, enamel hypoplasia, taurodontism, thickening of cortical bones and variable expression of craniofacial morphology that has_material_basis_in heterozygous mutation in the DLX3 gene on chromosome 17q21.33."
trichorhinophalangeal syndrome type I,['TRPS1'],MESH:C536820,DOID:14743,"A syndrome that is characterized by short stature, sparse hair, a bulbous nasal tip and cone-shaped epiphyses (the growing ends of bones), as well as severe generalized shortening of all finger and toe bones (brachydactyly)."
trichothiodystrophy,"['ERCC3', 'MARS1', 'AARS1']",MESH:D054463,DOID:0111866,"A syndrome characterized by sparse, brittle, sulfur-deficient hair that is easily broken and in more severe cases delayed development, significant intellectual disability, and recurrent infections."
trichotillomania,['SLITRK1'],MESH:D014256,DOID:0050587,An impulse control disorder that involves the uncontrollable plucking of ones hair.
trimethylaminuria,[],MESH:C536561,DOID:0080361,An inherited metabolic disorder characterized by the inabilty to break down trimethylamine and has_material_basis_in homozygous or compound heterozygous mutation in the gene encoding flavin-containing monooxygenase-3 on chromosome 1q24.
triosephosphate isomerase deficiency,['TPI1'],MESH:C566029,DOID:0050884,"A glucose metabolism disorder that is characterized by chronic haemolytic anaemia, cardiomyopathy, susceptibility to infections and severe neurological dysfunction, and has_material_basis_in the triosephosphate isomerase enzyme (TPI1) gene inherited as an autosomal recessive trait."
tropical spastic paraparesis,"['HNRNPA1', 'NFKB1', 'KLRK1']",MESH:D015493,DOID:321,"A viral infectious disease that results in inflammation located in spinal cord, has_material_basis_in Human T-lymphotropic virus 1, which is transmitted by sexual contact, and transmitted by breast feeding. The infection has symptom spastic weakness of both legs, has symptom muscle stiffness, has symptom sensory disturbance, and has symptom spasms."
tuberculoid leprosy,['TAP2'],MESH:D015441,DOID:1025,A leprosy that results in one erythematous large plaque with well-defined borders that are elevated and that slope down into an atrophic center.
tuberculosis,"['CXCL8', 'BTNL2', 'HLA-B', 'VDR', 'TLR2', 'SLC11A1', 'SP110', 'NRG1', 'HLA-DRB1', 'KIR3DL1', 'EREG', 'CYP2B6', 'SPP1', 'TIRAP', 'IFNG', 'CYP2C19', 'TLR1', 'KIR3DS1', 'TNFRSF1B', 'CCL1', 'TLR6', 'NFE2L2', 'CISH', 'IRGM', 'CD209', 'HLA-A']",MESH:D014375,DOID:399,"A primary bacterial infectious disease that is located_in lungs, located_in lymph nodes, located_in pericardium, located_in brain, located_in pleura or located_in gastrointestinal tract, has_material_basis_in Mycobacterium tuberculosis, which is transmitted_by droplets released into the air when an infected person coughs or sneezes."
tuberous sclerosis,"['TSC1', 'TSC2']",MESH:D014402,DOID:13515,A syndrome that is characterized by the growth of numerous noncancerous tumors in many parts of the body.
tuberous sclerosis 1,['TSC1'],MESH:C565346,DOID:0080324,A tuberous sclerosis that is characterized by hamartomas in multiple organ systems and has_material_basis_in heterozygous mutation in the TSC1 gene on chromosome 9q34.
tuberous sclerosis 2,"['TSC2', 'IFNG']",MESH:C566021,DOID:0080325,"A tuberous sclerosis that is characterized by hamartomas in multiple organ systems and has_material_basis_in autosomal dominant inheritance of heterozygous mutation in the TSC2 gene, which encodes tuberin, on chromosome 16p13."
type 1 diabetes mellitus,"['APOM', 'IL1R1', 'BCHE', 'CD38', 'TF', 'CCL5', 'HLA-DRB1', 'SOD2', 'TAP1', 'GAD2', 'GSTM1', 'PTPRN', 'SREBF2', 'PTH', 'CXCL12', 'IL2RA', 'BANK1', 'EIF2AK3', 'GC', 'SOD1', 'RAN', 'CFB', 'HLA-DPB1', 'IAPP', 'IL15', 'IL6', 'CCR2', 'ICAM1', 'CYP27B1', 'ALDH2', 'CBLB', 'CTLA4', 'IGF2R', 'IGF1', 'IL2', 'PTPN22', 'IGFBP3', 'IL1RN', 'REG1A', 'HNF1A', 'AGER', 'CD80', 'IL1B', 'HLA-DPA1', 'HLA-DQA1', 'WFS1', 'CD28', 'NEUROD1', 'ACP1', 'XYLT1', 'CD86', 'PAX4', 'CYP2R1', 'CEL', 'PTPRN2', 'ETS1', 'GH1', 'AIF1', 'PRRC2A', 'APOC3', 'ACE', 'TLR2', 'SLC11A1', 'FOXP3', 'DDX39B', 'NOTCH4', 'IL1A', 'ISL1', 'HSD11B2', 'SH2B3', 'TAP2', 'F7', 'TLR3', 'LTA', 'ITPR3', 'MTHFR', 'CLEC16A']",MESH:D003922,DOID:9744,A diabetes mellitus that is characterized by destruction of pancreatic beta cells resulting in absent or extremely low insulin production.
type 2 diabetes mellitus,"['PCK1', 'GLO1', 'APOM', 'CNR1', 'ADIPOR2', 'CD36', 'CD38', 'BCHE', 'HNF1B', 'CASP9', 'PCSK2', 'SOD2', 'CASQ1', 'GSTM1', 'MAPK8IP1', 'SLC2A1', 'SREBF2', 'IFNG', 'GCGR', 'GCH1', 'PTH', 'GCKR', 'CDKAL1', 'RETN', 'KCNQ1', 'CYP1A1', 'PPARGC1A', 'SOD1', 'SGCG', 'MAPK8', 'ADAM17', 'FTO', 'IAPP', 'IL6', 'ADIPOQ', 'IKBKB', 'CYP11B2', 'ABCA1', 'ALDH2', 'TLR4', 'BMAL2', 'GNB3', 'ITGA2', 'MT2A', 'IGF2R', 'IGF1', 'LEPR', 'AKR1B1', 'GSTP1', 'ABCC8', 'IGFBP3', 'IL1RN', 'CPE', 'DRD2', 'IDE', 'PTPN1', 'HNF1A', 'GRB14', 'SLC2A2', 'AGER', 'IL1B', 'PON1', 'UBE2E2', 'PLA2G7', 'GIP', 'PIK3R1', 'NEUROG3', 'PRKAA2', 'GHRL', 'SHBG', 'HLA-DQA1', 'HK2', 'AXL', 'ABCB1', 'TCF7L2', 'STAT3', 'HSD11B1', 'WFS1', 'INSR', 'LIPC', 'FOXA2', 'IL10', 'NEUROD1', 'ACP1', 'ADRA2A', 'HMOX1', 'KLF11', 'MAPK9', 'APOD', 'SERPINF1', 'ALDOB', 'PLAT', 'FXN', 'HSPA1B', 'NOS2', 'GPX3', 'PAX4', 'APOB', 'CEL', 'ENPP1', 'SORBS1', 'KIF6', 'PPP1R3A', 'UCP1', 'GHR', 'GSTT1', 'LPL', 'NPY', 'NR0B2', 'CADM2', 'VPS26A', 'SLC2A4', 'DPP4', 'GFPT2', 'PKLR', 'CYP2C9', 'CYB5R4', 'AGRP', 'INPPL1', 'HMGA1', 'ACE', 'PTPRD', 'FFAR1', 'CACNA1D', 'CDK4', 'LMNA', 'PNPLA3', 'XRCC1', 'CAPN10', 'APOA5', 'PARL', 'FABP3', 'ADRB3', 'GP6', 'AHSG', 'ISL1', 'MTHFR', 'LEP', 'GCK', 'PDX1', 'ADRA2B', 'SREBF1', 'ESR1', 'SOD3', 'SPHK1', 'UCP3', 'CLPS', 'HIF1A', 'KCNJ11', 'FASLG', 'F7', 'NR1H2', 'IGF2BP2', 'GPD2', 'PPARG', 'P2RY12', 'MTNR1B', 'PON2', 'LTA', 'HMGCR', 'PPARD', 'IRS2', 'HNF4A', 'RBP4']",MESH:D003924,DOID:9352,"A diabetes mellitus that is characterized by high blood sugar, insulin resistance, and relative lack of insulin."
typhoid fever,"['HLA-DRB1', 'LTA']",MESH:D014435,DOID:13258,"A primary bacterial infectious disease that is a communicable systemic illness, has_material_basis_in Salmonella enterica subsp enterica serovar Typhi, which is transmitted_by ingestion of food or water contaminated with the feces of an infected person. The infection has_symptom fever, has_symptom diarrhea, has_symptom prostration, has_symptom headache, has_symptom splenomegaly, has_symptom liver enlargement, has_symptom eruption of rose-colored spots, and has_symptom leukopenia."
ulcerative colitis,"['IL23R', 'APOA4', 'GC', 'PTGER4', 'GSTT1', 'BTNL2', 'CYP24A1', 'ABCB1', 'JAK2', 'IL1RN', 'STAT3', 'GSTM1', 'MTRR', 'SLC11A1', 'FCGR2A']",MESH:D003093,DOID:8577,"A colitis that is predominantly confined to the mucosa located_in colon and includes characteristic ulcers, or open sores."
ulnar-mammary syndrome,['TBX3'],MESH:C536937,DOID:0060614,"A syndrome that is characterized by posterior limb deficiencies or duplications, apocrine/mammary gland hypoplasia and, or dysfunction, abnormal dentition, delayed puberty in males, and genital anomalies and that has_material_basis_in heterozygous mutation in the TBX3 gene."
urinary bladder cancer,"['CHEK2', 'SERPINE1', 'NAT2', 'AXIN1', 'SOX4', 'FGF2', 'CYP2C9', 'MTR', 'TGFBR1', 'FGFR2', 'FGF1', 'TLR2', 'PMS2', 'SLC11A1', 'CASP9', 'MGMT', 'CDK4', 'MSH2', 'CDKN2B', 'DAPK1', 'ATP5MC2', 'AMACR', 'XRCC1', 'MRE11', 'GSTP1', 'IL2', 'MMP1', 'IL1RN', 'CDK1', 'GSTM1', 'PTGS2', 'WIF1', 'TNFRSF10A', 'TMEFF2', 'SOCS1', 'CDC25A', 'RUNX3', 'MTHFR', 'FGFR3', 'CDH13', 'RASSF1', 'BCL2', 'APEX1', 'ERBB2', 'PLAU', 'HSPA1A', 'CYP1A1', 'FAS', 'TIMP3', 'FASLG', 'PLK1', 'RB1', 'GSTT1', 'BRCA1', 'MAP2K4', 'FANCA', 'FHIT', 'EPHX1', 'KDR', 'CDKN2A', 'MUC5B', 'TERT', 'CXCR2', 'XDH']",MESH:D001749,DOID:11054,An urinary system cancer that results_in malignant growth located_in the urinary bladder.
urinary schistosomiasis,"['STAT6', 'CTLA4']",MESH:D012553,DOID:1394,"A schistosomiasis that involves parasitic infection of the urinary tract caused by a digenetic trematode Schistosoma haematobium causing cystitis, ureteritis, fibrosis of the bladder and haematuria, which can progress to bladder cancer."
urinary tract infection,"['CXCL8', 'TLR4', 'HSPA1B', 'LCN2', 'TLR2', 'CXCR1']",MESH:D014552,DOID:0080784,"An urinary system disease that is characterized by an infection in any part of the urinary system, including the kidneys, ureters, bladder or urethra."
urocanase deficiency,[],MESH:C536479,DOID:0112180,A histidine metabolism disease characterized by urocanic aciduria and other variable manifestations including intellectual disability and intermittent ataxia that has_material_basis_in mutation homozygous or compound heterozygous in the UROC1 gene on chromosome 3q21.3.
urofacial syndrome,['HPSE2'],MESH:C536480,DOID:0050816,A syndrome that is characterized by inverted facial expressions in association with a severe and early-onset form of dysfunctional urinary voiding.
urolithiasis,['PLAU'],MESH:D052878,DOID:0080653,A urinary system disease that is characterized by the formation of stony concretions in the bladder or urinary tract.
uterine cancer,['AURKA'],MESH:D014594,DOID:363,A female reproductive organ cancer that is located_in the uterus.
uterine fibroid,"['COL4A1', 'DAPK1', 'BET1L', 'ADA', 'COL4A2', 'GSTM5', 'NUAK1', 'TNRC6B', 'COL6A3']",MESH:D007889,DOID:13223,An uterine benign neoplasm derived from the smooth muscle layer of the uterus.
uveal coloboma-cleft lip and palate-intellectual disability,['YAP1'],MESH:C535971,DOID:0111249,"A syndrome characterized by uveal coloboma and variable degrees of orofacial clefting, intellectual disability, and hearing impairment that has_material_basis_in heterozygous mutation in YAP1 on 11q22.1."
uveal melanoma,"['BAP1', 'SERPINE1', 'BRCA2', 'MBD4']",MESH:C536494,DOID:6039,A uveal cancer that has_material_basis_in uvea pigment cells.
uveitis,"['IL6', 'IL23R', 'TGFB1', 'GC', 'SERPINF1', 'IL1B', 'IL13', 'HLA-DRB1', 'TNFRSF1A', 'IL10', 'HLA-B', 'HLA-A', 'HSPA1L']",MESH:D014605,DOID:13141,"An uveal disease is characterized by inflammation of any of the layers of the uvea of the eye, which includes the iris, ciliary body, and choroid."
uveoparotid fever,['HLA-DRB1'],MESH:D014608,DOID:13404,"A sarcoidosis that is characterized by unilateral facial nerve palsy, parotid gland enlargement, anterior uveitis, and low grade fever, and develops_from a type IV hypersensitivity reaction with noncaseating granulomatous infiltration of especially the parotid glands which compresses the facial nerve."
varicose veins,"['MMP9', 'MMP1']",MESH:D014648,DOID:799,"A vein disease that is characterized by swollen, twisted veins visible just under the surface of the skin."
vascular dementia,"['GCLM', 'PON2', 'RPGRIP1L', 'IGF1R', 'HSPA1A', 'SREBF2']",MESH:D015140,DOID:8725,A dementia that involves impairments in cognitive function caused by problems in blood vessels that feed the brain.
vascular disease,"['IL1RN', 'GLO1', 'CPS1']",MESH:D000783,DOID:178,"A cardiovascular system disease that primarily affects the blood vessels which includes the arteries, veins and capillaries that carry blood to and from the heart."
vasculitis,"['NOS3', 'SERPINA3', 'MPO', 'CAST']",MESH:D014657,DOID:865,A vascular disease that is characterized by inflammation of the blood vessels.
velocardiofacial syndrome,['TBX1'],MESH:D004062,DOID:12583,A chromosomal deletion disease that has_material_basis_in da 1.5- to 3.0-Mb hemizygous deletion of chromosome 22q11.2 and that is characterized by variable developmental problems and schizoid features. Haploinsufficiency of the TBX1 gene in particular is responsible for most of the physical malformations.
venous insufficiency,['GSTT1'],MESH:D014689,DOID:10128,A vein disease that is characterized by impaired flow of blood through the veins.
ventricular septal defect,"['ISL1', 'MMP9', 'GATA4', 'CITED2', 'TBX20', 'TBX1', 'SALL4', 'GATA5', 'NKX2-5', 'NKX2-6', 'GATA6', 'NFATC1']",MESH:D006345,DOID:1657,"A heart septal defect characterized by an opening in the interventricular septum, causing a shunt between ventricles."
ventriculomegaly - cystic kidney disease,['CRB2'],MESH:C565657,DOID:0111625,A syndrome characterized by onset in utero of dilated cerebral ventricles and microscopic renal tubular cysts that has_material_basis_in homozygous or compound heterozygous mutation in the CRB2 gene on chromosome 9q33.3.
vesicoureteral reflux,"['ROBO2', 'AGTR2', 'IFNG', 'TNXB']",MESH:D014718,DOID:9620,A ureteral disease characterized by backward flow of urine from the urinary bladder into the ureter.
vesiculobullous skin disease,['FERMT1'],MESH:D012872,DOID:2731,A bullous skin disease that is characterized by fluid filled blisters.
vestibular schwannomatosis,"['NF2', 'VEGFA', 'SMARCB1']",MESH:D016518,DOID:0111252,"A schwannomatosis characterized by bilateral vestibular schwannomas or a combination of unilateral vestibular schwannomas, non-vestibular schwannomas, meningiomas, ependymomas, and specific eye abnormalities that has_material_basis_in heterozygous mutation in the NF2 gene on chromosome 22q12.2. Eye abnormalities include juvenile subcapsular or cortical cataract, epiretinal membrane in a person less than 40 years old, and retinal hamartoma. This disease has been revised by international consensus. It was previously referred to as neurofibromatosis 2."
vibratory urticaria,['ADGRE2'],MESH:D000094482,DOID:1554,"A physical urticaria that is characterized by itching, reddish skin and swelling within minutes of local exposure to dermal vibration and that has_material_basis_in heterozygous mutation in the ADGRE2 gene on chromosome 19p13."
viral encephalitis,['CXCL8'],MESH:D004671,DOID:646,An encephalitis that involves inflammation of the brain caused by viral infection.
viral hepatitis,['IL2'],MESH:D006524,DOID:1884,A hepatitis that involves viral infection causing inflammation of the liver.
viral infectious disease,['DOCK8'],MESH:D001102,DOID:934,"A disease by infectious agent that results in infection, has_material_basis_in Viruses."
viral pneumonia,['TLR9'],MESH:D011024,DOID:10533,"A pneumonia described as an inflammatory illness of the lung commonly caused by viruses such as influenza virus, parainfluenza, adenovirus, rhinovirus, herpes simplex virus, respiratory syncytial virus, hantavirus, and cytomegalovirus."
visceral leishmaniasis,"['CXCL8', 'HLA-DQA1', 'MBL2', 'IL2RB', 'CSF2', 'LTA', 'IL32', 'SLC11A1']",MESH:D007898,DOID:9146,"A leishmaniasis that is the most severe form of the disease caused by protozoan parasites of the Leishmania genus, resulting in the infection of the internal organs such as liver, spleen and bone marrow. The symptoms include fever, weight loss, and an enlarged spleen and liver."
visual impairment and progressive phthisis bulbi,['MARK3'],MESH:D005128,DOID:0070356,"An eye disease that is characterized by poor vision at birth, with development of bilateral phthisis by adulthood and that has_material_basis_in homozygous mutation in the MARK3 gene on chromosome 14q3."
vitamin B12 deficiency,['FUT2'],MESH:D014806,DOID:0050731,A vitamin metabolic disorder that results from low blood levels of vitamin B12.
vitamin K deficiency bleeding,['BGLAP'],MESH:D014813,DOID:11249,"A nutritional deficiency disease that is characterized by easy bleeding due to an inability to form blood clots caused by vitamin K deficiency, occurs most commonly in newborns, and has_material_basis_in deficiency of vitamin K secondary to liver prematurity, lack of vitamin K in a breastmilk diet, largely sterile gut, malabsorption, diarrhea, chronic illness, menorrhagia, chronic kidney disease, and some medications."
vitelliform macular dystrophy,"['IMPG1', 'PRPH2', 'HTRA1', 'BEST1']",MESH:D057826,DOID:0050661,"A macular degeneration that it is characterized by the disruption of cells in a small area near the center of the retina, the macula and may cause progressive vision loss."
vitiligo,"['TLR4', 'VDR', 'TLR2', 'CTLA4', 'MBL2', 'HLA-DRB1', 'SOD2', 'PTPN22', 'NLRP1', 'IFNG', 'PSMB9', 'CAT', 'C4A', 'TYR', 'HSPA1A', 'ESR1', 'FOXD3', 'HLA-DQA1', 'COMT', 'HGF']",MESH:D014820,DOID:12306,An autoimmune disease that causes depigmentation of patches of skin resulting from loss of function or death of melanoctyes.
von Willebrand's disease,['F3'],MESH:D014842,DOID:12531,"A blood coagulation disease that is a hereditary abnormality which slows the blood clotting process. It arises from a qualitative or quantitative deficiency of von Willebrand factor (vWF), a multimeric protein that is required for platelet adhesion."
von Willebrand's disease 1,"['ITGA2', 'PLAT', 'ITGA2B']",MESH:D056725,DOID:0060573,A von Willebrand's disease characterized by quantitative partial deficiency of circulating VWF that has_material_basis_in heterozygous mutation in the VWF gene on chromosome 12p13.
von Willebrand's disease 2,['ITGA2'],MESH:D056728,DOID:0060574,A von Willebrand's disease characterized by qualitative but not quantitative abnormalities of the VWF protein that has_material_basis_in mutation in the VWF gene which maps to chromosome 12p13.
von Willebrand's disease 3,[],MESH:D056729,DOID:0111054,"A von Willebrand's disease characterized by autosomal recessive inheritance of a severe quantitative defect or virtual absence of VWF in plasma, prolonged bleeding time, and more severe bleeding tendencies compared to the other types of von Willebrand disease that has_material_basis_in homozygous or compound heterozygous mutation in the VWF gene which maps to chromosome 12p13."
vulva cancer,"['NOS3', 'HLA-DRB1', 'HLA-A']",MESH:D014846,DOID:1245,A female reproductive organ cancer that is located_in the vulva.
vulvovaginal candidiasis,['MBL2'],MESH:D002181,DOID:2272,"A candidiasis that involves fungal infection of the vaginal mucous membranes in women caused by Candida albicans. The symptoms include intense vulval pruritus, burning, erythema and dyspareunia associated with a creamy white, curd-like discharge."
wrinkly skin syndrome,['ATP6V0A2'],MESH:C536750,DOID:0112171,"A syndrome characterized by sagging or wrinkly skin, reduced skin elasticity, delayed closure of the fontanel, typically mild developmental delay, and variable other skeletal, neurological and facial features that has_material_basis_in homozygous or compound heterozygous mutation in the ATP6V0A2 gene on chromosome 12q24.31."
xanthinuria type I,['XDH'],MESH:C562584,DOID:0070452,A xanthinuria characterized by isolated deficiency of xanthine dehydrogenase that has_material_basis_in homozygous or compound heterozygous mutation in the XDH gene on chromosome 2p23.
xanthinuria type II,['MOCOS'],MESH:C566358,DOID:0070453,A xanthinuria characterized by deficiency of xanthine dehydrogenase and aldehyde oxidase that has_material_basis_in homozygous or compound heterozygous mutation in the MOCOS gene on chromosome 18q12.
xeroderma pigmentosum,"['XPC', 'ERCC3', 'DDB2', 'XPA', 'ERCC4']",MESH:D014983,DOID:0050427,A syndrome that is characterized by a deficiency in the ability to repair ultraviolet damage that has_material_basis_in autosomal recessive inheritance of DNA repair.
xeroderma pigmentosum variant type,['POLH'],MESH:C536766,DOID:0110847,"A xeroderma pigmentosum characterized by normal DNA excision repair, but defective postreplication repair that has_material_basis_in mutations in the POLH gene on chromosome 6p21.1."
